Technique,Model,Use_Case,Pre_Compression_Accuracy (%),Post_Compression_Accuracy (%),Model_Size_MB_Before,Model_Size_MB_After,Inference_Time_Before (ms),Inference_Time_After (ms),Energy_Consumption_After (mWh),Device_Type,Network_Availability,Location
Pruning,ResNet18,Healthcare,84.5,83.7,9.1,3.4,212.5,139.2,20.2,Low-End,Good,Odisha
Quantization,EfficientNet,Healthcare,88.2,87.5,29.7,19.4,541.7,331.7,19.1,Mid-Range,Moderate,Chhattisgarh
Knowledge Distillation,ResNet18,Agriculture,85,83,41.7,25.3,392.5,203.2,16.7,Mid-Range,Moderate,Chhattisgarh
Weight Sharing,EfficientNet,Agriculture,83.7,81.3,98.2,57.2,306.9,241.4,30.4,Mid-Range,Moderate,Chhattisgarh
Pruning,MobileNetV2,Education,89.7,87,86.6,38.1,303.5,168.9,35.5,Mid-Range,Good,Jharkhand
Quantization,ResNet18,Healthcare,88.1,87.3,90,27.2,371.2,244.3,20.3,Low-End,Good,Assam
Knowledge Distillation,SqueezeNet,Agriculture,92,90.9,44.7,21.8,366.4,282.8,22.3,Low-End,Poor,Manipur
Weight Sharing,SqueezeNet,Education,85.9,85.1,37.5,25.6,460.9,349.4,19.1,Mid-Range,Moderate,Jharkhand
Pruning,ResNet18,Agriculture,93.9,93,39.3,17.2,174.2,131.6,37.9,Low-End,Moderate,Jharkhand
Quantization,EfficientNet,Agriculture,91.5,90.8,18.1,11.1,445.9,234.1,26.4,Low-End,Good,Chhattisgarh
Knowledge Distillation,MobileNet,Healthcare,94,91.7,96.9,62,461.5,240.9,23.5,Low-End,Good,Assam
Weight Sharing,SqueezeNet,Healthcare,89.8,87,11.2,7.6,519,288.7,36.4,Low-End,Moderate,Tamil Nadu
Pruning,ResNet50,Healthcare,88.6,87.5,34.8,17.8,503.1,388.6,39.2,Mid-Range,Moderate,Manipur
Quantization,MobileNetV2,Agriculture,86.2,83.5,93.3,46.2,473.7,289.5,27.4,Low-End,Poor,Jharkhand
Knowledge Distillation,EfficientNet,Agriculture,90.3,87.8,42.5,20.9,378.3,261.7,23.4,Mid-Range,Good,Jharkhand
Weight Sharing,MobileNet,Healthcare,89,87.6,35.7,22.2,384.3,250.5,19.8,Low-End,Poor,Rajasthan
Pruning,MobileNet,Education,86.3,84.2,43.3,16.8,447.7,302.1,34.1,Low-End,Poor,Tamil Nadu
Quantization,MobileNet,Healthcare,87.9,86,81.8,37.5,298.9,198.6,18.1,Mid-Range,Good,Andhra Pradesh
Knowledge Distillation,ResNet50,Agriculture,91.9,90.8,54.8,22.9,523.5,328,11.3,Low-End,Moderate,Madhya Pradesh
Weight Sharing,MobileNet,Education,92,90.2,84.8,25.7,337.6,214.6,39.1,Low-End,Good,West Bengal
Pruning,EfficientNet,Healthcare,85.2,82.4,43.2,23,231.8,128.1,17.6,Mid-Range,Poor,West Bengal
Quantization,MobileNetV2,Agriculture,92,91.4,55.3,38.5,554.2,351.4,21.3,Mid-Range,Moderate,Madhya Pradesh
Knowledge Distillation,MobileNetV2,Healthcare,85.9,84.1,79.1,34.1,466.7,254.7,32.2,Low-End,Moderate,Madhya Pradesh
Weight Sharing,EfficientNet,Education,86,84.1,4.5,2.8,247.8,128.8,31.3,Mid-Range,Moderate,Rajasthan
Pruning,SqueezeNet,Healthcare,86.8,85.7,11,4.5,153.1,87.8,30.7,Low-End,Moderate,Madhya Pradesh
Quantization,EfficientNet,Agriculture,92.4,89.5,62.7,43.6,501.5,296.9,32.1,Mid-Range,Good,Bihar
Knowledge Distillation,ResNet50,Healthcare,89.1,86.6,83.2,48.9,359.9,187.6,29.5,Mid-Range,Poor,Assam
Weight Sharing,EfficientNet,Education,88.2,87.5,97.2,60.1,293.3,213.6,27.4,Mid-Range,Poor,Madhya Pradesh
Pruning,MobileNet,Education,93.8,92.3,71.8,49.9,365.6,186.5,16.4,Low-End,Moderate,Chhattisgarh
Quantization,MobileNetV2,Education,91.3,90.1,89,36.8,260.1,144.3,24.6,Mid-Range,Poor,West Bengal
Knowledge Distillation,MobileNetV2,Agriculture,92.4,91.5,61.2,19.6,470.5,341.8,16.8,Low-End,Poor,Assam
Weight Sharing,ResNet18,Education,92.3,91.1,29.2,11.6,370.2,215.2,39.7,Low-End,Poor,West Bengal
Pruning,SqueezeNet,Healthcare,88,87.3,89.1,48.5,527.2,379.8,36,Mid-Range,Good,Jharkhand
Quantization,SqueezeNet,Healthcare,84.9,83.5,79.8,53.6,176.3,94.4,12.4,Low-End,Good,Bihar
Knowledge Distillation,ResNet18,Education,93.8,92.8,15.5,5.9,335,250.1,29.1,Mid-Range,Poor,Rajasthan
Weight Sharing,MobileNetV2,Agriculture,91.5,88.9,74.4,22.5,324.3,171,32.1,Low-End,Moderate,Bihar
Pruning,SqueezeNet,Education,86.3,83.3,94.8,60.2,554.2,361.2,22.9,Mid-Range,Good,Chhattisgarh
Quantization,MobileNetV2,Agriculture,83.3,81.7,7.7,4.6,159.4,83.3,17.6,Low-End,Poor,Jharkhand
Knowledge Distillation,ResNet18,Education,93.5,91.2,36.9,23.5,380.5,243,33.8,Low-End,Good,Chhattisgarh
Weight Sharing,ResNet18,Healthcare,92.7,91.3,55,33.2,180.2,139.6,16.9,Mid-Range,Poor,Madhya Pradesh
Pruning,ResNet50,Healthcare,83.1,80.6,42.9,23.8,269.5,172.7,10,Low-End,Good,Bihar
Quantization,ResNet50,Agriculture,89.7,89.1,47.4,25.9,591.1,309.8,24.3,Mid-Range,Poor,Andhra Pradesh
Knowledge Distillation,MobileNet,Education,92.9,92,86.8,59.2,533.8,400.3,18.6,Low-End,Poor,Andhra Pradesh
Weight Sharing,ResNet50,Education,86.3,84.4,8.8,5.1,494,386.9,22.4,Mid-Range,Poor,Odisha
Pruning,MobileNetV2,Education,92,90.7,50.2,15.8,240.7,139,17,Mid-Range,Moderate,Madhya Pradesh
Quantization,ResNet18,Education,83.5,80.8,54.2,22.9,322.3,213.3,38.3,Mid-Range,Moderate,Manipur
Knowledge Distillation,MobileNetV2,Education,89.6,86.9,97.8,36.9,166.1,105.3,29.3,Mid-Range,Moderate,Odisha
Weight Sharing,ResNet50,Healthcare,92.1,89.7,42.1,14.4,537.8,332.7,33.9,Mid-Range,Good,Uttar Pradesh
Pruning,ResNet50,Healthcare,87.7,86.3,19.6,13.1,302,196,17.1,Low-End,Moderate,Assam
Quantization,MobileNetV2,Education,84.6,82.8,74.9,43,159.8,125.4,34.6,Low-End,Good,Tamil Nadu
Knowledge Distillation,SqueezeNet,Healthcare,91,88.6,64,37.7,342.2,202.1,39.8,Mid-Range,Moderate,West Bengal
Weight Sharing,MobileNetV2,Agriculture,85.4,82.5,32.9,11.4,402.4,259.8,15.8,Low-End,Good,Uttar Pradesh
Pruning,EfficientNet,Education,92.2,91.1,47.4,31.2,214.4,133.1,12.1,Mid-Range,Good,Odisha
Quantization,SqueezeNet,Agriculture,92.6,90.7,22,7.6,329.4,211.2,14,Mid-Range,Good,Manipur
Knowledge Distillation,ResNet18,Education,85.3,82.7,5.9,2.9,375.6,223.2,17.9,Mid-Range,Moderate,West Bengal
Weight Sharing,MobileNet,Healthcare,91.4,89.3,94.1,34,450.7,302.9,12.6,Mid-Range,Poor,Andhra Pradesh
Pruning,ResNet18,Healthcare,83.9,83.1,14.4,9.6,496,358,33.5,Low-End,Good,Madhya Pradesh
Quantization,EfficientNet,Education,86.3,85.1,10.7,5.5,223.5,131.8,11.1,Low-End,Poor,West Bengal
Knowledge Distillation,ResNet18,Education,91.3,89.9,76.9,44.3,283.2,214.7,28.1,Low-End,Poor,Chhattisgarh
Weight Sharing,MobileNetV2,Healthcare,85.2,84.6,28.3,18.6,540.8,388.4,33.2,Low-End,Poor,Chhattisgarh
Pruning,ResNet18,Healthcare,88.6,86.4,68.1,21.2,183.5,131.9,27.6,Low-End,Good,Rajasthan
Quantization,SqueezeNet,Healthcare,87.3,86.8,31.1,16.4,417.1,298.8,15.3,Mid-Range,Moderate,Bihar
Knowledge Distillation,ResNet18,Healthcare,86.5,85,65.9,40.2,304.9,211.2,29.9,Mid-Range,Poor,Andhra Pradesh
Weight Sharing,EfficientNet,Agriculture,86.6,85.7,20.9,12.3,211,157.6,14.2,Low-End,Moderate,West Bengal
Pruning,MobileNet,Education,93.6,92.4,53.5,32.8,159.8,94.9,25.3,Low-End,Poor,Odisha
Quantization,SqueezeNet,Healthcare,90.7,89.4,74,28.6,387.9,250.6,21.1,Low-End,Good,Odisha
Knowledge Distillation,SqueezeNet,Agriculture,83.9,82.3,39.8,16.7,209.3,109,37,Mid-Range,Good,Madhya Pradesh
Weight Sharing,ResNet18,Agriculture,83.5,81.2,83.4,27,552.8,364.1,18.8,Low-End,Poor,Chhattisgarh
Pruning,ResNet18,Healthcare,86.1,84.3,80.3,30.3,553.1,421.1,31.6,Mid-Range,Good,West Bengal
Quantization,MobileNetV2,Agriculture,87.1,85.3,27.6,14.7,303.7,239.8,36.5,Low-End,Poor,Andhra Pradesh
Knowledge Distillation,ResNet18,Education,93,92.2,65.2,45.3,221.9,122,19.5,Low-End,Moderate,West Bengal
Weight Sharing,MobileNet,Healthcare,86.8,85,45.8,15.7,450.7,263.7,21.5,Mid-Range,Good,Uttar Pradesh
Pruning,SqueezeNet,Agriculture,92.1,89.4,12.7,3.9,517.9,359.3,20,Low-End,Good,Madhya Pradesh
Quantization,ResNet18,Agriculture,86.2,83.5,52.4,34.4,502,290.1,23.1,Low-End,Poor,Rajasthan
Knowledge Distillation,SqueezeNet,Education,87.3,85,15.2,10.6,401.8,207,28.7,Mid-Range,Good,Madhya Pradesh
Weight Sharing,ResNet18,Agriculture,92.7,90.3,89.7,30.1,334.2,176.8,27.5,Low-End,Good,Madhya Pradesh
Pruning,EfficientNet,Education,85.2,84.2,38.4,24.9,329.4,257.9,38.2,Low-End,Poor,Andhra Pradesh
Quantization,EfficientNet,Agriculture,83.6,81,37.1,25.5,291.7,150.9,35.6,Mid-Range,Good,West Bengal
Knowledge Distillation,EfficientNet,Education,83.8,82.7,99.6,65.6,330.4,246.2,31.9,Mid-Range,Moderate,Jharkhand
Weight Sharing,EfficientNet,Education,86.7,84.6,97.5,32.9,277.7,167.2,28.2,Mid-Range,Poor,Uttar Pradesh
Pruning,SqueezeNet,Healthcare,85.6,83.9,74.5,28.9,532,421.4,25.8,Low-End,Poor,West Bengal
Quantization,MobileNet,Education,83.3,81.8,58.4,36.9,344.8,175.8,17.1,Mid-Range,Moderate,Rajasthan
Knowledge Distillation,ResNet18,Healthcare,84.9,84.1,34.3,20.1,285.6,225.4,34,Low-End,Good,Madhya Pradesh
Weight Sharing,EfficientNet,Healthcare,91.1,89.8,64.8,40.7,252,159.2,33.6,Low-End,Poor,West Bengal
Pruning,ResNet50,Agriculture,91.2,88.2,70.7,23.1,503.5,380.2,18.2,Mid-Range,Moderate,Madhya Pradesh
Quantization,ResNet18,Agriculture,92.4,90.8,43.9,23.2,246.9,147.7,13.4,Mid-Range,Good,Manipur
Knowledge Distillation,EfficientNet,Agriculture,83.4,81.2,94.6,64.7,431.4,342.6,35.6,Mid-Range,Poor,Assam
Weight Sharing,ResNet18,Healthcare,84.2,83.2,64.3,43.1,372,230.4,34,Low-End,Good,West Bengal
Pruning,ResNet50,Education,88.6,86.3,29.2,19.7,301.3,180.1,29.8,Low-End,Good,Odisha
Quantization,ResNet18,Education,84.5,82.3,97.7,45.6,217.8,118.8,35.6,Mid-Range,Moderate,Madhya Pradesh
Knowledge Distillation,ResNet18,Healthcare,86.7,85.7,33.5,12.6,356.3,232.2,39.3,Low-End,Poor,Rajasthan
Weight Sharing,ResNet18,Agriculture,87.9,86.2,7.9,4.8,521.2,348.4,21.4,Low-End,Poor,Madhya Pradesh
Pruning,MobileNet,Healthcare,93.3,92.3,9.9,3.7,379.7,198.7,30.1,Low-End,Moderate,Rajasthan
Quantization,ResNet18,Agriculture,86.4,84.9,13.6,4.9,366.4,276.1,20.7,Mid-Range,Good,Andhra Pradesh
Knowledge Distillation,EfficientNet,Education,86.2,85.2,57.8,32.3,261.7,186.7,18.8,Mid-Range,Good,Uttar Pradesh
Weight Sharing,EfficientNet,Education,87.2,84.8,40.4,28,253.2,146.5,17.7,Low-End,Poor,Andhra Pradesh
Pruning,MobileNetV2,Education,84.2,82.4,53,27.3,559.3,406.7,34.1,Mid-Range,Good,Jharkhand
Quantization,SqueezeNet,Healthcare,84.2,82.9,8.2,3.7,152.4,97.9,13.6,Mid-Range,Poor,Bihar
Knowledge Distillation,EfficientNet,Healthcare,87.9,86.9,5.2,2.1,189.6,99.8,10.6,Mid-Range,Poor,Rajasthan
Weight Sharing,MobileNet,Education,85.8,83.8,58.1,19.4,578.6,387.6,13.2,Low-End,Good,Rajasthan
Pruning,ResNet50,Healthcare,92.7,91.3,63.1,20.6,198.2,137.6,21.5,Mid-Range,Good,Andhra Pradesh
Quantization,MobileNet,Education,90.5,89.7,74.8,48.7,523.1,328.7,21.5,Mid-Range,Good,Odisha
Knowledge Distillation,ResNet50,Education,84.3,83.6,80.2,46.4,217.7,169.8,37.1,Mid-Range,Good,Uttar Pradesh
Weight Sharing,ResNet18,Agriculture,91.4,90,44.4,17.7,281,180.3,16.6,Mid-Range,Moderate,Tamil Nadu
Pruning,ResNet50,Education,88.4,86.3,34,10.5,477.7,308.3,23.2,Low-End,Moderate,Assam
Quantization,SqueezeNet,Agriculture,83.8,82.4,30.8,11.4,422.8,257.7,17.3,Low-End,Good,Odisha
Knowledge Distillation,SqueezeNet,Education,90.4,88.3,59.5,27.7,258.6,205.2,34.9,Mid-Range,Good,Jharkhand
Weight Sharing,EfficientNet,Healthcare,83.2,80.6,15.4,7.8,321.8,199.2,34.5,Mid-Range,Poor,Tamil Nadu
Pruning,MobileNet,Agriculture,83.1,82.6,11.7,7.7,336.4,227.4,13.6,Low-End,Moderate,Uttar Pradesh
Quantization,EfficientNet,Education,84.7,84,94.9,53.2,546.7,363.3,12.4,Low-End,Moderate,West Bengal
Knowledge Distillation,SqueezeNet,Agriculture,89.2,88.5,92.3,47.1,222.8,164.7,24.6,Mid-Range,Moderate,Andhra Pradesh
Weight Sharing,MobileNetV2,Healthcare,89.9,88.7,12,8.1,395.3,265.6,21.4,Mid-Range,Poor,Andhra Pradesh
Pruning,EfficientNet,Healthcare,87.9,85.2,95.8,53,286.1,169.9,14.4,Mid-Range,Moderate,West Bengal
Quantization,SqueezeNet,Education,85.6,83.8,94.9,54.3,518.3,389.7,25.4,Low-End,Moderate,Uttar Pradesh
Knowledge Distillation,ResNet18,Healthcare,90.9,88.6,84.3,56.2,242,125.6,16.1,Mid-Range,Poor,Chhattisgarh
Weight Sharing,EfficientNet,Healthcare,87.4,86.6,20.7,10.3,276.7,213.1,39.2,Low-End,Poor,Rajasthan
Pruning,ResNet18,Education,87.9,86.1,60,26.7,467.2,360.4,34.8,Mid-Range,Good,Madhya Pradesh
Quantization,ResNet50,Education,86.7,83.8,11.8,4.9,383.1,289.8,15.5,Low-End,Poor,Assam
Knowledge Distillation,SqueezeNet,Agriculture,89,86.5,27.6,17.7,258.4,186,29.7,Mid-Range,Good,Jharkhand
Weight Sharing,MobileNetV2,Education,92.3,90.7,87.5,57.9,244.8,164.9,31.1,Mid-Range,Good,Uttar Pradesh
Pruning,MobileNet,Education,91.3,89.9,80.8,32.4,362.5,241.2,26.7,Low-End,Moderate,Assam
Quantization,MobileNet,Education,93.1,90.9,41.1,28.3,239.2,160.2,30.6,Low-End,Moderate,Chhattisgarh
Knowledge Distillation,EfficientNet,Agriculture,88,86.9,23.1,8.6,212.4,108.3,34.2,Low-End,Poor,Madhya Pradesh
Weight Sharing,MobileNetV2,Education,85.6,84.8,79,46.2,576.3,428.5,39.6,Low-End,Moderate,Manipur
Pruning,ResNet50,Education,86,85.1,8.3,3.9,319,161.3,36.7,Mid-Range,Moderate,Rajasthan
Quantization,SqueezeNet,Agriculture,90.1,89.2,19.5,6.6,520.6,332.6,27.1,Low-End,Poor,Odisha
Knowledge Distillation,ResNet18,Agriculture,85.7,85.2,97.5,52.6,435.6,236.2,16.2,Mid-Range,Moderate,Rajasthan
Weight Sharing,SqueezeNet,Education,86.7,84.9,48.6,14.7,225.7,122.8,39.5,Mid-Range,Poor,Jharkhand
Pruning,MobileNetV2,Agriculture,87.8,86.7,87.3,37.1,440,255.9,33.1,Mid-Range,Good,Bihar
Quantization,ResNet18,Agriculture,83.7,82.7,52.6,34.6,250.4,132.1,33.7,Low-End,Poor,Andhra Pradesh
Knowledge Distillation,EfficientNet,Agriculture,84.3,82.5,24.1,9.1,439.2,240.1,39.5,Low-End,Moderate,Odisha
Weight Sharing,EfficientNet,Agriculture,87.7,84.7,69.1,32.1,476.3,357.8,35,Low-End,Poor,Tamil Nadu
Pruning,ResNet50,Healthcare,88.4,86.3,79,31,305.3,171.8,21.4,Mid-Range,Moderate,Odisha
Quantization,ResNet50,Education,87.1,84.7,87.9,59.9,538.5,350.8,18.8,Mid-Range,Moderate,Chhattisgarh
Knowledge Distillation,SqueezeNet,Healthcare,83.5,82.8,12.4,3.9,569.3,312.9,11.5,Mid-Range,Poor,Odisha
Weight Sharing,ResNet50,Education,85,84.1,56,38.9,481.5,311.9,20.8,Mid-Range,Good,Odisha
Pruning,ResNet50,Agriculture,89,87.3,49.6,31.3,400.7,307.1,23.2,Low-End,Good,Odisha
Quantization,EfficientNet,Education,87.4,85.5,20.9,12.2,488.2,278.7,27.3,Mid-Range,Moderate,Uttar Pradesh
Knowledge Distillation,ResNet50,Healthcare,92.5,89.6,15.6,7.9,167.8,102.8,39.7,Mid-Range,Poor,Manipur
Weight Sharing,SqueezeNet,Agriculture,84.3,82.6,59,24.8,291,151.8,22.4,Low-End,Moderate,Rajasthan
Pruning,ResNet18,Healthcare,90.9,89.1,25.6,8.5,408.4,317.8,28,Low-End,Good,West Bengal
Quantization,ResNet18,Education,87.8,86.8,97.3,61.5,276.3,200.2,14.8,Mid-Range,Good,Uttar Pradesh
Knowledge Distillation,ResNet50,Education,89.8,87.6,82.6,39,416.6,285.7,35.6,Low-End,Moderate,Andhra Pradesh
Weight Sharing,MobileNetV2,Healthcare,89.1,86.8,69.6,30.5,535.2,273,38.2,Low-End,Good,Jharkhand
Pruning,ResNet50,Healthcare,84.5,83.7,10.8,3.8,550.8,330.3,38.1,Low-End,Good,Odisha
Quantization,EfficientNet,Healthcare,86.1,85.3,5.9,3.7,216,127.9,30.7,Low-End,Moderate,West Bengal
Knowledge Distillation,SqueezeNet,Healthcare,89.2,88.6,63.8,30.3,480.8,339.2,11.3,Low-End,Good,Rajasthan
Weight Sharing,SqueezeNet,Healthcare,92,90.3,40.5,25.1,559.4,368.4,15,Low-End,Good,Rajasthan
Pruning,EfficientNet,Healthcare,89.4,88.5,47.7,31.8,366.2,262.4,19.2,Low-End,Good,Manipur
Quantization,MobileNet,Agriculture,85.7,83.8,86.7,27.1,599.7,459.8,14.6,Mid-Range,Poor,Andhra Pradesh
Knowledge Distillation,ResNet18,Education,86.7,84,78.1,42.6,176.1,113,30.8,Low-End,Poor,Rajasthan
Weight Sharing,SqueezeNet,Education,89.9,87.7,53.1,22.4,492.4,279.8,23.9,Mid-Range,Moderate,Manipur
Pruning,MobileNetV2,Agriculture,92.2,90.4,52.7,22,182.9,134.6,39.5,Low-End,Good,Manipur
Quantization,MobileNet,Healthcare,93.7,92.1,5.6,3.2,406.5,214.8,39.6,Mid-Range,Good,Chhattisgarh
Knowledge Distillation,ResNet50,Healthcare,84.3,82.7,49.7,34.2,484.1,254.9,36.8,Mid-Range,Moderate,Assam
Weight Sharing,ResNet50,Agriculture,89.5,88.8,92.5,29.8,185.4,136,18,Low-End,Moderate,Rajasthan
Pruning,MobileNet,Agriculture,84.2,81.4,48.3,33.2,463,257,32.2,Low-End,Moderate,Assam
Quantization,ResNet50,Education,84.4,83,96.1,34.3,155.8,118.8,22.3,Low-End,Good,West Bengal
Knowledge Distillation,MobileNet,Healthcare,89.6,87.5,59.9,18.6,242.7,149.7,11.3,Low-End,Poor,Andhra Pradesh
Weight Sharing,ResNet18,Education,93.7,92.6,53.7,30.4,564.3,340.4,39,Mid-Range,Moderate,Tamil Nadu
Pruning,SqueezeNet,Education,90.8,89.8,51.9,21.3,267.4,159.7,19.8,Low-End,Moderate,Tamil Nadu
Quantization,EfficientNet,Education,85.6,84.9,91.3,40.2,175.3,127.8,20.4,Low-End,Moderate,Bihar
Knowledge Distillation,MobileNetV2,Healthcare,87.4,86.8,64.9,21.3,192.8,121.1,19.5,Low-End,Moderate,Chhattisgarh
Weight Sharing,EfficientNet,Education,87.1,84.6,70.4,21.2,536,361.5,27.8,Low-End,Moderate,Madhya Pradesh
Pruning,EfficientNet,Healthcare,85.1,83.4,43.5,17.1,378.6,266.2,23.6,Low-End,Poor,Odisha
Quantization,MobileNet,Agriculture,84.2,82.6,6.1,4.3,357.5,273.5,18.7,Mid-Range,Moderate,Assam
Knowledge Distillation,SqueezeNet,Education,83.9,81,41,13.4,252,152.2,32,Low-End,Good,Odisha
Weight Sharing,EfficientNet,Healthcare,92.8,92.1,47.3,23.5,507.1,319.2,37.1,Mid-Range,Good,Uttar Pradesh
Pruning,MobileNet,Agriculture,84,83,54.3,17.8,218.6,173.3,18,Mid-Range,Moderate,Andhra Pradesh
Quantization,SqueezeNet,Education,86.2,83.7,74.5,39.4,312.4,242.8,25.2,Mid-Range,Good,Assam
Knowledge Distillation,MobileNet,Agriculture,83.1,81,27,12.6,389.4,304.8,33.7,Low-End,Moderate,Tamil Nadu
Weight Sharing,ResNet18,Healthcare,83.6,81.4,84.2,29,438.4,312,29.6,Low-End,Moderate,Uttar Pradesh
Pruning,MobileNet,Healthcare,83.1,82.4,13.1,6.4,527.3,406.2,30.6,Low-End,Poor,Rajasthan
Quantization,ResNet50,Agriculture,91.7,89.7,51.5,21.7,340.8,257.6,39.7,Mid-Range,Moderate,Jharkhand
Knowledge Distillation,ResNet18,Education,91.8,90.8,79.1,27.9,266,188.6,38.5,Mid-Range,Moderate,Andhra Pradesh
Weight Sharing,ResNet50,Education,89.5,88.1,68.4,24.3,522.1,347.8,37.8,Mid-Range,Poor,Uttar Pradesh
Pruning,SqueezeNet,Education,88,86.9,96.4,39.5,466.1,319.3,38.8,Low-End,Good,Rajasthan
Quantization,MobileNetV2,Education,90.4,87.5,47.1,23.9,521.2,295.6,29.9,Mid-Range,Moderate,Odisha
Knowledge Distillation,MobileNet,Agriculture,86.2,85.3,37.8,22.7,541.2,411.5,17.3,Mid-Range,Poor,Rajasthan
Weight Sharing,EfficientNet,Education,92.6,90.6,95.1,52.8,165.8,129,38.1,Low-End,Poor,Tamil Nadu
Pruning,EfficientNet,Education,93.8,92.4,97.5,37.2,549.7,363.8,35.5,Low-End,Poor,Rajasthan
Quantization,ResNet50,Education,88.4,86.4,94.1,61.7,344.4,212.5,37.6,Mid-Range,Moderate,Jharkhand
Knowledge Distillation,SqueezeNet,Agriculture,88.2,85.7,54.4,22.4,251.4,157.8,39.8,Mid-Range,Moderate,Chhattisgarh
Weight Sharing,ResNet18,Healthcare,88.4,85.9,27.6,15.8,467.6,308.6,18.3,Mid-Range,Moderate,Jharkhand
Pruning,ResNet50,Education,92,90.7,50.2,26.3,499.1,382,14,Low-End,Good,West Bengal
Quantization,EfficientNet,Agriculture,84.7,84.1,28.4,9.9,216.8,163.8,19.2,Low-End,Poor,Assam
Knowledge Distillation,ResNet18,Education,91.5,90.3,60.1,40.2,304.5,225.9,35.8,Mid-Range,Poor,West Bengal
Weight Sharing,ResNet18,Education,83.5,81.7,37.6,23.2,498.2,280.8,27,Mid-Range,Good,Uttar Pradesh
Pruning,ResNet18,Education,89.6,87.6,10.3,3.4,182,91.7,23.9,Mid-Range,Poor,Rajasthan
Quantization,ResNet50,Agriculture,93.1,90.7,92.5,42.5,463.4,265.6,38.3,Mid-Range,Good,West Bengal
Knowledge Distillation,ResNet50,Agriculture,93.5,92.3,25.5,13,474,302.6,32.2,Low-End,Poor,Rajasthan
Weight Sharing,MobileNet,Agriculture,93.5,91.4,57.5,19.5,408,302,31,Low-End,Moderate,Uttar Pradesh
Pruning,ResNet50,Education,86.4,83.8,75.2,46.1,537.5,389.8,38.1,Mid-Range,Good,Tamil Nadu
Quantization,ResNet50,Agriculture,86,83.8,52.3,16.5,176.9,122.6,26.1,Low-End,Poor,Manipur
Knowledge Distillation,MobileNetV2,Healthcare,90.1,87.4,60.4,23.6,187.7,106,12.4,Mid-Range,Poor,Jharkhand
Weight Sharing,EfficientNet,Education,85.4,84.5,45.5,30.7,378.4,200.1,34.9,Mid-Range,Good,Bihar
Pruning,SqueezeNet,Healthcare,88.6,86.2,33,18.7,320.3,189.2,37.2,Mid-Range,Moderate,West Bengal
Quantization,MobileNet,Agriculture,92.7,90.8,83.2,25.6,262.3,152.3,11.9,Mid-Range,Poor,Chhattisgarh
Knowledge Distillation,MobileNetV2,Education,86.1,85.1,96.1,49.5,194.3,122.5,34.8,Mid-Range,Good,Tamil Nadu
Weight Sharing,MobileNetV2,Education,88.7,88,76.9,24,268.9,150.8,23.9,Mid-Range,Moderate,Odisha
Pruning,ResNet50,Education,88.8,86.5,30.8,10.6,531.3,272.5,30.9,Low-End,Poor,Odisha
Quantization,EfficientNet,Agriculture,84,81.9,70.1,28.7,164.4,118.4,15.4,Mid-Range,Good,Tamil Nadu
Knowledge Distillation,MobileNetV2,Agriculture,86.7,86.1,54.6,30.1,588.6,332.5,32,Low-End,Poor,Odisha
Weight Sharing,MobileNetV2,Healthcare,84.2,83,46.4,17.7,431.7,255.3,25.8,Low-End,Moderate,Uttar Pradesh
Pruning,SqueezeNet,Agriculture,90.7,90,87.2,60.6,212.8,121.2,28.1,Mid-Range,Poor,Andhra Pradesh
Quantization,EfficientNet,Healthcare,90.8,89.6,8.7,4.5,438.6,278.6,31.4,Low-End,Good,Chhattisgarh
Knowledge Distillation,ResNet18,Education,85.1,83.9,70.2,48.8,506.5,311.8,39.7,Low-End,Poor,Manipur
Weight Sharing,MobileNetV2,Education,88.4,86.5,8.2,5.4,567.6,429.4,33.3,Low-End,Poor,Madhya Pradesh
Pruning,MobileNetV2,Education,88,86.8,69.8,30.1,219.3,163.2,25.1,Low-End,Moderate,Bihar
Quantization,MobileNet,Education,90.5,89,83,46.2,187.1,120.8,39.3,Low-End,Good,Assam
Knowledge Distillation,MobileNet,Agriculture,91.8,89,23.1,13.4,194.6,121,28,Mid-Range,Good,Rajasthan
Weight Sharing,MobileNet,Healthcare,84.7,81.7,34.8,15.5,223.5,124.3,36.2,Mid-Range,Moderate,Tamil Nadu
Pruning,MobileNet,Agriculture,87.6,87,59.6,29.5,523.2,306,23.3,Mid-Range,Moderate,Manipur
Quantization,MobileNetV2,Education,89.8,88.9,25.6,10.1,593,461.1,13.8,Low-End,Poor,Bihar
Knowledge Distillation,ResNet50,Agriculture,90.3,89.6,59.5,36,179.6,120.5,20.5,Mid-Range,Good,Manipur
Weight Sharing,ResNet18,Healthcare,91.2,88.4,58.3,35.5,277.9,170.7,35.9,Mid-Range,Good,Madhya Pradesh
Pruning,EfficientNet,Healthcare,83.2,82.5,41.1,22.4,598.2,321.3,15.6,Mid-Range,Moderate,Chhattisgarh
Quantization,EfficientNet,Healthcare,89.2,86.2,46.3,20.2,576.6,444.6,21,Low-End,Poor,Uttar Pradesh
Knowledge Distillation,MobileNetV2,Education,90.9,89.7,41.5,20.7,332.6,187.8,19.4,Mid-Range,Moderate,Andhra Pradesh
Weight Sharing,ResNet18,Education,89.4,87.5,17.9,5.9,455.8,228,13.1,Mid-Range,Poor,Chhattisgarh
Pruning,MobileNetV2,Agriculture,91.2,88.7,98.9,31.8,426.8,279.7,13.2,Low-End,Good,Rajasthan
Quantization,EfficientNet,Healthcare,91.3,89.4,54.3,29.4,447,232.1,30.5,Low-End,Moderate,Madhya Pradesh
Knowledge Distillation,EfficientNet,Healthcare,84.4,82.3,80.3,28.7,372.5,260.4,16.9,Low-End,Good,Chhattisgarh
Weight Sharing,SqueezeNet,Agriculture,91.6,90.2,7.1,4.6,521.8,391.3,19.2,Mid-Range,Good,Rajasthan
Pruning,ResNet18,Healthcare,84.7,83.9,27.4,15.3,500.7,374.6,10.8,Mid-Range,Poor,Uttar Pradesh
Quantization,SqueezeNet,Agriculture,91.6,89.7,85.4,28.6,587,294,16.7,Mid-Range,Moderate,Manipur
Knowledge Distillation,MobileNet,Healthcare,93.8,93,17.4,7.5,164.8,90.9,33.9,Low-End,Poor,Uttar Pradesh
Weight Sharing,SqueezeNet,Healthcare,92.6,90.1,76.3,31,596.2,401.1,16.9,Low-End,Good,Bihar
Pruning,MobileNetV2,Education,88.1,86.8,7.9,2.8,322.8,229.7,30.3,Mid-Range,Moderate,Andhra Pradesh
Quantization,SqueezeNet,Healthcare,85.3,83.5,54.1,31.7,218.4,167.1,30.5,Mid-Range,Poor,Madhya Pradesh
Knowledge Distillation,ResNet18,Education,84.7,83.5,60.3,21.1,331.8,219.1,11.2,Low-End,Moderate,Rajasthan
Weight Sharing,EfficientNet,Healthcare,83.5,80.7,43.9,24.4,224.8,126.8,26.1,Low-End,Moderate,Tamil Nadu
Pruning,SqueezeNet,Healthcare,88.8,87.6,99.1,48.1,525.3,414.2,23.8,Mid-Range,Poor,Odisha
Quantization,EfficientNet,Education,87.8,87,71.3,43.1,278.1,172.7,31.6,Mid-Range,Poor,Bihar
Knowledge Distillation,MobileNet,Agriculture,84.7,83.2,64.5,24.4,198.1,147.9,28.4,Low-End,Moderate,West Bengal
Weight Sharing,SqueezeNet,Education,88.9,86.5,49.2,26,310.6,238.9,18,Low-End,Poor,Assam
Pruning,MobileNetV2,Education,85.8,83.6,71.9,36.9,243.9,189.8,13.3,Mid-Range,Moderate,Bihar
Quantization,MobileNet,Agriculture,87.9,86.2,53.9,36.6,558.4,391.4,19.7,Mid-Range,Poor,West Bengal
Knowledge Distillation,MobileNetV2,Agriculture,83,82.2,92.3,30,214.2,117.5,37.2,Mid-Range,Good,Uttar Pradesh
Weight Sharing,EfficientNet,Education,91,89.7,62.7,22.5,239.6,180.3,29.6,Mid-Range,Good,Chhattisgarh
Pruning,ResNet18,Education,85.8,84.3,91.7,57.1,280.8,165.8,37.9,Low-End,Good,Madhya Pradesh
Quantization,SqueezeNet,Agriculture,86,84.3,83.8,54.8,199.8,113.9,12.6,Low-End,Good,Tamil Nadu
Knowledge Distillation,ResNet18,Agriculture,85.5,83.6,22,8.8,560.6,348.3,15.9,Mid-Range,Good,Madhya Pradesh
Weight Sharing,MobileNetV2,Education,84.1,82.9,39.7,16.4,333,192.3,33.9,Mid-Range,Poor,Bihar
Pruning,ResNet50,Education,89.3,88.6,96.8,49.2,162.7,99.5,21.6,Mid-Range,Moderate,Madhya Pradesh
Quantization,MobileNet,Healthcare,90.6,88.1,73.4,40.7,533.3,412.2,24.1,Low-End,Good,Uttar Pradesh
Knowledge Distillation,MobileNetV2,Education,89.4,87.8,51.7,16,310.6,201.6,24.4,Low-End,Moderate,Tamil Nadu
Weight Sharing,MobileNet,Healthcare,89.2,88.4,13.4,5.3,168.2,130.1,36.1,Low-End,Poor,Rajasthan
Pruning,SqueezeNet,Education,90.2,89.5,25,10.2,538.7,298.6,10.5,Mid-Range,Moderate,Chhattisgarh
Quantization,MobileNetV2,Healthcare,86.6,84.3,79.1,24,437.2,293.9,20,Low-End,Poor,Tamil Nadu
Knowledge Distillation,MobileNetV2,Agriculture,90.3,88.5,16.2,5.5,206.5,133.2,13.7,Mid-Range,Moderate,Manipur
Weight Sharing,ResNet50,Education,86.9,86.1,97.2,55.8,454.5,274.3,19.1,Low-End,Poor,Chhattisgarh
Pruning,MobileNet,Healthcare,85.5,84,61.5,25.4,427.5,340.4,27.1,Mid-Range,Good,Assam
Quantization,EfficientNet,Agriculture,85.2,84.5,69.5,37.9,267.8,170.7,33.9,Low-End,Poor,Uttar Pradesh
Knowledge Distillation,SqueezeNet,Healthcare,90.7,88.1,86,51.3,264.7,192.7,15,Low-End,Moderate,Chhattisgarh
Weight Sharing,MobileNetV2,Education,87.2,84.4,67.5,34.8,396.2,240.9,29.9,Low-End,Good,Jharkhand
Pruning,MobileNet,Healthcare,83.5,80.5,83.5,50.1,540.2,397.4,15.5,Mid-Range,Poor,Odisha
Quantization,ResNet18,Education,89.5,88.5,31.2,18.9,238.6,183.6,20.8,Mid-Range,Good,Madhya Pradesh
Knowledge Distillation,MobileNetV2,Education,84.8,83.5,46.5,19.8,197.8,137.7,15.5,Mid-Range,Good,West Bengal
Weight Sharing,ResNet50,Education,88.4,87.7,99.3,33.7,500.8,322.8,30.2,Mid-Range,Good,Assam
Pruning,ResNet50,Agriculture,91.6,89.9,31.2,11.6,413.6,320.1,29.3,Low-End,Poor,Odisha
Quantization,EfficientNet,Education,91.7,89.3,77.2,25.7,595.8,394.2,21.8,Mid-Range,Good,Rajasthan
Knowledge Distillation,ResNet18,Healthcare,86.9,84.2,5.9,4,574.8,353.4,31.8,Low-End,Good,Odisha
Weight Sharing,SqueezeNet,Agriculture,83.4,82.1,63.8,24.6,329.4,190.4,33.6,Mid-Range,Moderate,Uttar Pradesh
Pruning,ResNet18,Education,85.7,84.4,8,3.2,517.8,264.5,17.8,Mid-Range,Good,Rajasthan
Quantization,ResNet50,Agriculture,92.7,90,63,42.8,244.5,141.5,14.8,Mid-Range,Moderate,West Bengal
Knowledge Distillation,ResNet50,Healthcare,92.4,91.5,55.4,21.9,307.5,159,12.9,Mid-Range,Poor,Assam
Weight Sharing,ResNet18,Agriculture,92.6,90.2,25.3,17.3,484.1,342.2,21.3,Low-End,Poor,Madhya Pradesh
Pruning,MobileNet,Agriculture,84.9,82.1,42.5,25.6,389.4,237.4,15.3,Mid-Range,Moderate,Bihar
Quantization,EfficientNet,Education,88,85.8,27.3,18.4,513.1,372.3,13.6,Low-End,Moderate,Tamil Nadu
Knowledge Distillation,ResNet50,Agriculture,93.4,92,50.2,28.1,532.4,276.2,22.8,Mid-Range,Poor,Odisha
Weight Sharing,MobileNet,Education,91.8,90.9,25.7,13.9,511.4,383.6,15.9,Mid-Range,Good,Jharkhand
Pruning,ResNet50,Education,90.6,88.8,50.6,31.7,232.6,132.5,13.5,Low-End,Poor,Bihar
Quantization,SqueezeNet,Education,91.2,90.6,55.2,20.7,242.8,126.6,37.2,Mid-Range,Poor,West Bengal
Knowledge Distillation,MobileNet,Agriculture,89.8,87,43.3,17.3,283.9,203.4,35.5,Low-End,Good,Bihar
Weight Sharing,MobileNet,Agriculture,83.7,81.9,55.8,22.4,430.9,312.3,10.2,Mid-Range,Good,Andhra Pradesh
Pruning,EfficientNet,Agriculture,90.5,89.3,87.8,48.6,489.8,273.9,15.5,Low-End,Poor,Uttar Pradesh
Quantization,ResNet50,Agriculture,83.1,81.1,92.4,32.4,417.8,304.1,17.9,Mid-Range,Moderate,West Bengal
Knowledge Distillation,MobileNetV2,Education,85.7,82.9,65.5,23.5,427,231.6,15,Low-End,Poor,Tamil Nadu
Weight Sharing,ResNet50,Healthcare,92.5,90.7,63.5,25,231.9,152.2,34.2,Mid-Range,Poor,Chhattisgarh
Pruning,ResNet18,Agriculture,88.8,86.5,88.3,54.6,423.1,275.5,11.8,Mid-Range,Poor,Andhra Pradesh
Quantization,MobileNetV2,Education,87.5,86.2,76.1,24.3,193.9,153.2,17.8,Low-End,Moderate,Uttar Pradesh
Knowledge Distillation,SqueezeNet,Education,89.4,88,58.2,28.9,510.6,378.9,38.3,Mid-Range,Poor,Jharkhand
Weight Sharing,MobileNetV2,Education,88.5,87.7,5.2,2.8,305.3,173.8,15.5,Low-End,Good,Chhattisgarh
Pruning,SqueezeNet,Healthcare,87.5,85.5,22.3,8.6,375.1,273.6,15.1,Mid-Range,Poor,Chhattisgarh
Quantization,ResNet50,Agriculture,93,91.1,24.8,16.4,395.6,296,22.3,Mid-Range,Good,Madhya Pradesh
Knowledge Distillation,ResNet18,Agriculture,91,90.1,48.2,15.3,437.5,269.3,22.6,Low-End,Good,Tamil Nadu
Weight Sharing,MobileNetV2,Agriculture,83.8,81.6,8.1,4.8,426.3,247,23.4,Mid-Range,Good,West Bengal
Pruning,SqueezeNet,Agriculture,92.6,91.2,20.7,6.8,490,370.7,24.4,Low-End,Good,West Bengal
Quantization,SqueezeNet,Agriculture,83.2,80.3,7.9,4,394.2,299.6,31.2,Mid-Range,Poor,West Bengal
Knowledge Distillation,SqueezeNet,Education,92,89.9,86.9,52.9,449.7,238.4,12.2,Low-End,Poor,Chhattisgarh
Weight Sharing,ResNet50,Healthcare,91.6,89.3,87,40.4,441.9,291.8,22.4,Mid-Range,Poor,Andhra Pradesh
Pruning,SqueezeNet,Agriculture,83.3,81.5,59.4,34.9,411.5,282.1,23.2,Mid-Range,Good,Madhya Pradesh
Quantization,ResNet50,Agriculture,85.4,83.1,25.3,14.5,499,346.4,23.2,Low-End,Good,Bihar
Knowledge Distillation,MobileNetV2,Education,84.1,82.3,32.2,21,195.3,129.7,10.6,Low-End,Poor,Tamil Nadu
Weight Sharing,SqueezeNet,Agriculture,87.6,85.3,75,49.8,493.1,280.1,15.1,Low-End,Poor,Andhra Pradesh
Pruning,SqueezeNet,Education,89.5,87.7,64.5,21.8,208.4,153,13,Mid-Range,Moderate,Uttar Pradesh
Quantization,MobileNetV2,Education,83.7,81.5,67.1,41.8,221.1,166.8,11,Mid-Range,Good,Jharkhand
Knowledge Distillation,SqueezeNet,Education,91.6,88.8,89.2,41,314.5,184,22.1,Low-End,Good,Rajasthan
Weight Sharing,ResNet18,Education,90.1,87.7,52,22.9,433,267.4,31.7,Mid-Range,Poor,Tamil Nadu
Pruning,ResNet50,Healthcare,91.1,90.1,83,44.1,156,109,23,Low-End,Good,Rajasthan
Quantization,ResNet50,Healthcare,89.6,86.6,35.7,13.7,306.8,234.8,39.2,Mid-Range,Moderate,Bihar
Knowledge Distillation,MobileNet,Agriculture,85.9,83.1,86.7,28.2,247,151.4,35,Low-End,Poor,Rajasthan
Weight Sharing,EfficientNet,Healthcare,83.4,82.6,53.8,32.1,183.3,133.4,32.8,Low-End,Poor,Assam
Pruning,MobileNet,Healthcare,92.1,89.1,74.7,44.7,340,268,30.6,Low-End,Poor,Jharkhand
Quantization,ResNet18,Education,88.3,86.4,64.2,38.9,349.3,278.2,28.4,Mid-Range,Good,Rajasthan
Knowledge Distillation,MobileNet,Healthcare,87.7,85.7,48.5,27.4,317.3,221.4,14.3,Mid-Range,Moderate,Uttar Pradesh
Weight Sharing,ResNet50,Agriculture,84,83.1,89.3,35.2,271,145.3,22.5,Mid-Range,Good,Chhattisgarh
Pruning,MobileNet,Healthcare,84,82.3,67.3,34.2,462.2,295.7,12.5,Mid-Range,Good,Chhattisgarh
Quantization,SqueezeNet,Education,86.7,85.2,5,1.8,590.2,437.4,35.6,Mid-Range,Good,Jharkhand
Knowledge Distillation,EfficientNet,Healthcare,85.1,83.9,42.7,24.5,356.6,242.8,18.8,Low-End,Poor,West Bengal
Weight Sharing,ResNet50,Education,91.4,89,80.3,53.2,281.7,181,36.8,Low-End,Poor,Bihar
Pruning,ResNet18,Education,86,85.2,40.3,12.8,163.8,116.9,13.6,Low-End,Moderate,Rajasthan
Quantization,MobileNetV2,Agriculture,91.4,89.1,66.6,35.5,415.7,323.9,33.3,Mid-Range,Good,Jharkhand
Knowledge Distillation,EfficientNet,Healthcare,93,91.2,73.7,34.1,523.6,266.6,33.6,Low-End,Good,Madhya Pradesh
Weight Sharing,MobileNet,Education,90.3,88.3,76.9,31.3,474.6,336,18.3,Mid-Range,Good,Rajasthan
Pruning,EfficientNet,Healthcare,90.3,89.3,36.2,24.3,525.3,344.2,14.8,Mid-Range,Moderate,Chhattisgarh
Quantization,ResNet50,Healthcare,85.4,83.7,7.9,2.4,488.3,302.6,32.5,Low-End,Poor,Madhya Pradesh
Knowledge Distillation,ResNet50,Agriculture,88.5,86,88.8,60.9,181.1,107.1,15.9,Low-End,Moderate,Assam
Weight Sharing,ResNet18,Agriculture,90.2,88.7,95.9,66.4,375.5,267.9,16.9,Low-End,Good,West Bengal
Pruning,ResNet18,Education,88.4,87.3,30.7,12.6,403.3,271.3,38.5,Low-End,Moderate,Madhya Pradesh
Quantization,MobileNetV2,Education,88.8,86,84.6,25.5,214.1,119.8,33.8,Low-End,Poor,Odisha
Knowledge Distillation,ResNet18,Education,87.8,85,83.3,44.9,564.8,345.8,34.6,Low-End,Good,Chhattisgarh
Weight Sharing,ResNet50,Healthcare,92.1,90.6,90.7,28.5,363.6,268.6,36.1,Low-End,Good,Assam
Pruning,SqueezeNet,Agriculture,87.5,85.1,33.7,22.6,514.4,294.8,13.5,Low-End,Good,Andhra Pradesh
Quantization,SqueezeNet,Education,84.8,82.9,46.2,17.3,498.2,311.7,27,Low-End,Moderate,Manipur
Knowledge Distillation,MobileNet,Education,84.9,83.7,86.7,37.3,538.4,327.2,38.3,Low-End,Poor,Bihar
Weight Sharing,EfficientNet,Healthcare,89.7,86.7,72.1,23.4,256.9,164,29.3,Low-End,Moderate,Rajasthan
Pruning,ResNet50,Healthcare,90.2,88,67.4,39.5,502.3,266.2,10.3,Low-End,Good,Tamil Nadu
Quantization,MobileNet,Agriculture,85.6,83,88.5,29.3,369,232.4,34.6,Low-End,Moderate,Odisha
Knowledge Distillation,MobileNetV2,Healthcare,93.7,92.3,31.8,21.8,285.9,154.4,36.8,Mid-Range,Poor,Andhra Pradesh
Weight Sharing,EfficientNet,Education,91.6,91,72.7,27.6,152.1,77.4,10.2,Mid-Range,Moderate,Chhattisgarh
Pruning,ResNet18,Healthcare,88.6,86.4,21.3,14.8,272.5,186.9,17.1,Mid-Range,Good,Chhattisgarh
Quantization,SqueezeNet,Healthcare,87.6,85.7,16.9,8.6,536.5,298.5,14.1,Low-End,Poor,Jharkhand
Knowledge Distillation,MobileNet,Healthcare,87.5,84.8,32.4,12.4,315.9,223,28.5,Low-End,Poor,Manipur
Weight Sharing,MobileNet,Healthcare,87.2,86.4,50.5,25.3,549,340.2,32,Low-End,Good,Assam
Pruning,MobileNet,Healthcare,87.8,85.3,30,9.9,222.1,168.9,11.4,Mid-Range,Good,Tamil Nadu
Quantization,EfficientNet,Healthcare,84.4,83.1,56.1,18.8,218.1,165.7,11.3,Mid-Range,Good,Rajasthan
Knowledge Distillation,SqueezeNet,Education,92.7,91.4,52.9,26.2,571.7,442.9,21,Low-End,Moderate,Bihar
Weight Sharing,ResNet50,Education,84.1,81.2,51.6,28.5,193.9,151.3,35.9,Mid-Range,Poor,Bihar
Pruning,SqueezeNet,Education,85.5,83.3,45.3,14.3,295.5,173.4,21.3,Mid-Range,Moderate,Odisha
Quantization,ResNet50,Education,88.9,86.3,87.4,48.2,198.3,100.9,27.2,Mid-Range,Moderate,West Bengal
Knowledge Distillation,SqueezeNet,Agriculture,85.5,83.6,62.8,36.6,257.8,130,21.8,Mid-Range,Good,Rajasthan
Weight Sharing,EfficientNet,Agriculture,88.1,86,98.5,46.1,202.5,151.4,24.8,Mid-Range,Good,Bihar
Pruning,MobileNetV2,Education,86.2,84.4,30.5,10,396.7,250.5,17.9,Mid-Range,Poor,Odisha
Quantization,ResNet50,Healthcare,83.9,81,96.4,61.5,334.2,242.4,19.8,Low-End,Good,Rajasthan
Knowledge Distillation,MobileNet,Agriculture,83.2,81.7,70.7,27,557.2,378.9,32.2,Mid-Range,Poor,Tamil Nadu
Weight Sharing,MobileNet,Education,86.4,84.7,17.3,7.8,451.5,241.8,33.7,Mid-Range,Poor,Uttar Pradesh
Pruning,ResNet18,Education,87.4,84.9,30.6,19.7,414.9,217.7,18.3,Low-End,Moderate,Uttar Pradesh
Quantization,ResNet18,Healthcare,85.8,84.3,23.3,14.2,305.5,214,26.2,Low-End,Good,Assam
Knowledge Distillation,MobileNetV2,Healthcare,88.4,85.7,30.9,15.8,208,108.2,11.6,Mid-Range,Good,Chhattisgarh
Weight Sharing,MobileNetV2,Education,85.3,83.2,59.1,25.2,376.9,277.2,15.1,Mid-Range,Moderate,Odisha
Pruning,MobileNetV2,Education,92.4,90.5,84.6,52,496.8,332.5,26.5,Low-End,Good,Tamil Nadu
Quantization,ResNet18,Education,85.8,83.8,33.2,15.4,168.7,124.4,18.6,Low-End,Good,West Bengal
Knowledge Distillation,ResNet50,Agriculture,88.8,88.3,54.4,34.7,151.2,101.7,20.3,Low-End,Moderate,Madhya Pradesh
Weight Sharing,ResNet50,Agriculture,86.6,83.9,58.4,21,196.6,148.5,11,Mid-Range,Poor,West Bengal
Pruning,SqueezeNet,Healthcare,93,92,47.8,28.9,207.3,123.4,12,Mid-Range,Moderate,Andhra Pradesh
Quantization,ResNet18,Healthcare,90,88.2,77.9,38.3,435.9,309.6,27.4,Low-End,Moderate,Rajasthan
Knowledge Distillation,MobileNet,Healthcare,83.8,81.5,87.4,35.6,412.2,327.6,34.7,Mid-Range,Poor,Assam
Weight Sharing,MobileNet,Healthcare,87.4,86.2,5.3,2.1,365.3,200.3,16.4,Mid-Range,Moderate,Madhya Pradesh
Pruning,SqueezeNet,Healthcare,93,90.5,9.7,3.6,414.6,329.8,15,Low-End,Good,Madhya Pradesh
Quantization,SqueezeNet,Healthcare,91.3,89.9,40,22.9,180.7,130.2,14,Mid-Range,Good,Madhya Pradesh
Knowledge Distillation,SqueezeNet,Agriculture,84.5,82,83.7,39,295.4,231.5,22.6,Mid-Range,Poor,Madhya Pradesh
Weight Sharing,EfficientNet,Agriculture,92.6,90.3,59.3,19.1,283.5,204.7,32.5,Mid-Range,Good,Uttar Pradesh
Pruning,ResNet50,Healthcare,85.8,84.4,48.8,26.4,573.5,376.8,34.5,Mid-Range,Moderate,West Bengal
Quantization,MobileNetV2,Agriculture,87.6,86.2,25.3,9.5,331.9,171.5,26.1,Mid-Range,Poor,Andhra Pradesh
Knowledge Distillation,EfficientNet,Education,92.8,90.7,88,35.7,500.6,272,21,Low-End,Moderate,Uttar Pradesh
Weight Sharing,SqueezeNet,Healthcare,90,87.2,88.4,43,446.3,254.5,20.3,Mid-Range,Good,Andhra Pradesh
Pruning,MobileNet,Education,91.9,91.2,68.9,28.1,217.7,168.6,27.7,Low-End,Poor,Andhra Pradesh
Quantization,SqueezeNet,Healthcare,87.6,86.9,49.2,27.7,460.7,288.6,19.1,Mid-Range,Poor,Odisha
Knowledge Distillation,ResNet50,Healthcare,89.9,87.9,16,10.6,345.5,212.6,17,Low-End,Poor,Assam
Weight Sharing,MobileNetV2,Agriculture,89.8,87.5,11.6,6.6,539.6,305.4,11.2,Mid-Range,Good,Odisha
Pruning,MobileNet,Education,88.9,88.3,14.1,6.8,474,323.1,18.9,Low-End,Poor,Tamil Nadu
Quantization,ResNet18,Education,88.8,86,80.3,50.3,373.1,200.8,16.4,Mid-Range,Poor,Andhra Pradesh
Knowledge Distillation,MobileNetV2,Education,87.7,85.3,89.8,50.8,250.3,128.9,39.4,Low-End,Moderate,Jharkhand
Weight Sharing,MobileNet,Education,88,87.2,35,11,362.7,230.5,37,Low-End,Poor,Rajasthan
Pruning,ResNet18,Agriculture,88.3,86,34.7,18.8,403,288.5,14.6,Low-End,Moderate,Tamil Nadu
Quantization,EfficientNet,Healthcare,93.9,92.3,47.8,24.4,555.1,427.5,32.9,Mid-Range,Good,Uttar Pradesh
Knowledge Distillation,ResNet18,Agriculture,90,87.1,54.3,38,464.4,274.7,13.9,Low-End,Good,Assam
Weight Sharing,ResNet18,Healthcare,88.8,86.1,77.6,43.5,364.4,286.9,34.3,Low-End,Good,Tamil Nadu
Pruning,MobileNetV2,Education,93.7,92.5,63.7,34,257.3,189,11.8,Low-End,Good,Odisha
Quantization,SqueezeNet,Agriculture,89.4,87.1,35.8,13.4,192,121.7,30.4,Low-End,Good,Uttar Pradesh
Knowledge Distillation,MobileNetV2,Education,92.4,91.6,97.4,53.9,422.3,222.8,12.5,Low-End,Good,Assam
Weight Sharing,EfficientNet,Education,87.8,85.9,92.6,27.9,590.2,305.9,33.3,Low-End,Good,West Bengal
Pruning,ResNet50,Agriculture,86.5,84,88.7,35,376.2,259.2,34.1,Low-End,Poor,Uttar Pradesh
Quantization,MobileNet,Healthcare,93.7,91.1,29.5,20.2,412.6,287.9,32.2,Mid-Range,Good,Bihar
Knowledge Distillation,MobileNetV2,Healthcare,90.6,89.9,30.6,20.5,263.2,149,20.7,Mid-Range,Good,Odisha
Weight Sharing,ResNet50,Healthcare,88.3,87.5,64.7,22.2,314.9,217,34.7,Low-End,Good,Andhra Pradesh
Pruning,MobileNet,Education,83.1,82,66.7,20.6,591.3,458.6,18,Low-End,Good,Assam
Quantization,ResNet50,Agriculture,93,91.3,17.5,9.5,203.9,153.1,38.4,Low-End,Good,Tamil Nadu
Knowledge Distillation,MobileNetV2,Education,89.9,88,34.1,16.6,428.2,263.7,10.9,Low-End,Good,Chhattisgarh
Weight Sharing,EfficientNet,Education,90.2,87.5,81.8,49.4,312.5,164.4,13.2,Low-End,Moderate,Madhya Pradesh
Pruning,ResNet50,Healthcare,86.9,84.2,14.2,4.9,338.7,177.7,11.8,Low-End,Moderate,Uttar Pradesh
Quantization,MobileNetV2,Agriculture,83.4,81.6,77.7,52.5,503.1,372.7,29.2,Low-End,Poor,Assam
Knowledge Distillation,SqueezeNet,Healthcare,93.2,91.3,47.5,16.6,402,210.9,27.2,Mid-Range,Good,Assam
Weight Sharing,ResNet50,Healthcare,88.6,86,22.1,11.8,408.7,240.8,38.3,Mid-Range,Moderate,Madhya Pradesh
Pruning,EfficientNet,Education,84.7,84.1,16.5,6.7,491.5,258.7,36.7,Mid-Range,Good,Odisha
Quantization,ResNet18,Education,88.1,87.6,99.7,69.2,299.5,176.3,16.9,Mid-Range,Good,Andhra Pradesh
Knowledge Distillation,EfficientNet,Education,86.8,85.8,17.7,6.4,151,92.7,12.2,Low-End,Good,Tamil Nadu
Weight Sharing,MobileNetV2,Healthcare,89.1,86.7,6.7,3.2,368.5,234,33.8,Low-End,Good,Jharkhand
Pruning,MobileNet,Healthcare,92.1,90.4,17.9,6.2,355.9,267.3,35.2,Low-End,Moderate,Odisha
Quantization,ResNet18,Agriculture,90.1,87.8,79.1,52.1,464.8,279.6,10.2,Mid-Range,Poor,West Bengal
Knowledge Distillation,EfficientNet,Education,87.1,85.2,4.1,2.9,179.1,137.1,30.5,Mid-Range,Poor,Bihar
Weight Sharing,EfficientNet,Education,88.1,85.4,38.7,19.8,233.1,140.9,34.2,Mid-Range,Good,Andhra Pradesh
Pruning,ResNet18,Agriculture,84.9,82.7,36.5,25.1,382.6,195.5,13.8,Low-End,Good,Tamil Nadu
Quantization,SqueezeNet,Education,93.2,92.6,25.8,17.5,204.8,124.4,36.4,Mid-Range,Poor,Manipur
Knowledge Distillation,ResNet18,Education,90.9,88.5,56.9,24,188.7,103.8,22.7,Mid-Range,Moderate,Andhra Pradesh
Weight Sharing,EfficientNet,Agriculture,92.5,90.3,35.3,23,452.1,347.8,21.5,Mid-Range,Poor,Jharkhand
Pruning,MobileNet,Agriculture,87.8,86.7,21.1,12.3,167.6,91.7,14.9,Low-End,Poor,Jharkhand
Quantization,EfficientNet,Agriculture,83.2,81.3,16.5,10.2,223.1,164.5,28.3,Low-End,Moderate,Assam
Knowledge Distillation,EfficientNet,Healthcare,89.7,87.3,86.2,51.4,189.5,136.9,25.4,Mid-Range,Moderate,West Bengal
Weight Sharing,ResNet18,Agriculture,90.8,90.1,43.3,21.2,169.1,100.5,13.3,Low-End,Moderate,Assam
Pruning,EfficientNet,Agriculture,91.1,88.7,87.2,48.7,369.9,274.3,22,Mid-Range,Moderate,West Bengal
Quantization,ResNet18,Healthcare,84.9,82.1,76.3,45,403.7,248.2,29,Mid-Range,Good,Manipur
Knowledge Distillation,MobileNetV2,Healthcare,89.5,88.6,54.7,20.7,279.8,147,23,Low-End,Moderate,Manipur
Weight Sharing,MobileNetV2,Education,84.7,82.5,72.5,47.4,288.7,226.4,32.5,Mid-Range,Moderate,Andhra Pradesh
Pruning,MobileNet,Agriculture,93.2,90.5,84.8,57.3,189.2,99.3,16.3,Mid-Range,Good,Assam
Quantization,ResNet18,Education,92.1,90.3,15.1,8.4,347,199.7,35.1,Low-End,Moderate,Odisha
Knowledge Distillation,ResNet18,Healthcare,84.1,82.1,8.8,6,192.9,148.3,12.1,Low-End,Poor,Uttar Pradesh
Weight Sharing,EfficientNet,Agriculture,87,84.9,77.2,41.5,413.6,257.6,21.2,Low-End,Poor,Rajasthan
Pruning,ResNet18,Education,84.2,82.5,29.6,19.6,538.9,328.6,14.6,Low-End,Moderate,Rajasthan
Quantization,EfficientNet,Education,91.2,90.6,79.6,25.1,487.1,322.8,37.9,Mid-Range,Good,Chhattisgarh
Knowledge Distillation,SqueezeNet,Agriculture,85.2,84.3,22,8.1,574.9,304,21.8,Mid-Range,Moderate,Chhattisgarh
Weight Sharing,ResNet50,Education,86.4,85.7,67.8,29.7,432.2,299.7,21.6,Low-End,Good,Chhattisgarh
Pruning,EfficientNet,Agriculture,89,86.6,66.8,30,493.2,349.8,29.7,Low-End,Moderate,Assam
Quantization,ResNet50,Healthcare,91.7,90.2,52.8,26.6,390.4,202.4,38,Low-End,Moderate,Tamil Nadu
Knowledge Distillation,SqueezeNet,Agriculture,89.9,87.3,11.3,4.8,466,362.8,30.8,Low-End,Moderate,Tamil Nadu
Weight Sharing,MobileNet,Healthcare,86.6,83.8,32.5,17.5,369.5,267.2,37.6,Low-End,Good,Andhra Pradesh
Pruning,SqueezeNet,Education,89.7,89.1,57.1,26.9,196.2,144.4,33.3,Mid-Range,Moderate,Manipur
Quantization,SqueezeNet,Agriculture,91.9,89.7,60.6,27.1,397.7,248.3,20.6,Low-End,Poor,Rajasthan
Knowledge Distillation,MobileNetV2,Education,91.2,89.2,6.9,3.8,385.6,299.8,11.8,Mid-Range,Good,Rajasthan
Weight Sharing,MobileNet,Agriculture,86.4,83.5,89.1,41.2,586.2,356.2,30.4,Mid-Range,Poor,Uttar Pradesh
Pruning,MobileNetV2,Healthcare,86.2,85.1,33.3,20.6,411.6,245.7,33,Low-End,Poor,Odisha
Quantization,MobileNetV2,Agriculture,89.3,87.3,60.6,35.6,214.5,159.4,38.6,Mid-Range,Good,Andhra Pradesh
Knowledge Distillation,SqueezeNet,Healthcare,92.8,90,93.6,55.8,461,288.4,26.2,Low-End,Poor,Uttar Pradesh
Weight Sharing,ResNet18,Healthcare,86,83.1,81,27.8,587,403.7,34.3,Low-End,Good,Jharkhand
Pruning,MobileNet,Education,92.1,89.5,33.7,22.4,536.5,422,12.9,Mid-Range,Poor,Madhya Pradesh
Quantization,MobileNet,Agriculture,87.9,85.8,82.7,50.1,530.5,390,18.3,Low-End,Moderate,Odisha
Knowledge Distillation,SqueezeNet,Agriculture,86.6,84.1,6.3,2,599.1,409.6,12.1,Mid-Range,Moderate,Rajasthan
Weight Sharing,SqueezeNet,Healthcare,87.3,85,15.6,6,299.8,168.9,10.8,Low-End,Poor,Tamil Nadu
Pruning,MobileNetV2,Healthcare,88.1,85.6,15,7,279.5,214.9,32.1,Low-End,Poor,Odisha
Quantization,ResNet50,Education,91.7,89.8,38.8,16.7,387.1,218.7,25.6,Mid-Range,Moderate,Assam
Knowledge Distillation,SqueezeNet,Healthcare,86.4,84.5,56.6,31.8,341.8,187.8,34.6,Mid-Range,Moderate,Jharkhand
Weight Sharing,MobileNetV2,Healthcare,90.8,89.4,29.9,15.5,281.5,193.5,38.1,Mid-Range,Moderate,West Bengal
Pruning,SqueezeNet,Agriculture,84.5,82.4,38.9,14.2,590.2,327.6,19,Mid-Range,Poor,Rajasthan
Quantization,EfficientNet,Education,90,87.6,45.8,25,286.2,210.1,14.5,Mid-Range,Moderate,Tamil Nadu
Knowledge Distillation,ResNet18,Education,89,88.2,26.5,13.5,390.8,297.5,34.5,Mid-Range,Moderate,Andhra Pradesh
Weight Sharing,MobileNetV2,Education,86.9,85.9,45.8,29.6,298.6,170.2,21.4,Mid-Range,Moderate,Rajasthan
Pruning,MobileNetV2,Agriculture,89.2,86.9,91.7,35.9,270,144.5,28.4,Low-End,Poor,Manipur
Quantization,EfficientNet,Agriculture,85.1,83.7,5.4,2.4,215.5,138.5,20.9,Low-End,Moderate,Andhra Pradesh
Knowledge Distillation,ResNet18,Agriculture,89.8,88.3,72.7,30.1,420.7,272.5,30.6,Low-End,Good,Tamil Nadu
Weight Sharing,MobileNetV2,Agriculture,94,93.4,54,32.8,182.6,143,35.8,Low-End,Moderate,Andhra Pradesh
Pruning,EfficientNet,Healthcare,88,86.8,37.4,11.6,444.9,242.7,22.8,Mid-Range,Moderate,Tamil Nadu
Quantization,EfficientNet,Agriculture,90.6,89.4,67.5,33,599.9,421.1,27.6,Mid-Range,Poor,Assam
Knowledge Distillation,SqueezeNet,Education,88.5,85.7,76.5,52.3,586.6,416.8,29.5,Low-End,Moderate,Chhattisgarh
Weight Sharing,SqueezeNet,Healthcare,86.5,83.8,44.4,15.6,298.9,219,24.8,Low-End,Moderate,Uttar Pradesh
Pruning,SqueezeNet,Agriculture,94,93,65.3,45.4,222.3,150.1,27.7,Mid-Range,Poor,Odisha
Quantization,SqueezeNet,Education,85.6,82.8,32.1,19,529.3,417.8,26.3,Mid-Range,Moderate,Madhya Pradesh
Knowledge Distillation,MobileNetV2,Healthcare,83.3,82.3,12.3,5.4,257.2,138.4,32.1,Mid-Range,Good,Bihar
Weight Sharing,MobileNet,Education,90,89.1,90.3,49,381.7,211.5,12.3,Mid-Range,Moderate,Assam
Pruning,EfficientNet,Healthcare,87.2,86.6,12.2,5.8,298.6,166.7,14.3,Low-End,Poor,Odisha
Quantization,MobileNet,Healthcare,87.2,86.3,64.3,21.7,162.6,108.5,26.1,Mid-Range,Good,West Bengal
Knowledge Distillation,ResNet50,Education,85.7,85.2,80.4,56.3,299.5,162.9,29.8,Mid-Range,Moderate,Jharkhand
Weight Sharing,ResNet18,Healthcare,84.9,83,47.3,28.5,309.6,215.5,12.8,Mid-Range,Moderate,Madhya Pradesh
Pruning,ResNet18,Healthcare,92.3,90.2,71,46.7,271.2,162.3,19.1,Mid-Range,Good,West Bengal
Quantization,ResNet18,Agriculture,93.6,91.6,34,10.2,182.6,116.3,27.2,Low-End,Moderate,Andhra Pradesh
Knowledge Distillation,MobileNetV2,Agriculture,88.3,86.8,84.2,49.5,453.6,257.1,12.8,Low-End,Poor,Bihar
Weight Sharing,ResNet18,Education,87.4,85.1,29.5,17.2,344.5,212.2,17.4,Mid-Range,Moderate,Odisha
Pruning,EfficientNet,Agriculture,92.3,89.9,65.2,25,528.5,382.5,35,Mid-Range,Moderate,Rajasthan
Quantization,MobileNetV2,Agriculture,88.8,87.9,70.8,27.6,233.1,147.5,11.1,Mid-Range,Moderate,Uttar Pradesh
Knowledge Distillation,ResNet18,Healthcare,90.3,89.2,44.7,27.1,305.6,242.4,12.2,Mid-Range,Good,Madhya Pradesh
Weight Sharing,SqueezeNet,Education,91.5,89.3,52.6,27.7,311.8,230.9,11,Low-End,Moderate,Assam
Pruning,SqueezeNet,Education,90.6,88.8,95.8,44.2,513.5,276.2,39.7,Low-End,Moderate,Manipur
Quantization,ResNet18,Healthcare,92.7,90.7,74.9,36,368.4,254.7,35.8,Mid-Range,Good,Manipur
Knowledge Distillation,MobileNet,Healthcare,86.1,84.4,87,54.4,368.5,223.4,39.2,Mid-Range,Moderate,Uttar Pradesh
Weight Sharing,ResNet50,Healthcare,93.6,91.9,37.2,16.2,409.2,314.8,35.4,Mid-Range,Good,Madhya Pradesh
Pruning,MobileNetV2,Agriculture,89.5,88.4,87.1,29.1,550.4,401.6,24.5,Mid-Range,Good,Andhra Pradesh
Quantization,ResNet50,Agriculture,83.4,81.7,40.6,22.5,568.5,381.3,27.8,Low-End,Good,Andhra Pradesh
Knowledge Distillation,MobileNetV2,Agriculture,87,84.2,38.6,15,448.6,333,15.6,Low-End,Poor,Jharkhand
Weight Sharing,MobileNet,Education,87.3,84.3,43.2,19,296.4,155.8,18.9,Mid-Range,Poor,Odisha
Pruning,ResNet18,Agriculture,84.7,83.7,62.7,19,568.8,311.4,24.9,Low-End,Good,Tamil Nadu
Quantization,SqueezeNet,Healthcare,88.5,85.6,58.8,21.4,447.9,309.8,23.5,Low-End,Moderate,West Bengal
Knowledge Distillation,ResNet18,Healthcare,88.6,87.3,25.1,13,216.7,138,21.1,Low-End,Moderate,Madhya Pradesh
Weight Sharing,ResNet18,Education,90.5,88.1,44.2,26.3,425.9,213,10.3,Mid-Range,Moderate,Chhattisgarh
Pruning,ResNet18,Education,90.2,87.3,49.3,15,562.9,440.3,28.8,Low-End,Moderate,Assam
Quantization,SqueezeNet,Agriculture,86.5,84.8,40.5,20,399.9,271,25.5,Low-End,Good,Manipur
Knowledge Distillation,ResNet18,Agriculture,89.7,89,71.2,43.3,220.5,126.4,39.5,Mid-Range,Good,Uttar Pradesh
Weight Sharing,SqueezeNet,Healthcare,93.5,90.6,21.9,9.7,185.2,113,26.8,Mid-Range,Good,Rajasthan
Pruning,EfficientNet,Healthcare,91.9,90.6,16.1,9.6,327.7,251,22.5,Mid-Range,Moderate,Tamil Nadu
Quantization,SqueezeNet,Healthcare,92.6,90.5,74.6,43.2,150.6,116.2,31.3,Mid-Range,Poor,Odisha
Knowledge Distillation,ResNet18,Agriculture,91.8,91.1,78.2,48.4,249.2,195.6,38.4,Low-End,Poor,Rajasthan
Weight Sharing,MobileNetV2,Agriculture,83.8,82.9,47.7,24.8,553,353.6,26.1,Low-End,Moderate,Assam
Pruning,ResNet50,Education,92.3,91.3,51.3,26.9,262.2,173.4,29.2,Low-End,Good,Andhra Pradesh
Quantization,EfficientNet,Healthcare,90.3,87.6,9.4,5.8,207.8,126.7,25.7,Mid-Range,Good,Odisha
Knowledge Distillation,ResNet50,Agriculture,84.2,83,58.8,18.9,470.1,369,15.1,Low-End,Poor,Andhra Pradesh
Weight Sharing,MobileNetV2,Agriculture,88.1,86.7,70.5,23.1,586.5,328.5,36.5,Low-End,Good,Manipur
Pruning,ResNet18,Agriculture,88,85.2,40,24.6,332.6,239,20.5,Low-End,Good,Jharkhand
Quantization,SqueezeNet,Healthcare,84.9,83.8,77.8,49.9,546.6,313.6,15.8,Low-End,Moderate,Odisha
Knowledge Distillation,EfficientNet,Agriculture,84.1,82.8,53.8,17.6,570,378.4,38.2,Low-End,Good,West Bengal
Weight Sharing,EfficientNet,Agriculture,90,87.3,75.3,40.2,265.7,211,14.8,Mid-Range,Poor,Bihar
Pruning,ResNet50,Agriculture,83.5,82.5,63,32.1,296.6,156,30.3,Low-End,Moderate,Rajasthan
Quantization,ResNet50,Education,88,86.1,12.3,7.2,264.9,139,16.7,Low-End,Poor,Assam
Knowledge Distillation,ResNet18,Education,89.8,87,57.8,24.1,579,455.7,39.7,Low-End,Poor,Uttar Pradesh
Weight Sharing,MobileNetV2,Healthcare,83.2,82.5,61.4,25,208.4,131.1,25.6,Low-End,Moderate,West Bengal
Pruning,ResNet18,Education,83.5,81.7,24.9,11.9,552,398.7,32.4,Mid-Range,Good,Tamil Nadu
Quantization,MobileNet,Agriculture,87.4,84.6,78.5,41.8,355.2,182.4,21.3,Low-End,Moderate,Madhya Pradesh
Knowledge Distillation,MobileNet,Education,86.9,86,72.9,24.8,569.3,422.2,25.8,Mid-Range,Poor,Chhattisgarh
Weight Sharing,MobileNet,Education,93.2,92.3,29.4,20.4,238.5,144.3,38.6,Mid-Range,Moderate,Madhya Pradesh
Pruning,MobileNet,Healthcare,84.9,84.1,90.2,37.5,272.9,146.5,22.9,Low-End,Poor,Andhra Pradesh
Quantization,ResNet50,Agriculture,84.5,81.7,92.9,37.3,577.3,407,37.6,Low-End,Good,Chhattisgarh
Knowledge Distillation,MobileNet,Agriculture,86.2,83.4,15.7,6.8,265.3,149.3,39.5,Low-End,Moderate,Rajasthan
Weight Sharing,EfficientNet,Agriculture,90.8,90.1,11.3,5.6,535,294,17.3,Low-End,Poor,Chhattisgarh
Pruning,EfficientNet,Agriculture,85.2,83.6,84.4,42.3,183.9,98.2,20.3,Mid-Range,Good,Madhya Pradesh
Quantization,MobileNetV2,Agriculture,84.9,83,59.7,24.5,579.4,303.9,28.2,Low-End,Moderate,West Bengal
Knowledge Distillation,ResNet50,Agriculture,84.3,82,52.8,25.5,184,124,14.4,Low-End,Moderate,Chhattisgarh
Weight Sharing,MobileNetV2,Agriculture,86,85,87.9,28.1,322.3,171.6,35.4,Low-End,Good,Bihar
Pruning,EfficientNet,Healthcare,91.5,89.4,54.2,23.2,488.2,313.2,26.6,Low-End,Moderate,Bihar
Quantization,MobileNet,Education,91.9,90.7,90.2,47.8,359.7,258.2,39.1,Low-End,Moderate,Manipur
Knowledge Distillation,ResNet18,Agriculture,93.9,92.2,21,7.6,264.1,195.5,24.3,Mid-Range,Good,Manipur
Weight Sharing,MobileNetV2,Healthcare,84.7,83.6,84.1,53.6,546.3,422.9,18.8,Mid-Range,Poor,Manipur
Pruning,EfficientNet,Agriculture,90,89.5,76.1,34.1,204.3,124,35.9,Mid-Range,Good,Rajasthan
Quantization,MobileNetV2,Education,88.4,86.9,6.8,2.4,557.9,328.8,29,Low-End,Poor,Chhattisgarh
Knowledge Distillation,ResNet50,Education,87,85.2,73,27.6,220.5,132.9,10.3,Mid-Range,Good,Bihar
Weight Sharing,MobileNetV2,Agriculture,84.1,83.6,41.9,24.6,262.4,195.5,15.6,Mid-Range,Moderate,Rajasthan
Pruning,SqueezeNet,Education,91.4,89.7,29,15.9,258.2,145.6,35.7,Low-End,Moderate,Andhra Pradesh
Quantization,EfficientNet,Agriculture,89.5,88.9,69.1,37.3,475.8,261.9,32.7,Mid-Range,Moderate,Chhattisgarh
Knowledge Distillation,EfficientNet,Agriculture,88.8,87.5,85.3,54.6,561.1,446.5,22.3,Mid-Range,Good,Tamil Nadu
Weight Sharing,MobileNet,Healthcare,89,86.9,12.8,8.3,575.9,334.3,15.1,Mid-Range,Good,Tamil Nadu
Pruning,EfficientNet,Education,93.1,91.3,62.5,41.9,583,460.2,36.2,Low-End,Good,Andhra Pradesh
Quantization,ResNet50,Agriculture,90.6,89.1,25.4,14.9,393,249,27.2,Mid-Range,Moderate,Bihar
Knowledge Distillation,MobileNet,Healthcare,93.4,91.8,33.1,22.9,278.7,174.8,36.3,Mid-Range,Good,Jharkhand
Weight Sharing,SqueezeNet,Agriculture,91.1,89.7,49.2,24.9,356.9,214.9,25.1,Low-End,Moderate,Jharkhand
Pruning,ResNet50,Healthcare,91.9,90.4,36,24.5,421.4,269,26.4,Mid-Range,Poor,Bihar
Quantization,MobileNetV2,Healthcare,92.7,91.7,65.8,37.3,432.9,279.7,25.9,Mid-Range,Moderate,Odisha
Knowledge Distillation,ResNet18,Healthcare,91.1,89.1,22.5,10.3,526,273.2,19.7,Mid-Range,Poor,Tamil Nadu
Weight Sharing,SqueezeNet,Healthcare,84.5,82.7,75.8,25.1,213.2,119.9,27,Mid-Range,Good,Odisha
Pruning,ResNet50,Education,86,84.8,17.6,6.3,574,386.3,39.5,Mid-Range,Good,Chhattisgarh
Quantization,EfficientNet,Agriculture,84.2,82.8,93.1,58.6,453.1,335.4,23.2,Mid-Range,Good,Jharkhand
Knowledge Distillation,SqueezeNet,Agriculture,83.7,82.3,9.9,5.9,268.3,143,34.2,Mid-Range,Poor,Chhattisgarh
Weight Sharing,ResNet50,Education,84.7,84,87.4,40.1,176.6,133.6,29.8,Low-End,Good,West Bengal
Pruning,EfficientNet,Agriculture,85,83.4,24.2,15.6,238.7,178.8,29.3,Mid-Range,Good,Andhra Pradesh
Quantization,ResNet50,Education,92.8,92.1,49.6,28.7,248.8,173.6,22.3,Low-End,Good,Assam
Knowledge Distillation,SqueezeNet,Agriculture,83.5,82.8,97.2,42.3,238.6,160.6,37.4,Low-End,Poor,Bihar
Weight Sharing,MobileNetV2,Education,87.4,86.2,73.2,30.1,199.4,112.3,26.6,Mid-Range,Moderate,Manipur
Pruning,SqueezeNet,Healthcare,91.9,89.4,28.9,13.2,557,368,16,Low-End,Poor,Madhya Pradesh
Quantization,ResNet50,Education,93.5,90.8,92,59,550.4,356.3,34.3,Low-End,Poor,Assam
Knowledge Distillation,SqueezeNet,Education,91.6,90.9,64.7,22.8,467,356.2,24.9,Low-End,Moderate,Madhya Pradesh
Weight Sharing,MobileNetV2,Education,83.2,82.3,92.8,64,513.8,291.8,35.1,Mid-Range,Moderate,Odisha
Pruning,ResNet50,Healthcare,90.5,90,77.2,50.7,286.3,197.5,24,Low-End,Poor,Andhra Pradesh
Quantization,MobileNetV2,Healthcare,89.7,88.6,58.5,32,488.5,272.4,20.8,Low-End,Good,Assam
Knowledge Distillation,MobileNet,Education,91.5,89.5,56.5,30.1,445.3,240.8,24.4,Low-End,Poor,Bihar
Weight Sharing,ResNet18,Agriculture,93.4,90.4,97.8,41.7,322.4,221.2,37.6,Low-End,Moderate,Rajasthan
Pruning,EfficientNet,Education,93.8,92.8,74.6,31.4,319.9,191.6,30.3,Mid-Range,Poor,Jharkhand
Quantization,EfficientNet,Healthcare,92.9,90.1,74,36.4,483,346.2,17.5,Mid-Range,Moderate,Madhya Pradesh
Knowledge Distillation,MobileNetV2,Healthcare,87.5,85.5,70.6,35.6,275.5,164.4,27.2,Low-End,Good,West Bengal
Weight Sharing,SqueezeNet,Agriculture,85.3,83.7,36.9,24,475.8,288.7,16.6,Low-End,Moderate,Jharkhand
Pruning,ResNet50,Education,87.1,85.9,13.1,8.4,391.5,263,17.1,Mid-Range,Poor,Andhra Pradesh
Quantization,SqueezeNet,Agriculture,86.3,84,7.5,4.7,204.3,113.6,24.1,Mid-Range,Poor,Odisha
Knowledge Distillation,ResNet50,Education,93.8,92.8,86.8,30.7,408.3,210.6,21.5,Mid-Range,Good,Jharkhand
Weight Sharing,ResNet18,Healthcare,93.8,92.7,17,7.2,544,408.5,13.4,Low-End,Good,Chhattisgarh
Pruning,ResNet18,Healthcare,86.3,84.1,61.5,36.1,596.8,359.7,39.8,Low-End,Moderate,Assam
Quantization,EfficientNet,Education,93.8,91.8,51.1,16.5,301,207.7,13.5,Low-End,Good,Jharkhand
Knowledge Distillation,ResNet18,Education,89.5,87.9,59.9,23.8,524.7,371,39.4,Low-End,Moderate,Assam
Weight Sharing,ResNet50,Healthcare,84.8,83.5,13.8,5.7,403.7,265.4,24,Mid-Range,Poor,Assam
Pruning,ResNet50,Education,88.3,87.4,61.3,26.4,327.6,245.1,13,Mid-Range,Moderate,Tamil Nadu
Quantization,MobileNetV2,Healthcare,84.6,82.5,24.2,11.8,191.8,140.1,20,Mid-Range,Good,Tamil Nadu
Knowledge Distillation,MobileNetV2,Agriculture,83.3,81.1,77.1,37.2,515,411.6,19.9,Low-End,Moderate,Bihar
Weight Sharing,SqueezeNet,Healthcare,89.7,88.8,42.7,27.1,480.4,257.7,33.4,Mid-Range,Poor,Manipur
Pruning,MobileNetV2,Education,93.4,90.5,24.6,8.5,269.4,135.3,38,Low-End,Good,Odisha
Quantization,EfficientNet,Agriculture,83.4,81.9,29.8,17.7,276,168,29.2,Mid-Range,Poor,Tamil Nadu
Knowledge Distillation,MobileNet,Education,91.9,90.9,75.3,31.6,343.7,248,33.3,Mid-Range,Good,Tamil Nadu
Weight Sharing,MobileNet,Agriculture,85.9,83.1,51.6,16.7,418.8,321.9,17.5,Low-End,Good,Andhra Pradesh
Pruning,ResNet18,Education,87.7,86.4,72.5,34,481.8,291.6,23.7,Mid-Range,Good,Jharkhand
Quantization,EfficientNet,Education,86.3,85.4,30.6,17.2,186.9,98.4,36.9,Mid-Range,Good,Bihar
Knowledge Distillation,EfficientNet,Education,85.8,85,91.6,56.9,384.7,292,21.4,Mid-Range,Moderate,Andhra Pradesh
Weight Sharing,SqueezeNet,Agriculture,86.6,85.5,77.8,30.1,391,243.5,19.9,Low-End,Poor,Assam
Pruning,MobileNetV2,Healthcare,90.7,89.4,57.6,20.5,152.9,95.5,35.3,Mid-Range,Good,Andhra Pradesh
Quantization,ResNet18,Education,90.9,89.7,41.2,25.8,497.3,335.8,11.2,Low-End,Moderate,Manipur
Knowledge Distillation,MobileNetV2,Agriculture,93.7,92.7,14.9,8.9,391.2,305.5,36.4,Low-End,Poor,Manipur
Weight Sharing,MobileNet,Agriculture,87.2,85.4,48.7,32.8,195.6,154.9,28.6,Mid-Range,Moderate,Uttar Pradesh
Pruning,ResNet18,Agriculture,87.8,86.8,26.3,11.4,595.1,412.6,20.5,Low-End,Poor,Jharkhand
Quantization,ResNet18,Agriculture,92.7,90.4,93.6,63.8,235.3,119,39.9,Low-End,Moderate,Tamil Nadu
Knowledge Distillation,MobileNetV2,Education,87.7,86.1,36.5,24.6,410.8,317.7,37.4,Mid-Range,Moderate,Rajasthan
Weight Sharing,SqueezeNet,Healthcare,87.4,84.7,35.2,13.4,369,253.1,29.7,Low-End,Moderate,Bihar
Pruning,MobileNet,Education,85.5,84,83,41,283.3,190.8,14.5,Mid-Range,Poor,West Bengal
Quantization,EfficientNet,Education,93.9,91.8,14.9,7.8,300.5,199.7,29.9,Low-End,Good,Assam
Knowledge Distillation,ResNet50,Education,90.8,88.3,19.3,11.6,162.9,83.8,22.8,Mid-Range,Poor,Andhra Pradesh
Weight Sharing,ResNet50,Agriculture,93,90.2,92.9,36.6,367.4,258.5,36.4,Mid-Range,Poor,Rajasthan
Pruning,ResNet50,Education,85.5,84.5,18.6,10.4,289.4,181.3,14.4,Low-End,Poor,Odisha
Quantization,ResNet50,Education,93.8,91.1,48.9,19.8,225.3,140.4,29,Mid-Range,Poor,Andhra Pradesh
Knowledge Distillation,SqueezeNet,Agriculture,89.8,87.3,68.6,23.5,598.5,319.3,28.6,Mid-Range,Poor,Manipur
Weight Sharing,MobileNetV2,Education,90.1,88.8,77.2,41.2,193.7,101.6,11.4,Mid-Range,Good,Odisha
Pruning,ResNet50,Education,85,83.6,91.8,27.6,234.7,146.2,19.1,Low-End,Moderate,Rajasthan
Quantization,ResNet18,Healthcare,84.5,83.8,76.8,36.8,577.7,348.2,20.3,Mid-Range,Poor,Chhattisgarh
Knowledge Distillation,EfficientNet,Education,88.4,86.3,28.7,14.7,386.4,308.6,32,Mid-Range,Moderate,Chhattisgarh
Weight Sharing,ResNet50,Education,93.3,91.2,65,45.4,418.1,244.9,28.7,Mid-Range,Good,West Bengal
Pruning,ResNet50,Agriculture,92.8,90.8,53.1,31.4,249,152.6,27.9,Low-End,Moderate,Tamil Nadu
Quantization,ResNet50,Education,87.8,87.1,42.3,13,494.9,374,28.4,Mid-Range,Moderate,Andhra Pradesh
Knowledge Distillation,MobileNet,Agriculture,93.7,92.4,70.4,46.9,456.9,315.3,34.4,Mid-Range,Moderate,Rajasthan
Weight Sharing,ResNet50,Healthcare,89.1,88.3,40.8,19.5,471,253,36.7,Mid-Range,Poor,Chhattisgarh
Pruning,ResNet18,Agriculture,84.7,82,23.8,10.1,575.9,429.4,23.8,Low-End,Poor,West Bengal
Quantization,MobileNetV2,Agriculture,84.2,82,72,40,158,110.4,22.6,Low-End,Poor,Rajasthan
Knowledge Distillation,ResNet50,Education,88.6,86,70.4,33.8,522.5,300.7,38.8,Low-End,Moderate,Jharkhand
Weight Sharing,MobileNetV2,Agriculture,87.5,85,12.3,5,400.4,253.6,14.1,Low-End,Good,West Bengal
Pruning,MobileNet,Healthcare,87.8,84.9,59.8,28.4,486.5,250.3,25.4,Mid-Range,Good,Chhattisgarh
Quantization,MobileNetV2,Agriculture,85.8,82.9,5.9,2.1,474.5,352.4,25.9,Low-End,Good,Andhra Pradesh
Knowledge Distillation,MobileNet,Healthcare,83.1,82.3,42.5,24.9,234,157.4,33.3,Low-End,Poor,Andhra Pradesh
Weight Sharing,EfficientNet,Healthcare,87.5,86.7,86.7,30.2,305.8,202.1,37,Mid-Range,Good,Tamil Nadu
Pruning,EfficientNet,Education,87.6,85.2,77.9,39.1,347.1,213.8,20.7,Low-End,Poor,Odisha
Quantization,SqueezeNet,Education,90,88,19.4,7.8,441.2,305.8,27.1,Mid-Range,Moderate,Andhra Pradesh
Knowledge Distillation,ResNet18,Education,90,89.1,15.9,7.3,254.2,145.8,25.4,Mid-Range,Poor,Assam
Weight Sharing,EfficientNet,Agriculture,87.5,86.3,95.3,42.5,413.4,248.3,27.6,Mid-Range,Good,Manipur
Pruning,MobileNet,Education,93,91.6,26.9,9.7,256.2,156,20.9,Mid-Range,Moderate,Madhya Pradesh
Quantization,ResNet50,Agriculture,93.2,91.4,57.2,27.3,401.2,277.2,30.1,Mid-Range,Good,Madhya Pradesh
Knowledge Distillation,SqueezeNet,Education,87.7,85.7,87.5,31.6,312.5,206.4,38.8,Mid-Range,Moderate,Odisha
Weight Sharing,MobileNetV2,Education,88.5,85.9,97.9,33,531.8,285,33.2,Mid-Range,Good,Madhya Pradesh
Pruning,ResNet18,Healthcare,87.6,84.7,84.8,33.1,163.3,127.1,34.7,Mid-Range,Moderate,Tamil Nadu
Quantization,MobileNetV2,Healthcare,90.9,90.3,38.7,15.9,474.6,319.8,36.6,Low-End,Poor,Uttar Pradesh
Knowledge Distillation,ResNet18,Agriculture,84.9,83.2,65.1,44.2,162.2,125.1,17.2,Low-End,Good,West Bengal
Weight Sharing,EfficientNet,Education,86.1,83.1,23.8,10,471.4,304.9,37.3,Low-End,Moderate,West Bengal
Pruning,ResNet18,Healthcare,84.2,83,30.7,13.1,158.1,100,26.9,Mid-Range,Good,Madhya Pradesh
Quantization,ResNet18,Healthcare,83.2,81.9,24.2,11.4,414.8,285.8,33.4,Low-End,Moderate,West Bengal
Knowledge Distillation,SqueezeNet,Education,84.4,83.2,58,22.8,474.9,258.7,22.5,Mid-Range,Poor,Uttar Pradesh
Weight Sharing,MobileNet,Healthcare,87.3,86.4,69.1,40.3,238.8,182.6,14.3,Mid-Range,Good,Jharkhand
Pruning,SqueezeNet,Agriculture,86,85.4,19,7.4,346.1,208.3,30.7,Mid-Range,Moderate,Madhya Pradesh
Quantization,ResNet50,Education,87.1,84.4,96.7,56.7,598.4,369.2,33.2,Low-End,Moderate,Tamil Nadu
Knowledge Distillation,ResNet18,Healthcare,87.4,86.4,34.2,10.6,163.7,91.8,10.2,Low-End,Good,Andhra Pradesh
Weight Sharing,MobileNetV2,Education,91.2,90.3,61,23.8,384.5,192.3,38.2,Mid-Range,Poor,Jharkhand
Pruning,SqueezeNet,Healthcare,88.3,86.9,60,21.2,594.3,418.5,31.7,Low-End,Poor,Madhya Pradesh
Quantization,EfficientNet,Education,90,88.3,63.4,44.3,321.5,174.3,15.6,Mid-Range,Good,Jharkhand
Knowledge Distillation,EfficientNet,Education,87.6,86,30.4,18.7,505.4,370.1,16.1,Mid-Range,Moderate,Andhra Pradesh
Weight Sharing,MobileNetV2,Education,86.5,85.1,29.7,14.9,283.6,174.1,26.2,Mid-Range,Good,Assam
Pruning,MobileNet,Healthcare,88.2,87.2,61.1,31.1,418.9,318.2,25.8,Low-End,Poor,Madhya Pradesh
Quantization,ResNet18,Agriculture,89.4,87.5,95.9,50.5,357.2,223.2,27.7,Low-End,Moderate,Madhya Pradesh
Knowledge Distillation,ResNet50,Agriculture,89.7,88.6,72.6,24.7,519.7,412,22.5,Low-End,Good,Tamil Nadu
Weight Sharing,MobileNetV2,Agriculture,83.6,81.4,91.5,49.6,184.9,122.5,24.4,Mid-Range,Moderate,Odisha
Pruning,ResNet18,Education,88.6,86.4,43.1,23.3,155,100.7,13.3,Low-End,Poor,Manipur
Quantization,MobileNet,Healthcare,86.1,84.5,44,15.2,411.6,218.1,30.5,Low-End,Poor,Manipur
Knowledge Distillation,ResNet50,Education,93,90.9,28.4,12.6,526.3,412.4,31.2,Mid-Range,Moderate,Jharkhand
Weight Sharing,EfficientNet,Healthcare,86.3,85.6,81.8,27.1,570,289.7,29.4,Mid-Range,Moderate,Assam
Pruning,ResNet50,Education,84.8,83.6,38.8,19.3,441.8,294.7,19.9,Mid-Range,Good,Odisha
Quantization,MobileNetV2,Agriculture,85.7,83.8,18.3,12.2,456.6,317.9,36.3,Low-End,Poor,Madhya Pradesh
Knowledge Distillation,EfficientNet,Education,83,81.2,60.7,31,247.3,154.9,11,Mid-Range,Poor,Manipur
Weight Sharing,MobileNetV2,Agriculture,93.1,91.7,30.8,21,515.4,384.8,22.1,Mid-Range,Moderate,Bihar
Pruning,ResNet18,Healthcare,92.6,90.9,97,40,453.7,295.5,13.9,Mid-Range,Moderate,Bihar
Quantization,MobileNetV2,Education,83.4,82.6,72.8,43.2,165.2,114.3,19.6,Low-End,Moderate,Assam
Knowledge Distillation,MobileNet,Agriculture,83.5,81.6,93.5,57.2,369,247.4,35.3,Low-End,Poor,Bihar
Weight Sharing,SqueezeNet,Healthcare,85.7,82.9,20.7,11.3,242.1,139.6,18.6,Low-End,Poor,Odisha
Pruning,ResNet18,Agriculture,87.7,85.8,73.9,39,402.6,260.1,22.4,Low-End,Good,West Bengal
Quantization,MobileNet,Education,83.1,81.3,39.7,25,421.4,336,39.1,Low-End,Moderate,Chhattisgarh
Knowledge Distillation,SqueezeNet,Agriculture,93.2,91.8,70.2,45.1,381.8,260.1,13.5,Mid-Range,Moderate,Manipur
Weight Sharing,EfficientNet,Agriculture,85,84.4,28.3,14.8,498.4,390.5,14.5,Low-End,Good,Assam
Pruning,ResNet18,Healthcare,91.6,90.5,77.7,47.4,184.1,130.5,13.4,Mid-Range,Poor,West Bengal
Quantization,ResNet50,Healthcare,90.8,88.6,68.3,34.9,341.7,233.7,27.9,Mid-Range,Poor,Manipur
Knowledge Distillation,EfficientNet,Healthcare,86.1,84.1,53.7,25.7,505.1,396.3,33.4,Low-End,Good,Assam
Weight Sharing,ResNet50,Agriculture,84.6,83.2,52.4,31.2,303.4,180.5,39.6,Low-End,Poor,Odisha
Pruning,MobileNet,Agriculture,88.1,85.1,31.2,12.2,363.4,224.4,32.5,Mid-Range,Good,Uttar Pradesh
Quantization,EfficientNet,Agriculture,85.2,83.6,68.8,25,455.3,318.6,34.3,Low-End,Poor,Bihar
Knowledge Distillation,ResNet18,Agriculture,90.6,88.4,9.2,3.9,228.5,182.3,18.2,Mid-Range,Moderate,West Bengal
Weight Sharing,ResNet18,Healthcare,86.6,85.4,88.3,45.2,481.4,350.8,23.8,Mid-Range,Good,Assam
Pruning,ResNet50,Agriculture,86.2,83.7,85.5,44.4,399.5,202.5,36.7,Mid-Range,Moderate,Chhattisgarh
Quantization,EfficientNet,Agriculture,84.5,84,68.5,43.5,457.5,261.1,26.6,Low-End,Good,West Bengal
Knowledge Distillation,MobileNetV2,Education,87.6,86.9,29.3,18.3,452.4,282,34.7,Low-End,Good,Manipur
Weight Sharing,MobileNetV2,Education,87.7,86.3,35.5,24.3,544,413.6,10.5,Mid-Range,Good,Odisha
Pruning,MobileNet,Agriculture,84.2,83,71.1,27.1,290.6,232.4,26,Low-End,Moderate,Uttar Pradesh
Quantization,MobileNetV2,Education,92.6,91.1,38.2,13.3,575.6,340.2,33.8,Low-End,Poor,West Bengal
Knowledge Distillation,ResNet18,Education,84.3,81.7,88.8,34.7,164.9,93.4,31.6,Low-End,Poor,Andhra Pradesh
Weight Sharing,ResNet18,Agriculture,91.6,90.4,44.7,30.7,447.1,238.6,14.3,Low-End,Moderate,Odisha
Pruning,MobileNetV2,Healthcare,84.4,81.5,83.8,57.1,579.7,371.3,19.1,Mid-Range,Poor,Madhya Pradesh
Quantization,MobileNet,Agriculture,93.2,91.8,39.2,16.5,358.7,221,32.6,Mid-Range,Poor,Uttar Pradesh
Knowledge Distillation,SqueezeNet,Healthcare,85.3,84,11.4,4.1,527.7,333.3,11.9,Mid-Range,Good,Chhattisgarh
Weight Sharing,MobileNet,Healthcare,85.2,83.9,81.2,53.5,420.3,307.8,35.5,Low-End,Good,Andhra Pradesh
Pruning,MobileNet,Agriculture,87.7,85.5,14.2,4.8,556.8,412.7,39.3,Mid-Range,Good,Odisha
Quantization,MobileNetV2,Healthcare,88.5,88,46.5,23.8,592,338.6,39.1,Low-End,Moderate,West Bengal
Knowledge Distillation,SqueezeNet,Agriculture,91.9,89.5,63.6,41.3,403.3,236.3,39.1,Low-End,Moderate,West Bengal
Weight Sharing,SqueezeNet,Education,88.4,86.4,5.7,3.6,538.9,383.8,23.3,Mid-Range,Poor,Assam
Pruning,MobileNetV2,Healthcare,94,93.1,62.4,19.7,354.1,242.8,21.3,Mid-Range,Poor,Odisha
Quantization,SqueezeNet,Agriculture,90.1,88.9,39.6,17.1,549.1,309.9,24.2,Mid-Range,Moderate,Bihar
Knowledge Distillation,MobileNet,Healthcare,87.8,87.2,76.9,40.8,557.5,360.2,23.7,Mid-Range,Moderate,West Bengal
Weight Sharing,MobileNetV2,Healthcare,88.6,86.8,20.4,9.9,341.9,247.4,39.4,Low-End,Poor,Madhya Pradesh
Pruning,ResNet50,Healthcare,90.9,89.1,12,4.9,362.8,230,31.9,Mid-Range,Good,Chhattisgarh
Quantization,SqueezeNet,Education,91.8,90.3,32.7,17.2,344.4,251,18.6,Low-End,Good,Manipur
Knowledge Distillation,SqueezeNet,Healthcare,89.3,86.4,56,37.2,170.2,108.3,33.6,Mid-Range,Poor,Manipur
Weight Sharing,SqueezeNet,Healthcare,85.8,83.9,12.4,5.6,542.7,309.6,21.2,Low-End,Moderate,Rajasthan
Pruning,ResNet18,Agriculture,88,87.1,54.5,32,457.7,290.3,13.3,Mid-Range,Moderate,Chhattisgarh
Quantization,EfficientNet,Agriculture,86.5,83.7,38.9,12.8,542.6,291.8,31,Mid-Range,Good,Chhattisgarh
Knowledge Distillation,EfficientNet,Healthcare,88.1,85.8,84.1,28.3,536.1,329,35.9,Mid-Range,Poor,Assam
Weight Sharing,MobileNet,Education,87.9,86.4,13.2,7.7,420.5,291.2,38.6,Low-End,Moderate,Madhya Pradesh
Pruning,EfficientNet,Healthcare,92.5,91.4,51.5,28.3,528.3,325.9,25.6,Low-End,Good,West Bengal
Quantization,MobileNetV2,Education,85.1,84.3,96.8,59.1,417.5,302.5,34,Low-End,Poor,Assam
Knowledge Distillation,ResNet50,Education,93.4,91.8,76.1,29.7,331.4,225.5,13.9,Mid-Range,Good,Bihar
Weight Sharing,EfficientNet,Education,89.7,87.8,6,3.4,438.5,250.1,39.8,Mid-Range,Good,Uttar Pradesh
Pruning,MobileNet,Healthcare,87.9,86.6,13.6,4.1,376.6,256.1,39.8,Mid-Range,Good,West Bengal
Quantization,EfficientNet,Education,91.5,88.9,6.3,3.7,214.2,130.1,26.8,Low-End,Poor,Tamil Nadu
Knowledge Distillation,MobileNet,Education,91.6,89.3,54.4,23.7,464.2,305.2,13.9,Mid-Range,Poor,West Bengal
Weight Sharing,MobileNet,Healthcare,86.4,84,50.2,24.7,218.4,129.5,24.5,Mid-Range,Poor,Rajasthan
Pruning,SqueezeNet,Healthcare,87.6,86,59,30.3,248.5,158.2,14.1,Mid-Range,Moderate,Andhra Pradesh
Quantization,MobileNet,Healthcare,84.8,82.8,24.5,16.9,546.2,403.4,34.9,Low-End,Moderate,Madhya Pradesh
Knowledge Distillation,MobileNetV2,Agriculture,87.6,85,19.5,12.8,205.5,158.4,38.9,Mid-Range,Good,Uttar Pradesh
Weight Sharing,ResNet18,Healthcare,90,89.3,74.4,52,411.3,318.4,22.8,Mid-Range,Good,Chhattisgarh
Pruning,ResNet50,Healthcare,86.6,83.7,24.3,9.8,206.1,122.5,30.4,Low-End,Poor,Andhra Pradesh
Quantization,MobileNet,Agriculture,88.9,87.4,22.5,15.6,470.6,372.6,11.1,Mid-Range,Moderate,Rajasthan
Knowledge Distillation,ResNet50,Agriculture,88.4,86.5,21.9,7.3,543.7,302.2,35.3,Mid-Range,Good,Madhya Pradesh
Weight Sharing,ResNet18,Education,85.4,84.1,67.5,38.4,432.6,275.9,11.6,Low-End,Poor,Jharkhand
Pruning,MobileNet,Education,88.6,88.1,83.4,27.2,320.7,223.8,32.6,Low-End,Moderate,Andhra Pradesh
Quantization,ResNet18,Agriculture,89.1,86.2,49.2,15.9,422.7,308,28.4,Low-End,Moderate,Odisha
Knowledge Distillation,SqueezeNet,Education,84.7,82.9,43.8,20.1,590.3,307.9,24.9,Mid-Range,Moderate,Assam
Weight Sharing,MobileNet,Agriculture,84,82.4,65.9,34,377,242.8,28.2,Low-End,Moderate,Assam
Pruning,MobileNetV2,Healthcare,85,84.2,67.1,21,288.2,178.7,39.7,Low-End,Moderate,Uttar Pradesh
Quantization,SqueezeNet,Healthcare,87.1,84.2,56.5,33.7,302.5,213.9,10,Mid-Range,Moderate,Bihar
Knowledge Distillation,MobileNet,Agriculture,89.6,88.2,82,45.6,259.4,136.1,36,Mid-Range,Moderate,Tamil Nadu
Weight Sharing,ResNet50,Healthcare,91,88.7,97.4,40.2,295.9,164.3,29.5,Mid-Range,Poor,Manipur
Pruning,MobileNetV2,Healthcare,86.1,85.4,20,6.6,423.8,315.8,23.4,Mid-Range,Moderate,Tamil Nadu
Quantization,SqueezeNet,Healthcare,86.2,84,19.7,10.7,363.4,256.4,20.5,Mid-Range,Good,Odisha
Knowledge Distillation,MobileNet,Education,89.7,87.6,77.3,50.7,167.6,107.1,38.2,Mid-Range,Moderate,Tamil Nadu
Weight Sharing,ResNet50,Agriculture,87.8,86.4,43.3,15.7,217.8,115.3,20.1,Low-End,Good,Madhya Pradesh
Pruning,MobileNetV2,Healthcare,88.7,87.3,65.9,32.3,420.4,286,12.2,Low-End,Moderate,Rajasthan
Quantization,SqueezeNet,Agriculture,88.2,85.7,80.2,27.5,558.3,350.1,21.4,Low-End,Good,Andhra Pradesh
Knowledge Distillation,EfficientNet,Agriculture,88.3,86.2,36.8,25.2,199.3,101.5,29.2,Mid-Range,Poor,Odisha
Weight Sharing,ResNet50,Education,87.5,86.5,38.4,17.5,570.9,413.9,27.1,Low-End,Poor,Chhattisgarh
Pruning,SqueezeNet,Agriculture,93.9,91.4,32.6,10,181.2,103,17.4,Low-End,Moderate,Bihar
Quantization,ResNet18,Education,83.7,82.3,50,33.3,209.1,157,16.7,Mid-Range,Good,Chhattisgarh
Knowledge Distillation,MobileNet,Healthcare,84.6,82.9,33.1,17.3,446.8,236.5,14.3,Mid-Range,Poor,Tamil Nadu
Weight Sharing,ResNet50,Education,89.7,87.4,11.6,8,513.4,322.1,33.2,Mid-Range,Poor,West Bengal
Pruning,ResNet50,Agriculture,86.5,85.7,66.2,21.3,379.9,281.5,16.6,Mid-Range,Good,Jharkhand
Quantization,EfficientNet,Education,93,91.2,44,21.2,324.6,202.1,25.3,Mid-Range,Moderate,Odisha
Knowledge Distillation,ResNet18,Education,84.2,83.4,12.5,7.4,450.5,356.5,11.3,Mid-Range,Moderate,Jharkhand
Weight Sharing,MobileNetV2,Agriculture,89.2,86.5,96.1,44.5,489.9,337.8,10.5,Low-End,Good,Odisha
Pruning,EfficientNet,Agriculture,89.8,87.1,33.1,11.1,543.6,397.9,39.3,Low-End,Good,Chhattisgarh
Quantization,ResNet50,Healthcare,91.2,89.4,21.4,8.1,464.9,300.7,31.9,Mid-Range,Poor,Bihar
Knowledge Distillation,MobileNet,Agriculture,90.4,89.9,35.9,19.6,337.6,175.9,25.1,Mid-Range,Good,Rajasthan
Weight Sharing,SqueezeNet,Education,92.6,90.9,30.1,16.5,474,352.2,19.3,Low-End,Good,Andhra Pradesh
Pruning,ResNet50,Education,92,89.6,79.9,32.2,193.9,104.2,32.2,Low-End,Moderate,Rajasthan
Quantization,ResNet18,Healthcare,85.1,82.9,85.6,28.9,539.9,300.1,11.2,Low-End,Good,Odisha
Knowledge Distillation,EfficientNet,Agriculture,86.1,83.2,76.1,41.6,391.3,237.7,10,Low-End,Poor,Andhra Pradesh
Weight Sharing,EfficientNet,Education,84.7,83.9,98.8,40.9,429.8,259.6,20.5,Mid-Range,Good,West Bengal
Pruning,ResNet50,Education,89,87.2,63,41.5,270.9,156.6,19.1,Low-End,Good,Jharkhand
Quantization,MobileNet,Healthcare,90.6,89.4,48.8,18.5,154.3,115.3,29.2,Low-End,Poor,Assam
Knowledge Distillation,SqueezeNet,Agriculture,85.7,84.5,28.7,15.4,564.6,392.3,27.6,Low-End,Good,Chhattisgarh
Weight Sharing,ResNet18,Healthcare,87.3,84.8,70.1,34.8,386.2,233.1,21.1,Mid-Range,Moderate,Odisha
Pruning,MobileNetV2,Healthcare,89.7,87.4,71.2,33.6,466.2,330,33.7,Mid-Range,Good,Tamil Nadu
Quantization,EfficientNet,Agriculture,92.9,90.8,26.1,18.1,547.8,388,24.9,Mid-Range,Moderate,Manipur
Knowledge Distillation,SqueezeNet,Healthcare,83.8,82.7,66,46.2,358.6,258.2,26.5,Mid-Range,Poor,Tamil Nadu
Weight Sharing,EfficientNet,Agriculture,84.4,82.7,6.4,2,315.3,245.4,23.1,Low-End,Good,Tamil Nadu
Pruning,SqueezeNet,Healthcare,90.7,88,61.3,23.1,474.1,348.7,26.5,Low-End,Poor,Odisha
Quantization,SqueezeNet,Healthcare,86.5,84.2,23.1,15.1,505.1,347.2,37.4,Low-End,Good,Rajasthan
Knowledge Distillation,ResNet50,Agriculture,92.4,89.7,98.7,37.4,327.8,181.2,20,Low-End,Moderate,Assam
Weight Sharing,MobileNetV2,Healthcare,90.3,89.2,31.2,11,550.6,413.4,11.3,Mid-Range,Moderate,Madhya Pradesh
Pruning,ResNet18,Education,92.5,91.9,6.1,4,518.4,351.9,32.6,Low-End,Moderate,Bihar
Quantization,MobileNet,Education,83.1,80.5,75.4,26.2,236.1,129.9,23.1,Low-End,Poor,West Bengal
Knowledge Distillation,ResNet18,Education,89.8,88,44.7,21.4,504.3,301.7,15.4,Low-End,Poor,Assam
Weight Sharing,SqueezeNet,Agriculture,87.7,85.9,78.1,38.5,417,325.7,37.3,Mid-Range,Moderate,Tamil Nadu
Pruning,ResNet18,Education,88.4,86.9,67.5,41.7,164.5,100.9,35,Low-End,Poor,West Bengal
Quantization,SqueezeNet,Healthcare,89.5,88.7,24.1,10.2,375.3,264.1,16.8,Low-End,Poor,Odisha
Knowledge Distillation,SqueezeNet,Education,88.2,85.9,32.7,21.3,441.4,275.7,20.2,Low-End,Moderate,Rajasthan
Weight Sharing,MobileNet,Education,89.3,88.6,32.4,15.8,475.7,324.9,19.9,Low-End,Moderate,Chhattisgarh
Pruning,ResNet18,Education,93.2,91,34.1,11.6,592.1,338.7,23.5,Low-End,Poor,Rajasthan
Quantization,ResNet18,Agriculture,93.1,90.6,74.2,47.2,179.9,111.8,19.6,Low-End,Poor,Bihar
Knowledge Distillation,MobileNet,Education,91,89.6,72.4,49.2,383.2,257.6,20.5,Mid-Range,Moderate,Rajasthan
Weight Sharing,MobileNetV2,Education,89.2,88.5,80.3,34.4,432.1,328.3,35,Mid-Range,Moderate,Manipur
Pruning,MobileNet,Healthcare,91.4,88.6,94,28.8,369.6,265.6,11.9,Low-End,Moderate,Manipur
Quantization,MobileNet,Agriculture,92,90.5,27,9.5,193,151,34.9,Mid-Range,Good,Rajasthan
Knowledge Distillation,SqueezeNet,Healthcare,83.2,82,85,43,520.1,385,32.6,Low-End,Poor,Chhattisgarh
Weight Sharing,MobileNetV2,Education,93.6,91.8,18.4,7.6,598.7,474.9,28,Mid-Range,Moderate,Madhya Pradesh
Pruning,SqueezeNet,Agriculture,87.3,86.1,85.4,35.6,240.4,137.3,39.9,Mid-Range,Moderate,Bihar
Quantization,MobileNetV2,Agriculture,86.3,84.2,95.1,49.9,491.4,309.5,37.1,Low-End,Poor,Assam
Knowledge Distillation,MobileNet,Healthcare,92.9,90.2,65.5,39.6,479.8,323.9,36,Low-End,Good,Odisha
Weight Sharing,MobileNet,Agriculture,90.3,88.7,57.3,37.4,492,363.4,23.2,Low-End,Good,Tamil Nadu
Pruning,ResNet18,Education,90.6,89.5,59,23.5,490.2,384.1,30.6,Mid-Range,Poor,Assam
Quantization,MobileNet,Education,85,83,12.9,6.8,594.6,369.3,35.9,Low-End,Moderate,Chhattisgarh
Knowledge Distillation,ResNet50,Education,84.3,82.3,36.6,12.1,465,287.8,34.5,Low-End,Moderate,Assam
Weight Sharing,EfficientNet,Agriculture,86.4,83.7,48.6,30.9,587,433.2,34.6,Mid-Range,Good,Uttar Pradesh
Pruning,ResNet18,Education,91.6,90.7,49.8,24.3,570.4,402,39.1,Low-End,Poor,Manipur
Quantization,EfficientNet,Education,86.9,84.5,7.7,4.4,157.8,79,25.3,Mid-Range,Good,West Bengal
Knowledge Distillation,EfficientNet,Healthcare,91,89.5,96,62.9,472.8,353.4,39.2,Low-End,Moderate,Chhattisgarh
Weight Sharing,ResNet18,Agriculture,85.5,82.6,14,7.3,431.7,316.4,30.6,Low-End,Moderate,Madhya Pradesh
Pruning,EfficientNet,Agriculture,91.4,90.7,47.6,21.2,470.4,355.9,24.8,Mid-Range,Moderate,Tamil Nadu
Quantization,ResNet18,Education,89.7,88.2,41.5,22.1,506.1,294,34,Low-End,Moderate,Manipur
Knowledge Distillation,MobileNetV2,Agriculture,93.2,91.5,60.7,21.5,325.6,166.3,36.9,Low-End,Good,Chhattisgarh
Weight Sharing,ResNet50,Healthcare,91,88.2,35.6,11.3,540.3,301,27.4,Mid-Range,Poor,Tamil Nadu
Pruning,MobileNet,Agriculture,93.7,91.6,56.1,17.4,382.8,254.3,15.6,Mid-Range,Good,Jharkhand
Quantization,MobileNetV2,Healthcare,89.3,87.5,95.3,43.4,540.4,306.2,29.9,Low-End,Good,West Bengal
Knowledge Distillation,EfficientNet,Healthcare,93.6,92.2,5.4,1.7,186.1,144.7,15.5,Low-End,Moderate,Odisha
Weight Sharing,ResNet18,Healthcare,88,85.5,71.5,39.1,586.1,436.7,28.6,Low-End,Moderate,Andhra Pradesh
Pruning,ResNet50,Education,87.3,85.6,77.8,44.9,499.3,301.2,23.1,Mid-Range,Moderate,Manipur
Quantization,SqueezeNet,Education,85.3,82.4,46.9,19.3,397.5,231.7,12,Low-End,Moderate,Uttar Pradesh
Knowledge Distillation,EfficientNet,Agriculture,84,81.4,17.3,5.4,235.7,187,23.7,Low-End,Good,Chhattisgarh
Weight Sharing,ResNet18,Education,89.1,86.3,32.8,10.8,389.4,256.6,39.9,Low-End,Moderate,Tamil Nadu
Pruning,SqueezeNet,Healthcare,86.8,85.3,24.9,10.4,220.8,169.9,27.7,Low-End,Poor,Uttar Pradesh
Quantization,SqueezeNet,Education,85.9,83,91.9,40.7,458.7,320.5,34.7,Low-End,Poor,Odisha
Knowledge Distillation,ResNet18,Agriculture,88.7,85.9,54.7,35.6,181,129.2,31.3,Low-End,Poor,Odisha
Weight Sharing,MobileNet,Healthcare,84.2,82.7,24,10.4,520.2,331.8,32.8,Low-End,Moderate,Jharkhand
Pruning,MobileNetV2,Education,92.3,90.5,64.8,33,541.1,429.4,22.8,Low-End,Moderate,Manipur
Quantization,MobileNetV2,Education,92.3,91.1,55.3,21.9,506,301,16.8,Mid-Range,Good,Odisha
Knowledge Distillation,ResNet18,Agriculture,91.8,90.4,25.3,14.8,167.2,112.5,32.2,Mid-Range,Moderate,Uttar Pradesh
Weight Sharing,MobileNet,Agriculture,91.7,90.4,78.3,33.9,290.1,222.3,16,Low-End,Moderate,Rajasthan
Pruning,MobileNet,Agriculture,90.6,88.3,71.6,28.7,330.5,248.3,37.5,Low-End,Moderate,Tamil Nadu
Quantization,MobileNetV2,Agriculture,87.2,86.7,61.7,27.9,441.8,311.7,11.4,Low-End,Good,Madhya Pradesh
Knowledge Distillation,SqueezeNet,Education,85.7,84.6,55.1,25,233.4,140.5,37.4,Mid-Range,Poor,Assam
Weight Sharing,SqueezeNet,Healthcare,91.7,90.7,16.5,10.2,150.2,115.1,17,Mid-Range,Good,Andhra Pradesh
Pruning,SqueezeNet,Agriculture,85.1,83.8,56.3,28.3,410.3,312.3,32.5,Mid-Range,Moderate,Tamil Nadu
Quantization,EfficientNet,Healthcare,86.9,84.7,57,25.8,199.5,118.8,22.3,Low-End,Moderate,Rajasthan
Knowledge Distillation,ResNet50,Healthcare,87.1,86.6,39.4,16.7,244,186.4,15,Mid-Range,Good,Odisha
Weight Sharing,MobileNetV2,Healthcare,89.4,87.7,93.2,59.4,350.9,232.2,35.6,Low-End,Good,Bihar
Pruning,ResNet50,Healthcare,87.8,86.1,98.8,49.6,162.4,104.7,22.3,Low-End,Poor,Uttar Pradesh
Quantization,EfficientNet,Education,87.4,86.9,22.7,8.7,307.7,162,20.4,Mid-Range,Poor,Chhattisgarh
Knowledge Distillation,MobileNetV2,Agriculture,90.7,89.9,36.2,16.3,314.3,231.5,32.6,Low-End,Good,Chhattisgarh
Weight Sharing,MobileNet,Healthcare,91.5,89.6,48.5,19.1,369.2,253.7,35,Mid-Range,Moderate,Madhya Pradesh
Pruning,SqueezeNet,Education,83.7,81.2,61,28,207.9,105.6,29.8,Low-End,Good,Chhattisgarh
Quantization,ResNet18,Agriculture,89.9,89.3,27.1,16.4,193.3,101.5,19.3,Mid-Range,Good,Jharkhand
Knowledge Distillation,SqueezeNet,Education,83.1,80.7,39.3,23.3,272.2,159.6,31.7,Low-End,Good,Jharkhand
Weight Sharing,SqueezeNet,Education,90.6,88.7,77.4,46.2,579.8,377.9,34.2,Mid-Range,Moderate,Chhattisgarh
Pruning,MobileNet,Healthcare,87.7,85.1,26,14.3,568.2,369.6,38.7,Mid-Range,Moderate,West Bengal
Quantization,ResNet18,Education,86,84.3,30.9,13.3,386.2,260.2,22.9,Low-End,Moderate,Odisha
Knowledge Distillation,ResNet18,Agriculture,91.7,89.1,46.5,15.5,282.9,181,21.2,Low-End,Moderate,Uttar Pradesh
Weight Sharing,ResNet50,Agriculture,88.5,87.8,90.1,50.4,542.7,429.4,38.8,Mid-Range,Good,West Bengal
Pruning,MobileNet,Education,90.2,89.1,42.1,14.2,217,136.8,35.2,Low-End,Moderate,Manipur
Quantization,EfficientNet,Agriculture,93,91.6,91.2,61.3,546.1,435.9,34.4,Low-End,Poor,Assam
Knowledge Distillation,MobileNet,Healthcare,90.7,89.7,87.6,56.2,534.6,277.8,16.2,Mid-Range,Moderate,Bihar
Weight Sharing,EfficientNet,Healthcare,89.4,86.5,13.4,8.7,328.1,225.7,37.3,Mid-Range,Good,West Bengal
Pruning,EfficientNet,Agriculture,92.5,90.8,30.5,14,287.7,162.3,24.6,Mid-Range,Good,Tamil Nadu
Quantization,ResNet18,Education,93.6,91.6,63.2,39.3,442.6,304.3,17,Mid-Range,Good,Assam
Knowledge Distillation,MobileNetV2,Healthcare,85.8,83.8,32.6,16.1,497,296.5,29,Low-End,Poor,Jharkhand
Weight Sharing,EfficientNet,Agriculture,86.5,85.1,25.7,16.3,239.1,182.7,10,Low-End,Good,Jharkhand
Pruning,ResNet18,Healthcare,93.1,90.9,31,9.6,433,307.6,16.4,Low-End,Poor,West Bengal
Quantization,EfficientNet,Agriculture,86.1,84.6,32.4,21.2,485.5,348.2,17.8,Mid-Range,Poor,Assam
Knowledge Distillation,MobileNetV2,Healthcare,87.2,85.5,24.3,9.4,569,379.6,32.6,Mid-Range,Poor,West Bengal
Weight Sharing,ResNet18,Healthcare,93.6,91.2,35.2,15.8,213.9,166.7,19.3,Mid-Range,Good,Jharkhand
Pruning,MobileNetV2,Healthcare,91.4,90,69.6,29.4,515.5,372.4,39.7,Low-End,Good,Chhattisgarh
Quantization,EfficientNet,Education,92.6,91,13.6,8.4,471.9,329.4,15.7,Low-End,Moderate,Andhra Pradesh
Knowledge Distillation,SqueezeNet,Education,86.8,86.1,96.7,30.3,156.2,91.2,22.7,Low-End,Good,Uttar Pradesh
Weight Sharing,ResNet50,Healthcare,89.5,88.6,88.1,36.2,579.8,349.6,11.9,Low-End,Good,Rajasthan
Pruning,ResNet18,Education,93.2,92,94.6,34.5,559.6,434.8,21.4,Low-End,Poor,Andhra Pradesh
Quantization,SqueezeNet,Education,83.3,81.7,15.6,10,481.9,267.5,19.1,Low-End,Good,Manipur
Knowledge Distillation,ResNet50,Agriculture,90.9,89.1,81.8,41.7,175.2,135.1,15.1,Mid-Range,Good,Madhya Pradesh
Weight Sharing,ResNet18,Agriculture,83.2,81.8,24.3,7.8,338.9,177.6,21.9,Mid-Range,Moderate,Madhya Pradesh
Pruning,ResNet18,Education,93.9,91.6,69.6,28,363.3,275.1,10.7,Low-End,Moderate,Rajasthan
Quantization,MobileNet,Education,86.8,84.7,25.7,10.2,478.2,364.2,30.8,Low-End,Poor,West Bengal
Knowledge Distillation,EfficientNet,Healthcare,84,82.5,14.1,4.5,445.1,321.5,21.5,Low-End,Good,Manipur
Weight Sharing,ResNet18,Healthcare,83.4,81.6,44,27.7,429,293.5,21.8,Low-End,Poor,Uttar Pradesh
Pruning,MobileNetV2,Education,88.8,86.8,72.2,22.2,429.4,311.5,11.8,Low-End,Poor,Odisha
Quantization,ResNet50,Agriculture,88.3,87.7,9.5,3.2,502.9,368.1,18.1,Low-End,Good,West Bengal
Knowledge Distillation,EfficientNet,Agriculture,92.2,90.5,74.7,26.3,380.4,223.2,39.9,Low-End,Good,Jharkhand
Weight Sharing,MobileNetV2,Healthcare,89.2,87.3,38.6,22,170.4,118.7,33.8,Mid-Range,Moderate,Tamil Nadu
Pruning,SqueezeNet,Healthcare,88,87.1,39.7,27,544.5,344.9,13.9,Low-End,Moderate,Andhra Pradesh
Quantization,ResNet18,Healthcare,93.3,90.8,67.3,32.6,454.6,321.5,17.9,Mid-Range,Good,Manipur
Knowledge Distillation,EfficientNet,Agriculture,83.8,82.5,33.9,19.6,445.3,246.9,19.7,Mid-Range,Moderate,Andhra Pradesh
Weight Sharing,EfficientNet,Healthcare,85.4,82.7,61.8,31.8,162.4,121.4,33.5,Mid-Range,Poor,West Bengal
Pruning,MobileNet,Agriculture,90.8,88.8,83.2,28,196.2,118.7,14.9,Low-End,Good,Rajasthan
Quantization,SqueezeNet,Agriculture,89.5,88,77.6,52.8,217.9,124.6,33.2,Low-End,Good,Bihar
Knowledge Distillation,SqueezeNet,Education,91.5,90.5,96,47.6,260.3,153.1,21.6,Mid-Range,Poor,Rajasthan
Weight Sharing,SqueezeNet,Healthcare,85.2,83.4,44.1,24.8,374.7,271.9,13.5,Mid-Range,Moderate,Odisha
Pruning,EfficientNet,Healthcare,83.9,82.7,55.3,38.6,570.5,395.4,33.7,Low-End,Moderate,Andhra Pradesh
Quantization,MobileNet,Education,87.3,85.8,16,7.7,168.6,94,23.4,Mid-Range,Moderate,Chhattisgarh
Knowledge Distillation,ResNet50,Healthcare,92.9,90.2,74.5,46.8,271.1,174.5,33.2,Low-End,Good,Rajasthan
Weight Sharing,ResNet18,Education,90.6,89.4,53.9,18.4,167.4,132.9,34.7,Mid-Range,Moderate,Bihar
Pruning,MobileNet,Agriculture,86.2,84.1,95,54.3,360.5,183.5,20.1,Mid-Range,Poor,Uttar Pradesh
Quantization,ResNet18,Healthcare,84.4,81.9,9.7,6.7,472.7,356.1,39.7,Mid-Range,Moderate,Chhattisgarh
Knowledge Distillation,ResNet18,Healthcare,92.2,89.5,72.7,46.2,327.1,178.3,34.2,Mid-Range,Poor,Bihar
Weight Sharing,ResNet50,Healthcare,86.7,84.4,37.7,17.9,240.9,137.9,32.3,Mid-Range,Poor,Tamil Nadu
Pruning,ResNet18,Healthcare,89.3,86.5,91.5,62.6,278.1,182.4,19.3,Low-End,Poor,Chhattisgarh
Quantization,EfficientNet,Agriculture,86.1,85.4,86.2,42.2,170.7,118.6,38.6,Mid-Range,Poor,Assam
Knowledge Distillation,SqueezeNet,Agriculture,86.7,84.6,31.2,13.4,457.8,274.6,27.2,Mid-Range,Moderate,Assam
Weight Sharing,EfficientNet,Healthcare,92.7,90.4,93,47.8,568,358.6,35.6,Mid-Range,Poor,Andhra Pradesh
Pruning,MobileNet,Education,91.3,89.3,21.5,13.1,372.9,191.8,14.7,Low-End,Moderate,Assam
Quantization,ResNet50,Agriculture,85.3,83.3,45.8,22.1,476.1,379.5,11.2,Low-End,Moderate,Andhra Pradesh
Knowledge Distillation,MobileNet,Healthcare,93.6,91,96.3,34.5,484.2,375,33.9,Low-End,Moderate,Tamil Nadu
Weight Sharing,MobileNet,Healthcare,83.8,81.9,47.2,16.4,158.4,114.7,35.5,Low-End,Good,Madhya Pradesh
Pruning,ResNet18,Healthcare,91.7,89.8,77.8,26.2,225.5,129.3,14.3,Mid-Range,Poor,Jharkhand
Quantization,MobileNetV2,Education,84.1,81.6,90.7,53.2,464.4,355.3,23.5,Mid-Range,Good,Odisha
Knowledge Distillation,ResNet50,Agriculture,92.2,91.1,47.9,14.5,416.7,256.1,17.4,Low-End,Poor,Jharkhand
Weight Sharing,EfficientNet,Education,88.2,86.2,19.5,9.5,230.4,170,23.8,Low-End,Poor,Jharkhand
Pruning,MobileNetV2,Healthcare,87.4,85.8,84.2,52.3,560.3,386.1,11.8,Low-End,Poor,Madhya Pradesh
Quantization,SqueezeNet,Healthcare,83.5,82,24.4,15.4,442.2,267.5,26.5,Mid-Range,Moderate,Odisha
Knowledge Distillation,MobileNet,Agriculture,89.3,87.1,54.2,22,389.9,205.8,38.8,Mid-Range,Good,Uttar Pradesh
Weight Sharing,ResNet50,Healthcare,90.8,89.9,94.9,60.4,321.1,236.6,12.4,Low-End,Good,Madhya Pradesh
Pruning,SqueezeNet,Education,85.5,82.9,73.7,35.1,486.5,315.4,24.5,Mid-Range,Good,Bihar
Quantization,MobileNetV2,Education,91,89.8,99.9,56.9,584.8,407.4,38.2,Low-End,Poor,Tamil Nadu
Knowledge Distillation,MobileNetV2,Agriculture,84.8,83,31.8,18.7,497.1,323.9,18.6,Mid-Range,Moderate,Manipur
Weight Sharing,SqueezeNet,Education,93.2,91.9,25.9,17.6,154.7,117.7,16.7,Low-End,Good,Andhra Pradesh
Pruning,SqueezeNet,Healthcare,85,82.4,85,31.1,453.7,312.4,19.4,Mid-Range,Moderate,Uttar Pradesh
Quantization,MobileNet,Agriculture,85.8,83.3,51.1,31.6,480.9,319.3,38.6,Mid-Range,Moderate,Assam
Knowledge Distillation,ResNet18,Education,88.8,86.3,6.5,2.4,456.8,338.4,11.3,Low-End,Moderate,Bihar
Weight Sharing,SqueezeNet,Healthcare,93.1,91.5,34.2,17.3,289.5,192.4,27,Mid-Range,Good,Uttar Pradesh
Pruning,SqueezeNet,Healthcare,84.7,82.4,29.7,12.7,358.3,253.4,36.6,Mid-Range,Poor,Tamil Nadu
Quantization,MobileNet,Education,86.5,85.4,34.6,10.4,520,262.1,15.2,Mid-Range,Moderate,Andhra Pradesh
Knowledge Distillation,MobileNet,Education,89.8,88.2,18.4,12.1,570.1,331.3,16.7,Low-End,Good,Manipur
Weight Sharing,EfficientNet,Education,91.5,90.4,58.5,34.9,225.5,157.2,29.6,Low-End,Moderate,Rajasthan
Pruning,ResNet50,Education,88,85.5,83.5,46.4,583.1,316.7,23.7,Low-End,Good,Uttar Pradesh
Quantization,ResNet50,Healthcare,88.3,87,67.1,44.1,469.6,335.2,29.9,Low-End,Moderate,Bihar
Knowledge Distillation,EfficientNet,Education,88.7,87.1,47.1,16.9,409.5,311.6,13.2,Low-End,Moderate,Assam
Weight Sharing,MobileNetV2,Healthcare,88.7,86.5,43.5,21,265.2,192.1,21,Low-End,Good,Tamil Nadu
Pruning,ResNet18,Healthcare,91.9,90.6,83.4,38.9,488.8,265.2,24.6,Mid-Range,Good,Andhra Pradesh
Quantization,EfficientNet,Education,86.8,85.7,79.1,41.2,461.3,330,19.2,Low-End,Poor,Manipur
Knowledge Distillation,SqueezeNet,Healthcare,92.3,90.2,84.4,47.8,561.2,332.5,31.2,Low-End,Poor,Chhattisgarh
Weight Sharing,ResNet18,Education,83.1,81.4,62.5,19.2,569.4,301.4,17.9,Mid-Range,Good,Andhra Pradesh
Pruning,ResNet18,Agriculture,85.1,83.8,85.2,43.9,249.4,153.3,29.9,Mid-Range,Poor,Jharkhand
Quantization,EfficientNet,Healthcare,90.7,88.6,67.7,42.1,332.6,251.7,19,Mid-Range,Good,Jharkhand
Knowledge Distillation,ResNet18,Agriculture,86.9,84.1,95.3,58.6,327.3,169.7,38.4,Mid-Range,Good,Bihar
Weight Sharing,ResNet18,Education,84.8,83.7,85.7,43.5,213.5,114.3,31.3,Low-End,Poor,Jharkhand
Pruning,EfficientNet,Agriculture,87.6,86.9,24,11,540.8,314,30.7,Low-End,Moderate,Bihar
Quantization,EfficientNet,Education,91.5,89.6,50.5,16.3,484.8,262.6,13.4,Mid-Range,Moderate,Tamil Nadu
Knowledge Distillation,ResNet18,Education,83.5,81.7,76.5,30.7,542.8,301.5,36,Mid-Range,Poor,Bihar
Weight Sharing,MobileNetV2,Healthcare,88.6,87.7,60,39.3,557.7,332.8,15.7,Mid-Range,Good,Andhra Pradesh
Pruning,EfficientNet,Agriculture,89.9,87.1,81.8,31.1,256.8,198,32.2,Low-End,Moderate,Madhya Pradesh
Quantization,EfficientNet,Healthcare,92.3,89.7,56.6,36.7,555.1,356.7,33.6,Low-End,Poor,Andhra Pradesh
Knowledge Distillation,MobileNetV2,Education,85.4,83.7,76.9,42.1,348.4,216.7,11.8,Mid-Range,Poor,Odisha
Weight Sharing,EfficientNet,Healthcare,88.3,85.7,73.5,51.3,427.5,295.3,25.1,Mid-Range,Moderate,Uttar Pradesh
Pruning,MobileNetV2,Healthcare,93.3,90.4,6.1,1.9,161.8,89.4,27,Low-End,Good,Madhya Pradesh
Quantization,ResNet18,Agriculture,86.7,85.5,62.7,23.1,429.5,299.4,36.7,Low-End,Poor,Tamil Nadu
Knowledge Distillation,MobileNet,Education,92.1,90.9,53.6,25.9,448.6,272.8,28.1,Low-End,Poor,Bihar
Weight Sharing,ResNet50,Education,86.2,83.4,42.8,18.6,304.6,155.2,16.6,Low-End,Poor,Assam
Pruning,MobileNet,Healthcare,92.7,90.1,83.8,38.5,258.2,149.4,19.5,Low-End,Moderate,Odisha
Quantization,EfficientNet,Agriculture,84.9,84.1,40.1,17.5,284.6,148,38.4,Low-End,Good,Tamil Nadu
Knowledge Distillation,MobileNet,Education,86.1,84.4,69.2,21.2,354.6,220.8,22.6,Low-End,Moderate,Madhya Pradesh
Weight Sharing,MobileNet,Healthcare,89.5,88.3,18.1,9.2,450.5,227.7,22,Mid-Range,Good,West Bengal
Pruning,MobileNetV2,Agriculture,84.5,82.6,56.2,18.9,157.5,96.6,17,Mid-Range,Good,Bihar
Quantization,SqueezeNet,Education,93.3,92,82.7,35.9,368.4,215.6,20.9,Low-End,Good,Uttar Pradesh
Knowledge Distillation,MobileNet,Education,89.1,87.4,61,18.8,534.3,295.8,14.1,Mid-Range,Moderate,Rajasthan
Weight Sharing,SqueezeNet,Healthcare,89.2,87.8,6.2,4.1,472.2,267.7,30.4,Mid-Range,Moderate,Tamil Nadu
Pruning,ResNet18,Healthcare,86.2,84.9,67,21.4,507,372.2,14.5,Mid-Range,Poor,Jharkhand
Quantization,MobileNetV2,Agriculture,91,89.7,68.5,26.7,344.6,194.2,35.8,Mid-Range,Good,Odisha
Knowledge Distillation,ResNet18,Education,90.7,88.9,21.2,14.5,191.2,130.5,13.6,Low-End,Poor,Tamil Nadu
Weight Sharing,MobileNetV2,Agriculture,87.7,86.3,48.8,16.4,351.1,232.5,36.3,Low-End,Poor,Manipur
Pruning,SqueezeNet,Agriculture,93.7,91.8,95.7,51.7,204.4,147.5,23.3,Mid-Range,Good,Jharkhand
Quantization,MobileNetV2,Education,89.5,87.9,86.3,50,466.1,367.2,12.4,Mid-Range,Poor,Manipur
Knowledge Distillation,EfficientNet,Healthcare,84.5,82.6,71.2,30.9,343.7,270.3,33.1,Mid-Range,Poor,Assam
Weight Sharing,ResNet50,Healthcare,92.9,91.3,72.6,42.5,425.8,257.6,16.5,Mid-Range,Good,Uttar Pradesh
Pruning,MobileNetV2,Education,91.4,90.7,77,27.1,436.6,249.7,10.1,Low-End,Moderate,Odisha
Quantization,ResNet18,Education,85.2,84.4,73.3,50,158,100.9,26.2,Low-End,Good,Andhra Pradesh
Knowledge Distillation,SqueezeNet,Education,83.4,82.5,66.3,42,246.9,144.7,25.8,Mid-Range,Good,Tamil Nadu
Weight Sharing,ResNet18,Education,86.9,84,32.7,20.8,388.7,243,26.4,Low-End,Poor,Andhra Pradesh
Pruning,MobileNet,Education,86,84.6,12.7,7.2,368.7,223.4,23.6,Low-End,Good,Jharkhand
Quantization,ResNet50,Education,92.1,91.3,13.9,9.1,585.4,293.5,15.7,Low-End,Moderate,Uttar Pradesh
Knowledge Distillation,ResNet50,Education,85.7,83.8,45.4,23.2,318.9,232.7,35,Low-End,Poor,Uttar Pradesh
Weight Sharing,MobileNetV2,Healthcare,91.9,89.1,46.5,28.1,392.4,201,13.4,Low-End,Good,Uttar Pradesh
Pruning,SqueezeNet,Healthcare,89.9,89.3,35.8,23.1,283.8,150.9,33.8,Mid-Range,Moderate,Chhattisgarh
Quantization,ResNet18,Education,93.5,92.1,89.1,40.8,350.9,177.1,15.7,Low-End,Good,Andhra Pradesh
Knowledge Distillation,MobileNetV2,Education,91.5,90.4,29.3,10.1,462.9,274.1,36.5,Low-End,Moderate,Uttar Pradesh
Weight Sharing,EfficientNet,Agriculture,85.8,83.1,38,24.8,277.6,189.5,29.6,Low-End,Moderate,Odisha
Pruning,ResNet18,Healthcare,83.5,81.2,36.9,16.9,490.1,345.5,39.3,Low-End,Moderate,Uttar Pradesh
Quantization,MobileNet,Education,92.1,90,36.1,24.8,522.2,401.3,21.9,Mid-Range,Good,Rajasthan
Knowledge Distillation,MobileNetV2,Healthcare,83.4,82.6,57.5,29.9,151.7,92.3,14.8,Mid-Range,Poor,Uttar Pradesh
Weight Sharing,SqueezeNet,Healthcare,83.3,81.1,6,2.3,532.9,317.5,15.3,Low-End,Poor,Jharkhand
Pruning,EfficientNet,Healthcare,83.3,80.5,35.3,17,461.7,260.5,11,Low-End,Good,West Bengal
Quantization,MobileNetV2,Healthcare,91.5,91,18.7,9.7,276.9,147.4,39.2,Low-End,Moderate,Madhya Pradesh
Knowledge Distillation,ResNet50,Agriculture,84.4,82.9,79.8,34.8,191.2,126.7,32.4,Low-End,Moderate,Tamil Nadu
Weight Sharing,MobileNet,Education,92.8,90.1,8.5,5.7,268.6,146.6,28.3,Mid-Range,Moderate,Odisha
Pruning,ResNet18,Education,91.5,90.6,77.5,29.9,268,190.4,30.3,Mid-Range,Good,Rajasthan
Quantization,ResNet18,Agriculture,86.8,85.7,17.1,9.9,573.4,403,11.6,Low-End,Good,Uttar Pradesh
Knowledge Distillation,MobileNet,Agriculture,92.9,90.4,89.8,61,168,113.7,34.1,Low-End,Good,Odisha
Weight Sharing,ResNet50,Agriculture,89.3,86.3,85.2,26.5,189.1,136.8,34.5,Mid-Range,Good,Madhya Pradesh
Pruning,ResNet50,Agriculture,93.3,91.4,47.9,19.5,335.3,253.6,14.5,Mid-Range,Moderate,Bihar
Quantization,SqueezeNet,Agriculture,91.2,90.5,67.8,44.1,306.9,235.4,33.5,Low-End,Moderate,Tamil Nadu
Knowledge Distillation,ResNet50,Education,93.3,91.1,7.1,4,497.8,296.1,21.9,Low-End,Poor,Assam
Weight Sharing,ResNet18,Education,90.2,87.2,28.9,14.1,576.4,352.9,26,Mid-Range,Good,Uttar Pradesh
Pruning,ResNet50,Agriculture,89,87.4,55.7,26.2,150.8,97.7,37.6,Low-End,Poor,Uttar Pradesh
Quantization,MobileNet,Education,83.9,81.6,27.6,19.3,289.9,220.4,15.8,Mid-Range,Good,West Bengal
Knowledge Distillation,EfficientNet,Education,91.8,90.9,43.1,22,500.6,394.8,32.1,Low-End,Poor,Odisha
Weight Sharing,ResNet50,Healthcare,86.5,85.1,41.8,27.6,276,155.5,13.2,Low-End,Moderate,Tamil Nadu
Pruning,MobileNet,Agriculture,86.2,85.4,24.2,12.8,334.8,201,14.6,Low-End,Moderate,Odisha
Quantization,MobileNet,Education,89,87.8,5.2,1.7,332,263.2,15.1,Low-End,Poor,Odisha
Knowledge Distillation,EfficientNet,Healthcare,89.3,88.4,4.6,2.8,151.9,79.3,19.1,Low-End,Poor,West Bengal
Weight Sharing,MobileNetV2,Agriculture,86.7,84.7,96,31.5,543.8,365.3,38.5,Mid-Range,Moderate,Chhattisgarh
Pruning,ResNet50,Education,88.1,85.9,64.5,33.4,204.2,149.5,19.2,Low-End,Poor,Jharkhand
Quantization,ResNet18,Agriculture,86.1,83.7,87.3,57.5,559.4,421.4,30.3,Low-End,Good,West Bengal
Knowledge Distillation,EfficientNet,Healthcare,85.6,84.5,89.6,37,188.1,115.2,37.2,Mid-Range,Good,Rajasthan
Weight Sharing,SqueezeNet,Agriculture,84.2,83.6,21.6,9.7,389.9,298.8,25.8,Mid-Range,Moderate,Rajasthan
Pruning,MobileNet,Education,86.9,85.4,29.1,8.9,429.1,230.6,22.6,Low-End,Poor,Odisha
Quantization,SqueezeNet,Education,89.8,87.9,29.3,15.1,314.5,188.9,29.3,Mid-Range,Good,Bihar
Knowledge Distillation,ResNet50,Agriculture,86.7,85.1,52.5,35,469.7,241.8,22.7,Low-End,Good,Assam
Weight Sharing,ResNet18,Healthcare,85.3,84.1,25.7,15.7,539.4,369.3,11.3,Low-End,Good,Rajasthan
Pruning,MobileNetV2,Healthcare,84.2,82,36.3,24.5,206.5,133.6,27.3,Mid-Range,Good,Manipur
Quantization,MobileNet,Healthcare,88.7,86.2,89.9,27.3,361.6,251.1,19.9,Mid-Range,Moderate,Tamil Nadu
Knowledge Distillation,MobileNet,Education,88.2,85.3,42.9,15.7,311.5,192.9,14,Low-End,Moderate,West Bengal
Weight Sharing,MobileNetV2,Healthcare,91.7,88.8,40.4,15,578.5,315.9,31.9,Mid-Range,Moderate,Jharkhand
Pruning,MobileNetV2,Education,93.6,92.9,81.5,51.6,574,411.7,10.8,Mid-Range,Moderate,Madhya Pradesh
Quantization,SqueezeNet,Agriculture,91.7,89.9,18.8,8.9,252.2,142.9,35.8,Low-End,Good,Tamil Nadu
Knowledge Distillation,MobileNet,Healthcare,90.7,89.9,71,21.4,324.4,181.4,29,Mid-Range,Moderate,Assam
Weight Sharing,MobileNet,Healthcare,91.2,88.5,65.1,25.1,421.5,296.6,32.3,Mid-Range,Good,Odisha
Pruning,MobileNet,Education,87.9,86.1,60.4,32,226.2,164.7,19.6,Low-End,Moderate,West Bengal
Quantization,ResNet50,Healthcare,87.3,85.4,18.8,10.3,262.5,207.6,32.4,Mid-Range,Moderate,Jharkhand
Knowledge Distillation,ResNet50,Healthcare,88,86.9,29.9,20.5,343.3,176,37.7,Mid-Range,Moderate,Manipur
Weight Sharing,SqueezeNet,Healthcare,90.8,89.5,99.5,49.5,483.4,356.6,14.3,Mid-Range,Moderate,Bihar
Pruning,EfficientNet,Education,93.7,92.4,16.1,7.4,506.8,285.9,18.8,Low-End,Good,Rajasthan
Quantization,ResNet50,Healthcare,88.4,87.2,11.5,7.6,368.5,241.8,23.6,Low-End,Moderate,Andhra Pradesh
Knowledge Distillation,ResNet50,Healthcare,93.6,90.8,82.8,38.1,351.6,177.4,25.6,Low-End,Poor,Assam
Weight Sharing,SqueezeNet,Agriculture,87,85.8,92.5,48.6,378.9,219.2,32.3,Low-End,Good,Bihar
Pruning,ResNet50,Education,89.1,88.2,78.2,43.3,578,381,17.4,Low-End,Moderate,Rajasthan
Quantization,ResNet50,Agriculture,86.4,84.8,84.3,43.3,296.4,197,32.6,Low-End,Good,Odisha
Knowledge Distillation,SqueezeNet,Education,87.6,86.8,19.1,12.4,594.3,319.3,21,Low-End,Poor,Jharkhand
Weight Sharing,ResNet18,Agriculture,93.4,92.7,33.2,15.1,363.8,250.6,24.4,Low-End,Moderate,Jharkhand
Pruning,EfficientNet,Healthcare,94,93,38.5,12,399.7,240,25.4,Low-End,Moderate,West Bengal
Quantization,ResNet50,Agriculture,89,86.3,61.6,42.8,527.7,315,39.4,Low-End,Poor,Andhra Pradesh
Knowledge Distillation,EfficientNet,Healthcare,84.9,82.7,99.9,40.5,486.1,291.1,25.8,Mid-Range,Good,Chhattisgarh
Weight Sharing,MobileNet,Healthcare,89,87.1,58.2,36.2,321,210.3,34,Low-End,Poor,Madhya Pradesh
Pruning,EfficientNet,Education,84.7,82.8,64.5,38.2,165.6,91.4,13.8,Mid-Range,Good,Andhra Pradesh
Quantization,MobileNetV2,Healthcare,83.1,80.2,99.7,44.1,572.4,396.2,15.5,Low-End,Moderate,Uttar Pradesh
Knowledge Distillation,ResNet18,Healthcare,88.2,87.3,38.6,16.2,239.5,156.9,39.4,Mid-Range,Poor,Bihar
Weight Sharing,ResNet50,Healthcare,92.6,90.4,50.9,26.4,546.6,316.5,10.5,Mid-Range,Poor,West Bengal
Pruning,MobileNet,Healthcare,85.2,83,26,11.9,443.5,230.8,24.8,Low-End,Moderate,Assam
Quantization,ResNet50,Healthcare,84.5,83.6,64.4,33,439.9,266,15.2,Low-End,Moderate,Chhattisgarh
Knowledge Distillation,ResNet18,Healthcare,91.5,89.5,41.5,27.6,286.4,177.1,13.8,Low-End,Good,Madhya Pradesh
Weight Sharing,ResNet50,Healthcare,89.8,88.7,44.4,22.8,407.6,290.8,20.7,Mid-Range,Good,Rajasthan
Pruning,ResNet18,Healthcare,83.8,82.2,89.3,51.4,470.5,282.2,31.7,Mid-Range,Good,Assam
Quantization,SqueezeNet,Healthcare,84.6,81.7,83.8,26,387.1,204.7,11.2,Low-End,Moderate,Tamil Nadu
Knowledge Distillation,ResNet18,Agriculture,85.4,83.5,23.9,14.5,412.5,290.2,18.6,Mid-Range,Moderate,Assam
Weight Sharing,MobileNetV2,Agriculture,84.1,82.1,16.5,7,209.4,120.2,32.9,Mid-Range,Poor,Tamil Nadu
Pruning,EfficientNet,Education,88.4,86.9,39.2,21.1,582.3,324.9,28.6,Low-End,Good,Assam
Quantization,SqueezeNet,Education,89.5,88.8,33,10.5,342.6,185.8,25,Mid-Range,Good,Assam
Knowledge Distillation,ResNet18,Education,86.5,83.9,35.6,21.7,378.7,196.1,32.5,Mid-Range,Good,Madhya Pradesh
Weight Sharing,ResNet18,Healthcare,89.1,86.8,18.2,6.3,578.3,291.2,25.2,Mid-Range,Moderate,Uttar Pradesh
Pruning,SqueezeNet,Education,89,87.4,71.4,36.7,541.7,339.4,37.6,Low-End,Poor,Jharkhand
Quantization,SqueezeNet,Agriculture,91.7,91.2,85.5,27.9,246.9,136.6,19,Mid-Range,Poor,Chhattisgarh
Knowledge Distillation,MobileNetV2,Education,84.4,83.1,27.6,13.7,386.2,282.2,16.4,Low-End,Moderate,Rajasthan
Weight Sharing,MobileNet,Healthcare,86,83.5,28.5,15,396.9,271.8,15.6,Low-End,Moderate,West Bengal
Pruning,ResNet50,Healthcare,93.1,92.2,79.4,34.1,256.8,143.7,11.6,Mid-Range,Poor,Odisha
Quantization,SqueezeNet,Healthcare,84.4,81.7,66.5,41.5,355,227.8,27.7,Low-End,Moderate,Rajasthan
Knowledge Distillation,MobileNetV2,Education,92.3,90.8,39.9,18.5,347.2,180.6,18.3,Low-End,Poor,Uttar Pradesh
Weight Sharing,SqueezeNet,Education,91.7,90.8,35.1,17.3,300.2,191.5,14,Mid-Range,Moderate,Odisha
Pruning,MobileNet,Healthcare,84.9,82,87.2,26.3,186.6,134.2,31.1,Low-End,Poor,Jharkhand
Quantization,ResNet18,Agriculture,87.5,85.8,40.3,17.1,228.7,124.6,30.6,Mid-Range,Poor,Rajasthan
Knowledge Distillation,MobileNetV2,Healthcare,86.3,84.5,9.4,4.6,504.4,260.9,17.6,Mid-Range,Good,Manipur
Weight Sharing,SqueezeNet,Education,87.4,85.6,85.8,52.7,313.3,202.1,18.8,Low-End,Good,Uttar Pradesh
Pruning,ResNet50,Agriculture,87.8,84.8,22.3,10,318.5,246.3,33.6,Mid-Range,Poor,Madhya Pradesh
Quantization,ResNet18,Education,91.2,90.4,34.7,18.5,230.5,180.4,19,Low-End,Good,Odisha
Knowledge Distillation,MobileNetV2,Education,91.8,89,58.9,39.9,298.4,172.3,12.9,Mid-Range,Moderate,Chhattisgarh
Weight Sharing,EfficientNet,Healthcare,89.4,87.5,68.7,43.4,283.6,145.3,36.5,Mid-Range,Poor,Tamil Nadu
Pruning,SqueezeNet,Education,89,86,18.2,11.2,574.5,315.2,11.5,Mid-Range,Good,West Bengal
Quantization,ResNet50,Healthcare,84,82.7,75.6,29.7,270.6,199.8,18.7,Mid-Range,Moderate,Jharkhand
Knowledge Distillation,MobileNetV2,Education,83.2,82.4,96.9,51.7,513.3,359.3,22.9,Low-End,Good,Manipur
Weight Sharing,ResNet18,Healthcare,90.8,89.3,27.7,12.5,190.8,125.5,17.2,Mid-Range,Poor,Assam
Pruning,MobileNet,Agriculture,91.8,91,57,21.3,312,222,33.4,Low-End,Good,Chhattisgarh
Quantization,SqueezeNet,Education,88.6,87.8,9.2,4.8,364.6,277.9,25.3,Mid-Range,Good,Uttar Pradesh
Knowledge Distillation,MobileNet,Healthcare,84.9,82.8,83.4,56.8,162.8,129.1,33.4,Mid-Range,Good,Andhra Pradesh
Weight Sharing,MobileNetV2,Education,91.4,89.2,15.8,7.8,561.5,358,36.2,Mid-Range,Moderate,Manipur
Pruning,EfficientNet,Healthcare,86.9,85.5,74.7,26,243.7,173.3,25.5,Mid-Range,Good,Jharkhand
Quantization,MobileNet,Education,89.2,87.3,23.3,14.2,386.6,232.5,32,Low-End,Poor,Tamil Nadu
Knowledge Distillation,SqueezeNet,Agriculture,92.9,90.8,8.8,3.9,522.7,347.6,39.5,Low-End,Good,Assam
Weight Sharing,ResNet50,Agriculture,90.3,88.8,46.3,19.9,565.3,387.2,34.8,Mid-Range,Poor,Uttar Pradesh
Pruning,ResNet18,Agriculture,91.9,90.2,59.6,36.9,588.4,319.8,17.3,Mid-Range,Poor,Andhra Pradesh
Quantization,ResNet18,Agriculture,85,84.4,90.3,59.7,467.9,313.5,21.7,Mid-Range,Good,Madhya Pradesh
Knowledge Distillation,SqueezeNet,Healthcare,92.6,91.8,70,30.9,299,192.5,17.9,Low-End,Good,Manipur
Weight Sharing,ResNet18,Education,93.9,92.5,98.3,36.7,545.2,430.3,22.2,Low-End,Poor,Tamil Nadu
Pruning,MobileNet,Healthcare,89.1,87.8,77.4,36.4,428.2,322.3,14.6,Mid-Range,Good,Bihar
Quantization,EfficientNet,Healthcare,90,87.1,87.1,55.6,523.9,385.1,15.5,Low-End,Good,Bihar
Knowledge Distillation,EfficientNet,Education,90,89.4,37.1,23.4,409.8,281.5,34.9,Mid-Range,Poor,Uttar Pradesh
Weight Sharing,SqueezeNet,Education,83.9,82,65.9,27.3,479.2,362.8,13.7,Mid-Range,Good,Bihar
Pruning,MobileNetV2,Healthcare,87.6,84.9,70.5,41.3,580.1,422.2,38.5,Low-End,Good,Odisha
Quantization,MobileNet,Healthcare,87.3,84.3,83.4,45.6,468.2,243.2,11.3,Mid-Range,Poor,West Bengal
Knowledge Distillation,MobileNet,Agriculture,92.3,90.3,68.5,36.3,360.2,181.6,26.8,Low-End,Good,Jharkhand
Weight Sharing,ResNet50,Healthcare,83.5,80.9,75.8,25.2,332.9,170.5,26.5,Low-End,Moderate,West Bengal
Pruning,ResNet18,Healthcare,86.1,85,80.3,48.7,574.7,377.3,34.9,Low-End,Poor,Tamil Nadu
Quantization,MobileNet,Healthcare,86.1,84.1,57.4,21.4,196.6,141.8,37.4,Low-End,Moderate,Jharkhand
Knowledge Distillation,SqueezeNet,Education,83.9,82.1,24.8,10.4,561,295.7,26,Mid-Range,Poor,Odisha
Weight Sharing,EfficientNet,Agriculture,88,87.3,99.9,69.5,213.6,138,22,Mid-Range,Moderate,Andhra Pradesh
Pruning,MobileNet,Education,88.2,85.7,54,28.8,162.7,81.4,39.7,Low-End,Poor,Assam
Quantization,EfficientNet,Education,89.8,87.7,11.5,7,373.4,288.9,16.2,Mid-Range,Good,West Bengal
Knowledge Distillation,MobileNetV2,Agriculture,92.1,90.5,18.1,9.6,269.4,200.3,29,Low-End,Good,Tamil Nadu
Weight Sharing,ResNet18,Healthcare,86.6,85.7,14.4,9.3,309.2,231.7,38.8,Mid-Range,Poor,Rajasthan
Pruning,ResNet50,Healthcare,86.7,84.3,5.3,2.6,458.9,239.6,16.6,Mid-Range,Poor,Chhattisgarh
Quantization,MobileNet,Education,93.5,90.7,81.4,31.2,393.3,241.3,17.3,Low-End,Good,Bihar
Knowledge Distillation,EfficientNet,Education,94,92.2,25.4,10.2,566.6,344.8,36.9,Low-End,Moderate,Rajasthan
Weight Sharing,SqueezeNet,Agriculture,92.8,92.1,49.6,19.1,407.1,240.6,25.5,Mid-Range,Moderate,Manipur
Pruning,EfficientNet,Healthcare,91.5,89.4,87.7,34.1,198.9,111.4,22.2,Low-End,Good,Assam
Quantization,MobileNetV2,Agriculture,88.6,87.3,24.6,13.7,483.9,379.1,30.5,Mid-Range,Good,Tamil Nadu
Knowledge Distillation,ResNet50,Education,91.4,90,56.9,35.4,374.4,219.1,25,Mid-Range,Good,Bihar
Weight Sharing,SqueezeNet,Healthcare,90.2,87.7,19.5,8.2,559.6,430.4,37.3,Low-End,Moderate,Madhya Pradesh
Pruning,SqueezeNet,Agriculture,84,81.4,71.7,22.3,266.4,153.3,37.3,Mid-Range,Poor,Chhattisgarh
Quantization,SqueezeNet,Education,85.1,83.7,22.2,8.6,479.5,324.9,14.6,Low-End,Poor,Madhya Pradesh
Knowledge Distillation,ResNet50,Education,86.5,85.6,17,7.7,382.6,250.7,37.9,Low-End,Good,Jharkhand
Weight Sharing,ResNet18,Healthcare,88,85.6,49.4,23.1,311.7,241.2,35.4,Mid-Range,Good,Manipur
Pruning,MobileNet,Education,93.7,93.1,93.2,39,219.8,129.7,18.9,Low-End,Moderate,Manipur
Quantization,ResNet50,Agriculture,91.2,89.7,67.7,23.8,557.6,338,12.5,Mid-Range,Poor,Chhattisgarh
Knowledge Distillation,MobileNetV2,Healthcare,93.3,90.6,13.8,6.5,482.4,366.4,36.5,Mid-Range,Good,Odisha
Weight Sharing,SqueezeNet,Agriculture,87.4,86.2,71.8,28.4,599.1,366.9,21.7,Low-End,Moderate,Madhya Pradesh
Pruning,MobileNetV2,Healthcare,89.1,88,20.8,14.2,405.7,244.7,38.9,Mid-Range,Poor,Odisha
Quantization,MobileNet,Healthcare,86.4,85.6,44.6,14.8,479.8,245.7,13.7,Low-End,Moderate,Rajasthan
Knowledge Distillation,MobileNetV2,Agriculture,93.6,90.7,67.5,36.8,231.5,119,21.7,Low-End,Good,Bihar
Weight Sharing,MobileNetV2,Healthcare,92.9,91.4,79.8,39.9,553.6,308.8,21.7,Mid-Range,Poor,Madhya Pradesh
Pruning,SqueezeNet,Education,89.6,87.9,96,52.7,186.7,108.8,13.7,Low-End,Poor,Assam
Quantization,EfficientNet,Agriculture,93.3,91.6,74.9,48.2,369.3,287.1,28.9,Low-End,Poor,Rajasthan
Knowledge Distillation,ResNet18,Healthcare,93.6,92.9,41.1,27.3,519.8,266.6,39.4,Low-End,Poor,Odisha
Weight Sharing,MobileNetV2,Healthcare,85.9,83.7,95.3,64.5,251.1,153.3,20,Mid-Range,Moderate,Odisha
Pruning,ResNet18,Agriculture,87.4,85.7,86.2,44.4,223.9,156.1,30.5,Mid-Range,Moderate,Odisha
Quantization,EfficientNet,Healthcare,84.4,83.2,97.8,54.9,422.2,287.2,17.1,Mid-Range,Good,Bihar
Knowledge Distillation,EfficientNet,Education,89.7,87.9,82.3,52.7,241.5,145.5,13.2,Low-End,Good,Rajasthan
Weight Sharing,SqueezeNet,Agriculture,92.2,91.4,10.8,3.3,363.3,243.4,35.5,Mid-Range,Good,Uttar Pradesh
Pruning,MobileNet,Education,90,89.4,36,23.3,299.9,202.1,32.9,Low-End,Moderate,Chhattisgarh
Quantization,ResNet18,Agriculture,86.2,83.5,27.8,14.9,307.7,214.2,28.6,Low-End,Good,Tamil Nadu
Knowledge Distillation,ResNet18,Education,90.8,90,92.7,31.1,358.9,242.8,24.4,Low-End,Moderate,Assam
Weight Sharing,ResNet18,Healthcare,83.7,80.7,4.3,2.7,188.4,134.9,27.2,Mid-Range,Moderate,Rajasthan
Pruning,ResNet50,Education,87.7,85.6,21.6,8.7,520.9,300.2,35,Low-End,Good,Bihar
Quantization,SqueezeNet,Agriculture,90.2,89.5,96.4,38.3,201.1,158.2,38.7,Low-End,Poor,Madhya Pradesh
Knowledge Distillation,MobileNetV2,Healthcare,85.1,83.2,92.3,48.2,450.4,267.7,20,Low-End,Good,Jharkhand
Weight Sharing,MobileNetV2,Education,86.1,84.9,29.1,15.4,413.1,226.6,25,Mid-Range,Moderate,Tamil Nadu
Pruning,EfficientNet,Agriculture,88.9,88.2,8.9,5,357,213.5,20.9,Low-End,Poor,Uttar Pradesh
Quantization,ResNet18,Education,83.2,80.8,55.5,37.3,420.3,283.7,22.8,Mid-Range,Good,West Bengal
Knowledge Distillation,SqueezeNet,Healthcare,90.2,88.5,72.9,44.7,559.3,418.1,37.8,Mid-Range,Moderate,West Bengal
Weight Sharing,ResNet50,Agriculture,88.7,87.1,90.7,41.6,552.9,401.4,30.3,Low-End,Poor,Jharkhand
Pruning,ResNet50,Agriculture,83.8,82.8,87.5,45.8,366.7,185.6,17.6,Mid-Range,Good,Bihar
Quantization,MobileNetV2,Education,92.5,90.8,84.9,46.6,551.8,344.5,28,Mid-Range,Poor,Tamil Nadu
Knowledge Distillation,EfficientNet,Agriculture,86.9,86.2,95.1,56.8,433,219.2,35.9,Mid-Range,Moderate,Rajasthan
Weight Sharing,MobileNetV2,Healthcare,91.9,89.9,21.4,10.6,500.4,295.5,16.5,Low-End,Poor,West Bengal
Pruning,ResNet50,Education,93.8,91.7,37.6,11.7,368.1,218.8,18.9,Low-End,Poor,Andhra Pradesh
Quantization,MobileNet,Healthcare,86.7,83.8,54.9,19.1,261.4,181.4,25.2,Mid-Range,Good,Andhra Pradesh
Knowledge Distillation,SqueezeNet,Education,91.9,89,78.2,46.9,417.4,272.2,39.5,Mid-Range,Moderate,Assam
Weight Sharing,MobileNetV2,Education,89.4,88.7,14.5,9.8,207.3,108,20.6,Mid-Range,Poor,Andhra Pradesh
Pruning,ResNet50,Healthcare,88.4,85.8,70.6,47,156.1,80.7,39.6,Mid-Range,Poor,Odisha
Quantization,ResNet18,Agriculture,92,90,17.4,8,211.1,143.9,39.9,Mid-Range,Good,Rajasthan
Knowledge Distillation,MobileNet,Agriculture,88.2,85.8,72.8,30.3,433.7,280,11.8,Mid-Range,Good,Madhya Pradesh
Weight Sharing,SqueezeNet,Agriculture,93.5,92.7,51,23.4,195.7,115.5,27.4,Low-End,Poor,Uttar Pradesh
Pruning,MobileNetV2,Agriculture,89,86.4,17.2,6.1,167.4,118.4,33.4,Mid-Range,Moderate,Rajasthan
Quantization,EfficientNet,Healthcare,91.3,89.5,78.7,41.5,313.4,248.6,10.4,Mid-Range,Good,Bihar
Knowledge Distillation,MobileNetV2,Healthcare,91.2,88.5,53,31.4,288,178.7,19,Low-End,Good,Chhattisgarh
Weight Sharing,MobileNet,Agriculture,93.5,91.6,85.9,35.5,521.2,370.5,37,Low-End,Moderate,Uttar Pradesh
Pruning,SqueezeNet,Education,88.5,85.7,78.4,23.6,295.1,188.1,12.6,Low-End,Good,Rajasthan
Quantization,MobileNetV2,Education,93.9,92.5,49.3,33.1,381.4,250.8,12.6,Low-End,Good,West Bengal
Knowledge Distillation,ResNet18,Education,88.8,86.1,38.7,17,419.3,210.3,28.8,Low-End,Poor,Jharkhand
Weight Sharing,ResNet50,Education,84.3,81.5,86.4,50.8,270.3,149.7,29.4,Mid-Range,Poor,Tamil Nadu
Pruning,MobileNet,Agriculture,93.3,92.7,63.8,26.4,481,329.4,28.1,Low-End,Moderate,Uttar Pradesh
Quantization,ResNet50,Agriculture,84.4,82,78.1,28.2,363.9,246.5,16.4,Low-End,Poor,West Bengal
Knowledge Distillation,SqueezeNet,Agriculture,85.6,85.1,40.3,20.3,573.8,383.9,15.2,Low-End,Poor,Andhra Pradesh
Weight Sharing,MobileNetV2,Healthcare,87.6,86.1,5.9,2.5,382.5,253.2,13.9,Mid-Range,Poor,Andhra Pradesh
Pruning,EfficientNet,Agriculture,92.8,92.3,49.6,27.9,249.5,193.7,21.1,Low-End,Poor,Andhra Pradesh
Quantization,EfficientNet,Healthcare,89.2,87.4,23.8,13.5,282.8,165.5,37.7,Mid-Range,Good,Jharkhand
Knowledge Distillation,SqueezeNet,Education,88.4,87.5,26,14.4,523.6,417.2,12.3,Low-End,Moderate,Madhya Pradesh
Weight Sharing,MobileNetV2,Education,87.9,87.3,32.2,13.3,296.1,214.5,29.7,Mid-Range,Poor,Assam
Pruning,MobileNetV2,Healthcare,93.7,92.6,19.2,7.5,362,263.8,11.5,Low-End,Poor,Rajasthan
Quantization,EfficientNet,Agriculture,90.3,89.4,16.4,10.1,179,97.7,22.4,Mid-Range,Good,Andhra Pradesh
Knowledge Distillation,ResNet50,Agriculture,83.6,80.8,6,2.3,467.7,365.9,13.6,Mid-Range,Good,Tamil Nadu
Weight Sharing,EfficientNet,Education,86.4,83.6,10.4,5.6,556.8,431.7,16.9,Mid-Range,Good,Uttar Pradesh
Pruning,ResNet50,Agriculture,91,88.6,93.7,55,293.8,233.7,38.4,Mid-Range,Poor,Assam
Quantization,ResNet18,Agriculture,88.4,86.5,19.6,12.5,347,231.1,21.5,Mid-Range,Good,Uttar Pradesh
Knowledge Distillation,MobileNet,Education,88.7,87.7,12.9,5.2,293.6,204.7,26.3,Mid-Range,Poor,Andhra Pradesh
Weight Sharing,ResNet18,Healthcare,90.9,90,98.5,32.4,282.9,182.3,21.2,Low-End,Good,Madhya Pradesh
Pruning,MobileNet,Education,88.8,87.5,49.5,18.9,235.4,182.1,15,Mid-Range,Good,Jharkhand
Quantization,MobileNetV2,Education,84.6,83.2,46.4,16.4,426,278.4,27,Low-End,Poor,Madhya Pradesh
Knowledge Distillation,MobileNetV2,Education,83.9,82.6,69.5,48.5,304.8,159.1,32.4,Mid-Range,Poor,West Bengal
Weight Sharing,SqueezeNet,Healthcare,91.1,89,89.7,46.1,495.5,378.8,14.4,Low-End,Moderate,Andhra Pradesh
Pruning,MobileNetV2,Agriculture,92.2,91.4,73.8,23.9,399.3,311.3,30.5,Low-End,Poor,Chhattisgarh
Quantization,EfficientNet,Agriculture,86.7,85.1,30.6,14.3,373.8,234.9,14.9,Mid-Range,Moderate,Madhya Pradesh
Knowledge Distillation,ResNet18,Education,87.6,87,99.9,31.6,414,268.2,27.1,Low-End,Moderate,Madhya Pradesh
Weight Sharing,MobileNetV2,Healthcare,89.7,88.8,66.6,35.5,574.1,290.9,15,Mid-Range,Moderate,Andhra Pradesh
Pruning,MobileNet,Education,83.3,80.9,12.4,7.2,195.4,117,37.5,Mid-Range,Poor,Uttar Pradesh
Quantization,EfficientNet,Healthcare,86.1,85.3,8.9,4,584.3,447,16.1,Low-End,Moderate,West Bengal
Knowledge Distillation,MobileNetV2,Education,84.9,83.5,18.1,10.9,545.8,328.9,24.6,Mid-Range,Good,Madhya Pradesh
Weight Sharing,EfficientNet,Agriculture,87.7,86.8,46.7,16.2,395.1,208.3,36.9,Low-End,Good,Assam
Pruning,MobileNetV2,Agriculture,91.7,89,92.8,64.3,532.3,273.8,36.8,Low-End,Moderate,Odisha
Quantization,ResNet50,Healthcare,83,81.9,31.7,18.8,568.1,395.1,21.1,Low-End,Poor,Assam
Knowledge Distillation,ResNet50,Education,93.2,91.6,22.4,12.4,213.4,134.1,15.7,Mid-Range,Good,Tamil Nadu
Weight Sharing,EfficientNet,Education,92.5,90.6,93.2,49,338.1,211.5,30.6,Low-End,Moderate,Bihar
Pruning,ResNet50,Agriculture,87.5,85.6,72.5,24.7,254,182.5,22,Low-End,Poor,Jharkhand
Quantization,MobileNetV2,Education,89.2,86.8,97.8,45.3,484.6,366,32.2,Low-End,Moderate,Uttar Pradesh
Knowledge Distillation,SqueezeNet,Healthcare,87.2,85.8,35.1,12.4,406.2,246.7,19.8,Low-End,Poor,West Bengal
Weight Sharing,MobileNetV2,Education,87.5,85.6,6.6,3,317.3,182.8,30.6,Mid-Range,Moderate,Andhra Pradesh
Pruning,EfficientNet,Healthcare,89.7,87,90.9,39.9,343.8,207.2,30.8,Low-End,Poor,Assam
Quantization,ResNet18,Agriculture,87.3,84.5,59.9,24.9,413,209.2,20,Low-End,Good,West Bengal
Knowledge Distillation,EfficientNet,Healthcare,87.3,86.7,7.9,4.9,440.4,249.1,22,Low-End,Poor,West Bengal
Weight Sharing,MobileNet,Agriculture,91.7,91.1,29.7,18.8,162.9,95.7,17.4,Mid-Range,Moderate,Assam
Pruning,SqueezeNet,Education,85.1,83.3,94.6,64.1,501.2,278.6,11.1,Low-End,Moderate,Bihar
Quantization,MobileNetV2,Education,83.7,82.2,81.1,39.8,564.8,293.9,21.6,Low-End,Good,Bihar
Knowledge Distillation,MobileNetV2,Healthcare,92.7,92.1,58.9,40.6,257.9,156.4,20.3,Mid-Range,Poor,Madhya Pradesh
Weight Sharing,SqueezeNet,Agriculture,85.1,82.9,34.3,17.7,346,195.4,34.1,Mid-Range,Poor,Assam
Pruning,MobileNetV2,Agriculture,85.9,84.8,49.6,24.3,477.7,273.5,10.5,Mid-Range,Good,Andhra Pradesh
Quantization,MobileNetV2,Education,87.8,85.5,87.4,32.1,345.1,275.6,29.9,Low-End,Poor,Manipur
Knowledge Distillation,MobileNetV2,Agriculture,86.4,84.7,50.1,19.1,576.8,455.9,26.8,Low-End,Good,Jharkhand
Weight Sharing,MobileNetV2,Healthcare,88.4,85.9,44,16.7,154.7,80,23.3,Low-End,Poor,Madhya Pradesh
Pruning,MobileNet,Agriculture,83,81.5,7.5,2.9,259.5,167.1,36.9,Low-End,Good,Tamil Nadu
Quantization,EfficientNet,Education,86.8,85.7,61.9,24.5,419.5,256,20.1,Mid-Range,Moderate,Manipur
Knowledge Distillation,SqueezeNet,Agriculture,84.8,83.2,27.4,11.8,348.3,201.8,21.1,Mid-Range,Moderate,Uttar Pradesh
Weight Sharing,ResNet50,Agriculture,83.3,82.4,84.5,36.1,297.4,161.8,30.5,Mid-Range,Poor,Uttar Pradesh
Pruning,MobileNet,Education,93.8,91.4,18.7,7,190.1,136.7,29.4,Low-End,Good,Tamil Nadu
Quantization,ResNet18,Education,93.2,90.4,29.5,12.3,464.4,339.1,29.3,Low-End,Good,Odisha
Knowledge Distillation,EfficientNet,Education,93.7,90.7,31,13.1,459.3,343.1,38.8,Low-End,Good,Jharkhand
Weight Sharing,ResNet50,Education,88.7,86.5,18.4,8.4,593.4,420.8,19,Low-End,Good,Chhattisgarh
Pruning,EfficientNet,Healthcare,89.6,88.4,52.4,35.1,575.3,301.8,32.3,Low-End,Good,Jharkhand
Quantization,SqueezeNet,Healthcare,84.6,83.9,43.8,23.8,286.1,177.1,28,Low-End,Good,Odisha
Knowledge Distillation,MobileNetV2,Education,85.1,82.4,94.2,32.2,251.5,164,31.4,Low-End,Poor,West Bengal
Weight Sharing,SqueezeNet,Education,87.9,86.3,6.5,2.3,348.2,194,33.4,Low-End,Poor,Tamil Nadu
Pruning,MobileNetV2,Healthcare,92.5,90.3,49.4,24.2,276.3,187.8,12.3,Low-End,Good,Bihar
Quantization,EfficientNet,Agriculture,90.2,89.4,96.2,64.1,397.7,284.4,16.9,Low-End,Good,Bihar
Knowledge Distillation,SqueezeNet,Agriculture,87.8,87.1,40.4,14.3,216.2,128.7,11.3,Mid-Range,Moderate,Madhya Pradesh
Weight Sharing,MobileNetV2,Agriculture,88.5,87.2,32.3,16.5,309.6,205.7,37.8,Low-End,Moderate,Rajasthan
Pruning,ResNet18,Healthcare,84,82.1,19.7,8.6,529.1,360.6,38,Mid-Range,Poor,Tamil Nadu
Quantization,ResNet50,Education,90.8,89.2,65.2,25.9,383.6,302.1,36.9,Mid-Range,Moderate,Madhya Pradesh
Knowledge Distillation,SqueezeNet,Agriculture,89,86.6,37.8,17.3,560.9,444.1,10.7,Low-End,Good,Uttar Pradesh
Weight Sharing,MobileNet,Education,89.6,87.4,85.2,47.4,363.8,244.1,16.6,Low-End,Poor,Jharkhand
Pruning,MobileNetV2,Education,90.8,89.3,96.4,50.4,380.4,222.9,39.4,Low-End,Moderate,Madhya Pradesh
Quantization,SqueezeNet,Healthcare,90.7,90,51,23.7,468,341.9,20.2,Mid-Range,Good,Odisha
Knowledge Distillation,MobileNetV2,Healthcare,89.4,87.8,23,8.1,185.8,144.2,14.9,Mid-Range,Good,Manipur
Weight Sharing,MobileNet,Healthcare,92.9,91,66.8,36.8,535.1,281.4,33.4,Mid-Range,Moderate,Bihar
Pruning,EfficientNet,Agriculture,87.8,86.8,76.6,44.5,477.4,319.1,22.7,Low-End,Poor,West Bengal
Quantization,ResNet50,Education,87.9,85.9,18.5,12.5,533.7,400.6,32.7,Mid-Range,Good,West Bengal
Knowledge Distillation,MobileNetV2,Education,93.8,91.3,48.9,16.6,194.1,129.1,38.9,Low-End,Moderate,Chhattisgarh
Weight Sharing,SqueezeNet,Education,88.2,85.7,93.3,36.2,182.9,140.5,38.2,Mid-Range,Good,Chhattisgarh
Pruning,SqueezeNet,Agriculture,89.9,88.4,23.5,8.2,593.4,330.3,36.3,Low-End,Poor,Madhya Pradesh
Quantization,MobileNet,Healthcare,86.2,83.3,63.3,32.2,262.5,200.9,17.2,Low-End,Moderate,Andhra Pradesh
Knowledge Distillation,MobileNetV2,Education,92.4,89.9,58.6,26.6,275.6,140.2,16.5,Mid-Range,Good,Andhra Pradesh
Weight Sharing,ResNet50,Healthcare,86.1,85.3,68.1,45.3,199,120.4,19.1,Mid-Range,Moderate,Madhya Pradesh
Pruning,ResNet18,Agriculture,83.4,82.4,66.9,42.2,392.7,301.4,13.7,Mid-Range,Good,Odisha
Quantization,MobileNet,Education,83.7,83.2,33.8,17.7,196.2,152.4,38.5,Low-End,Good,Jharkhand
Knowledge Distillation,ResNet50,Healthcare,84.3,81.9,41.4,13.9,516.3,372.6,23.9,Mid-Range,Good,Bihar
Weight Sharing,MobileNet,Agriculture,90,88.2,46.5,31.6,465.2,263.5,11.1,Mid-Range,Moderate,Chhattisgarh
Pruning,ResNet18,Agriculture,93.8,91.9,37.4,19.6,567.4,442.8,14.7,Low-End,Moderate,Manipur
Quantization,ResNet18,Healthcare,86.9,84,31.3,16.6,487.3,278.8,24.1,Mid-Range,Moderate,Tamil Nadu
Knowledge Distillation,SqueezeNet,Healthcare,86.2,84.2,23.4,13.9,514.5,395.8,13,Low-End,Poor,Chhattisgarh
Weight Sharing,MobileNet,Healthcare,85.3,83,28,11.2,480.7,284.9,35.3,Mid-Range,Poor,West Bengal
Pruning,EfficientNet,Healthcare,92.7,90.6,63.8,33.9,434.3,235.2,37.8,Mid-Range,Moderate,Tamil Nadu
Quantization,MobileNetV2,Education,92.7,91.8,30.5,10.1,382.8,246.6,33.4,Low-End,Moderate,Tamil Nadu
Knowledge Distillation,MobileNetV2,Education,90.6,88.7,64.7,39.6,198.4,151.5,40,Mid-Range,Poor,Andhra Pradesh
Weight Sharing,EfficientNet,Education,87.4,86.2,81.6,53.9,300.4,185.1,27.7,Mid-Range,Poor,Odisha
Pruning,SqueezeNet,Education,93.2,92.6,44.8,16.8,348,233.8,27,Low-End,Moderate,Assam
Quantization,MobileNet,Agriculture,84.8,84.3,90.7,44.3,503.5,366.6,12.6,Low-End,Poor,Andhra Pradesh
Knowledge Distillation,MobileNet,Healthcare,88.1,86.9,93.1,56,589.3,392.4,14,Mid-Range,Poor,Odisha
Weight Sharing,ResNet18,Healthcare,83.5,82.7,36.9,22.1,527,273.9,30.9,Low-End,Moderate,Rajasthan
Pruning,ResNet18,Agriculture,85.5,83.7,4.1,1.6,499,358.7,36,Mid-Range,Good,West Bengal
Quantization,MobileNet,Education,88.6,86.7,88.9,57.4,248.5,179.1,22.4,Low-End,Moderate,Odisha
Knowledge Distillation,EfficientNet,Agriculture,85.6,84.9,51.3,23,449.4,260,28.5,Mid-Range,Moderate,Uttar Pradesh
Weight Sharing,ResNet50,Healthcare,90.7,88.6,87.5,36.4,455.9,275.3,37.6,Low-End,Good,Chhattisgarh
Pruning,MobileNet,Education,87.7,85.8,23.6,8.8,394,234.2,10.8,Low-End,Good,Bihar
Quantization,ResNet18,Education,92.8,90.4,18,12.6,449.8,329,35.8,Low-End,Poor,Uttar Pradesh
Knowledge Distillation,MobileNetV2,Healthcare,92,91.4,36.3,17,582,354.7,13.3,Mid-Range,Poor,West Bengal
Weight Sharing,SqueezeNet,Education,90.9,90.1,50.4,29,383.3,226.7,21.5,Mid-Range,Poor,Madhya Pradesh
Pruning,ResNet50,Education,91.6,90.9,6.7,2.4,466.3,244.9,14.4,Mid-Range,Moderate,Uttar Pradesh
Quantization,MobileNet,Agriculture,86.5,85.4,82,46.8,468.5,323.2,24.2,Low-End,Poor,Uttar Pradesh
Knowledge Distillation,ResNet18,Agriculture,92.5,90.4,23.5,14.6,249.8,171.3,28.6,Low-End,Moderate,Chhattisgarh
Weight Sharing,MobileNetV2,Agriculture,93.1,90.6,72.4,43.1,174.9,136.1,19,Mid-Range,Good,Tamil Nadu
Pruning,MobileNetV2,Education,90.9,88.5,57.1,32.4,598.1,347.1,29.5,Low-End,Moderate,West Bengal
Quantization,MobileNet,Education,92.4,89.5,31.7,22,431.5,314.9,30,Mid-Range,Poor,Odisha
Knowledge Distillation,MobileNet,Education,88.1,86.9,58.1,20.5,272.5,170.3,20,Mid-Range,Good,Chhattisgarh
Weight Sharing,EfficientNet,Education,91,88.5,60.3,37.6,174.6,98.6,34,Low-End,Moderate,Rajasthan
Pruning,ResNet18,Healthcare,88.6,87,44.1,25.4,424.3,283.1,22.4,Low-End,Poor,Assam
Quantization,MobileNetV2,Agriculture,85.7,84.4,97,54.8,483,267.9,12.1,Mid-Range,Good,West Bengal
Knowledge Distillation,ResNet18,Agriculture,87.9,85.8,77,50.3,292.8,216.9,26.2,Low-End,Poor,Manipur
Weight Sharing,MobileNet,Healthcare,92.8,90.9,94.3,57.9,370.6,255.3,12.7,Mid-Range,Moderate,Odisha
Pruning,ResNet50,Education,90.9,90.3,32.5,21.7,333.6,209.6,13.5,Mid-Range,Moderate,Andhra Pradesh
Quantization,ResNet18,Healthcare,87.1,85.1,47.5,25.5,272.5,172,18.3,Mid-Range,Good,Uttar Pradesh
Knowledge Distillation,SqueezeNet,Agriculture,93,91.9,78.5,24,409.4,220.9,16.2,Mid-Range,Poor,Jharkhand
Weight Sharing,MobileNet,Agriculture,89.9,87.4,86.4,51.8,181.5,131,30.2,Mid-Range,Good,Manipur
Pruning,MobileNet,Healthcare,83.8,83,26.6,13.1,228.8,175.8,20,Mid-Range,Poor,Jharkhand
Quantization,ResNet18,Agriculture,92,90.7,16.5,10.8,184.5,92.9,11,Low-End,Good,West Bengal
Knowledge Distillation,ResNet50,Agriculture,87.3,85.9,7,4.9,312.8,166.1,22.2,Low-End,Moderate,Tamil Nadu
Weight Sharing,MobileNetV2,Education,83.5,82.6,26.1,13.9,560.3,283.1,12,Low-End,Moderate,Andhra Pradesh
Pruning,ResNet50,Agriculture,84.8,83.5,94,32.6,281.7,159.7,25.5,Low-End,Poor,Assam
Quantization,ResNet18,Healthcare,88.9,86.2,19,10.4,337.9,169.2,12.3,Mid-Range,Good,Jharkhand
Knowledge Distillation,MobileNet,Agriculture,88.5,87.5,52.5,20.6,315.2,180.3,11.1,Low-End,Good,Chhattisgarh
Weight Sharing,ResNet18,Education,85.4,82.6,59.1,27.8,300.7,216,19.3,Mid-Range,Poor,Chhattisgarh
Pruning,SqueezeNet,Education,88.7,87.8,74.5,23.1,343.8,250.5,25.4,Low-End,Moderate,Madhya Pradesh
Quantization,MobileNetV2,Agriculture,87.4,84.6,97.6,61.5,391.4,268.2,29,Low-End,Good,Rajasthan
Knowledge Distillation,EfficientNet,Agriculture,87.1,84.3,95.8,60.5,325,184.5,10.4,Low-End,Moderate,Manipur
Weight Sharing,SqueezeNet,Healthcare,84.6,83.1,37.1,13.1,486.1,360.5,22.6,Mid-Range,Good,Tamil Nadu
Pruning,ResNet18,Education,83.5,82,74.8,39.3,378.4,211.3,12.7,Low-End,Good,West Bengal
Quantization,SqueezeNet,Healthcare,83.4,80.7,43.3,25.8,527.2,345.5,36.1,Mid-Range,Moderate,West Bengal
Knowledge Distillation,ResNet50,Healthcare,83.9,81.2,7.6,4.8,452.5,285.7,11.6,Mid-Range,Moderate,Tamil Nadu
Weight Sharing,SqueezeNet,Healthcare,83.9,82,49.4,17.8,452.8,291.4,18.4,Mid-Range,Poor,Chhattisgarh
Pruning,MobileNetV2,Education,90.9,90,14.1,7.2,289.5,175.4,26.8,Low-End,Moderate,Bihar
Quantization,MobileNetV2,Healthcare,89.6,88.2,73.8,41.9,254.2,154.6,14.5,Mid-Range,Good,Bihar
Knowledge Distillation,SqueezeNet,Healthcare,88.8,87,8.1,3.1,454.8,238.8,17.1,Low-End,Good,Bihar
Weight Sharing,SqueezeNet,Education,91.5,90.1,45.1,17.7,576.1,405.1,15.5,Low-End,Good,Andhra Pradesh
Pruning,MobileNet,Agriculture,83.9,81.2,34.8,23.1,598.7,327.1,32.8,Low-End,Moderate,Rajasthan
Quantization,SqueezeNet,Agriculture,84,82,92.3,62.6,230.1,118,29.3,Low-End,Good,Tamil Nadu
Knowledge Distillation,MobileNet,Agriculture,88.4,87.1,32.8,20.5,188.2,128.3,31.3,Mid-Range,Poor,Bihar
Weight Sharing,SqueezeNet,Education,91.2,90.7,74.4,37.5,325.2,240.2,18.2,Mid-Range,Poor,Andhra Pradesh
Pruning,MobileNetV2,Healthcare,85,82.1,63.8,34.1,595.6,334,23.9,Mid-Range,Good,Assam
Quantization,EfficientNet,Agriculture,92.7,90.9,95.7,50.1,504.4,361.4,29.7,Low-End,Poor,Assam
Knowledge Distillation,ResNet50,Education,86.4,84.7,52.1,28.8,515.5,327.8,13.4,Mid-Range,Moderate,Bihar
Weight Sharing,ResNet50,Healthcare,93.7,91.1,18.7,12.2,357.6,185.3,31.1,Mid-Range,Good,Jharkhand
Pruning,SqueezeNet,Education,90.4,89.1,5.8,2.6,241.2,188,17.4,Mid-Range,Good,Tamil Nadu
Quantization,MobileNet,Healthcare,91.7,90.9,33.7,12.5,308.3,193.8,12.8,Mid-Range,Moderate,West Bengal
Knowledge Distillation,ResNet18,Education,90,88.5,10.1,5,465.4,324.9,35.7,Low-End,Good,Madhya Pradesh
Weight Sharing,MobileNet,Education,91.3,89.4,22.1,8.7,208.3,165.5,38.5,Low-End,Poor,Andhra Pradesh
Pruning,MobileNet,Education,89.5,88.7,6.2,3.2,266.9,152.4,15.9,Mid-Range,Good,Uttar Pradesh
Quantization,SqueezeNet,Agriculture,86.1,84.9,39.1,24.1,381.9,218.9,17.3,Mid-Range,Moderate,Odisha
Knowledge Distillation,SqueezeNet,Healthcare,87.7,86.7,87.7,60.1,292.2,183.6,11.8,Low-End,Good,Tamil Nadu
Weight Sharing,SqueezeNet,Healthcare,83.1,81.2,15.1,7.2,552,439.5,11.8,Low-End,Poor,Manipur
Pruning,ResNet18,Education,93.4,92.7,89.2,47.6,437.9,234,17.6,Mid-Range,Moderate,Madhya Pradesh
Quantization,ResNet18,Agriculture,89.5,87.7,50.3,35.2,215.4,114.6,14.2,Mid-Range,Poor,Manipur
Knowledge Distillation,ResNet50,Agriculture,85.3,84.6,30.2,13.9,554.5,309.3,33.2,Mid-Range,Moderate,Chhattisgarh
Weight Sharing,MobileNetV2,Agriculture,89,86.3,13.9,6,190.3,123.3,37.3,Mid-Range,Poor,Odisha
Pruning,SqueezeNet,Education,87,84.5,61.8,41.6,402.5,227.8,26.1,Mid-Range,Moderate,Madhya Pradesh
Quantization,SqueezeNet,Agriculture,93.3,90.5,68.8,30.8,176,110.7,29.5,Low-End,Moderate,Tamil Nadu
Knowledge Distillation,MobileNetV2,Education,88.2,85.8,96.3,62.8,564.7,445.3,29.3,Low-End,Moderate,Tamil Nadu
Weight Sharing,EfficientNet,Healthcare,87.5,86.4,96.5,48.6,490.8,254.5,33.5,Mid-Range,Poor,Rajasthan
Pruning,ResNet18,Healthcare,84.9,84,53.8,36.7,208,105.8,19.5,Low-End,Good,Uttar Pradesh
Quantization,SqueezeNet,Agriculture,86.1,84.8,32.3,10.8,472.1,302.6,19.4,Low-End,Poor,Assam
Knowledge Distillation,EfficientNet,Agriculture,83.2,81.8,33.6,10.1,554.3,391.4,20.4,Mid-Range,Moderate,Bihar
Weight Sharing,SqueezeNet,Agriculture,86.9,85.2,52.5,17.9,317.2,171.3,18.4,Mid-Range,Moderate,Chhattisgarh
Pruning,ResNet50,Education,88.7,87.2,85.4,36.1,350.9,276.4,34.7,Mid-Range,Good,Rajasthan
Quantization,MobileNetV2,Agriculture,87.5,86.6,36.7,22.2,345.8,192.9,34.8,Mid-Range,Good,Jharkhand
Knowledge Distillation,ResNet18,Agriculture,84.1,81.2,41.3,13.6,495.4,319.2,12.9,Low-End,Good,Tamil Nadu
Weight Sharing,EfficientNet,Education,92.5,91.3,90.3,41.6,203.3,145.1,10.4,Low-End,Poor,Madhya Pradesh
Pruning,MobileNetV2,Healthcare,91.7,88.9,21.3,11.2,460.3,274.8,31.7,Mid-Range,Good,Chhattisgarh
Quantization,SqueezeNet,Healthcare,91.8,91.1,25,16.9,321.5,174.6,21.3,Mid-Range,Poor,Uttar Pradesh
Knowledge Distillation,SqueezeNet,Education,92.5,91.8,57.5,22.8,330.2,174.5,10.9,Low-End,Good,Odisha
Weight Sharing,SqueezeNet,Education,93,91.5,51.8,28.1,244,181.4,29.2,Mid-Range,Poor,Odisha
Pruning,EfficientNet,Healthcare,90.2,87.3,25.1,17.2,551.4,283.2,32.1,Low-End,Good,Odisha
Quantization,ResNet50,Healthcare,90.2,87.5,80.2,31.8,174.6,133,13.7,Low-End,Moderate,Jharkhand
Knowledge Distillation,MobileNet,Education,85.8,85.2,28.3,18.2,189.1,130.5,21.2,Mid-Range,Poor,Tamil Nadu
Weight Sharing,SqueezeNet,Healthcare,85.2,82.3,80.6,49.3,421.6,227.5,38.2,Low-End,Moderate,Odisha
Pruning,ResNet50,Agriculture,90.1,87.7,84.8,30.9,554.2,282.2,19.5,Low-End,Good,Jharkhand
Quantization,ResNet50,Healthcare,88.3,86.3,46.5,15.8,564.5,415.9,37,Low-End,Poor,Bihar
Knowledge Distillation,EfficientNet,Education,91.4,90.3,76.5,43.2,249.2,196.4,32.7,Low-End,Poor,Madhya Pradesh
Weight Sharing,ResNet50,Agriculture,89.3,86.4,57.5,27,467.8,356.6,23,Mid-Range,Moderate,Rajasthan
Pruning,MobileNetV2,Healthcare,89.4,87.8,10.4,5.9,266.3,167,23.7,Low-End,Good,Manipur
Quantization,ResNet18,Healthcare,84.8,82,54.5,16.7,544.9,418,20.7,Low-End,Good,Uttar Pradesh
Knowledge Distillation,ResNet18,Healthcare,87.9,87.1,68.5,29.9,260.5,204.5,19.8,Low-End,Good,Jharkhand
Weight Sharing,MobileNet,Healthcare,91.3,89.8,36.1,10.9,513.5,395.9,24.2,Low-End,Good,Jharkhand
Pruning,MobileNet,Agriculture,84,83.3,92.7,32.3,151.9,104.3,32.4,Low-End,Good,Jharkhand
Quantization,MobileNet,Education,90.8,88.1,38.3,18.3,546.2,377.4,25.9,Low-End,Good,Manipur
Knowledge Distillation,ResNet18,Agriculture,84.2,83.1,56.5,39.2,416.9,322.8,33.4,Low-End,Poor,Tamil Nadu
Weight Sharing,EfficientNet,Healthcare,88.9,87.5,62.2,25.2,531.3,270.8,36.6,Mid-Range,Moderate,Uttar Pradesh
Pruning,MobileNetV2,Agriculture,92.9,91.1,54.4,17.4,311.7,214.5,37.3,Mid-Range,Good,Andhra Pradesh
Quantization,MobileNetV2,Education,90.7,90,52.7,19.2,459.4,292.2,17.7,Mid-Range,Poor,West Bengal
Knowledge Distillation,MobileNetV2,Education,91.7,90.2,39.6,11.9,361.2,249.3,14.7,Low-End,Poor,Manipur
Weight Sharing,EfficientNet,Education,89.6,88,89.2,42.3,296.3,166.5,29.6,Mid-Range,Poor,Madhya Pradesh
Pruning,ResNet18,Agriculture,85.2,82.9,75.1,45.3,422.7,240.1,15.6,Mid-Range,Poor,Rajasthan
Quantization,MobileNet,Healthcare,90.7,89.2,26.2,11.5,540.7,340.2,23.5,Low-End,Moderate,Madhya Pradesh
Knowledge Distillation,ResNet18,Healthcare,85.6,84.7,28.2,9.6,446.8,293.4,28,Mid-Range,Moderate,Madhya Pradesh
Weight Sharing,SqueezeNet,Agriculture,87.2,84.7,90.8,32.1,402,222.7,11.9,Low-End,Good,Chhattisgarh
Pruning,ResNet18,Education,90.5,89.6,60.1,41.3,578.2,350.1,32.8,Low-End,Moderate,Manipur
Quantization,EfficientNet,Healthcare,93.8,92.7,64,42.5,537.1,399.6,17.3,Mid-Range,Moderate,Tamil Nadu
Knowledge Distillation,ResNet18,Education,87.1,86,36.6,25.4,431.7,239.4,20.2,Mid-Range,Good,Manipur
Weight Sharing,EfficientNet,Education,88.1,85.7,29.1,15.5,256.9,161,17.9,Low-End,Good,Odisha
Pruning,ResNet50,Healthcare,89.4,87.7,30.8,16.3,238,189.2,33.5,Low-End,Moderate,Assam
Quantization,ResNet18,Agriculture,84,81.3,36.2,16.4,330.1,195.6,23.9,Low-End,Poor,Rajasthan
Knowledge Distillation,EfficientNet,Education,90.8,88.2,28.3,12,157.3,120.2,27.1,Mid-Range,Moderate,Chhattisgarh
Weight Sharing,MobileNet,Healthcare,89.9,87.4,81.9,31.5,271.4,202.9,21.9,Mid-Range,Poor,Uttar Pradesh
Pruning,EfficientNet,Education,85,83.9,70,46.8,264.3,146.9,20,Low-End,Good,Assam
Quantization,ResNet18,Healthcare,87.4,85.3,29.6,10.9,279.7,164.2,17.4,Low-End,Good,Manipur
Knowledge Distillation,MobileNetV2,Education,83.1,81.2,86.8,47.9,174.6,130.7,39.3,Mid-Range,Good,Manipur
Weight Sharing,MobileNetV2,Healthcare,91.5,89.9,95.8,61.6,394.6,214.5,10.8,Low-End,Poor,Rajasthan
Pruning,SqueezeNet,Healthcare,84.1,83.2,91.8,63.3,242.6,133,22.3,Mid-Range,Good,Jharkhand
Quantization,SqueezeNet,Education,87.7,85.1,8.1,3.8,342.9,195.1,11,Low-End,Good,Madhya Pradesh
Knowledge Distillation,SqueezeNet,Agriculture,89.7,86.9,59.2,40,344.8,231.8,26.1,Low-End,Poor,Madhya Pradesh
Weight Sharing,EfficientNet,Education,84.4,83.1,52.3,16.8,156.6,97,25.4,Low-End,Moderate,Andhra Pradesh
Pruning,ResNet18,Education,87.3,86.6,59.2,40,243.7,180.2,14.7,Mid-Range,Good,Odisha
Quantization,MobileNet,Agriculture,85.9,84.6,45.2,18.5,428.7,250.2,32.2,Low-End,Moderate,Chhattisgarh
Knowledge Distillation,EfficientNet,Education,87.4,84.5,63.6,30.9,400.2,222.9,17.4,Low-End,Good,Rajasthan
Weight Sharing,ResNet18,Healthcare,87.6,85.2,36.5,14.8,361.3,245.9,15.5,Mid-Range,Moderate,West Bengal
Pruning,SqueezeNet,Healthcare,88.1,85.1,93,42.8,266.2,164.6,10.5,Low-End,Moderate,Rajasthan
Quantization,EfficientNet,Agriculture,84.5,81.9,67.5,27.6,351.3,211.1,32,Low-End,Poor,Chhattisgarh
Knowledge Distillation,ResNet50,Healthcare,86.2,85.3,11.3,7,463.7,265.3,15.7,Low-End,Poor,Tamil Nadu
Weight Sharing,MobileNetV2,Agriculture,92.3,90.4,92.1,44.4,470.7,239.6,32.6,Low-End,Poor,Madhya Pradesh
Pruning,EfficientNet,Education,93.4,90.7,33.6,16.4,515.9,375.4,18.4,Mid-Range,Good,Jharkhand
Quantization,MobileNet,Healthcare,87.2,86.1,57.3,26.4,537.5,423.6,14.7,Low-End,Good,Andhra Pradesh
Knowledge Distillation,ResNet18,Healthcare,86.4,83.6,49.2,34.2,163.1,89.9,34.7,Mid-Range,Moderate,Manipur
Weight Sharing,EfficientNet,Healthcare,90.3,88.2,70.2,37.4,496.1,373.9,20.7,Low-End,Good,Odisha
Pruning,ResNet18,Agriculture,91.3,89.1,15,10,389,244,19.7,Low-End,Poor,Rajasthan
Quantization,EfficientNet,Education,86.6,84.9,53.5,36.6,413.4,213.2,19.8,Mid-Range,Moderate,Assam
Knowledge Distillation,MobileNetV2,Education,91,89.9,29.3,19.5,483,261.3,14.2,Low-End,Poor,Madhya Pradesh
Weight Sharing,MobileNetV2,Education,92.3,90.9,32,22.2,353.8,265.8,18,Low-End,Moderate,Rajasthan
Pruning,MobileNetV2,Healthcare,86,85.4,35.7,12.8,577.2,453.4,17.9,Low-End,Good,Madhya Pradesh
Quantization,ResNet50,Healthcare,89.9,88.8,67.2,20.8,459.7,258.4,27.2,Mid-Range,Moderate,Tamil Nadu
Knowledge Distillation,ResNet50,Education,92.4,89.5,50.2,28.5,232.5,168.3,17.9,Mid-Range,Poor,Bihar
Weight Sharing,ResNet18,Agriculture,93.7,92.4,13.9,8.1,584,370,18.7,Mid-Range,Moderate,Uttar Pradesh
Pruning,MobileNetV2,Healthcare,93.5,93,91.5,57.7,177.6,108,34.8,Mid-Range,Poor,Chhattisgarh
Quantization,SqueezeNet,Agriculture,87.6,85.6,93.9,33.4,154.1,117.5,12.8,Low-End,Moderate,Bihar
Knowledge Distillation,ResNet50,Agriculture,88.9,87,8.9,2.9,286.4,205.7,11.6,Mid-Range,Moderate,Manipur
Weight Sharing,SqueezeNet,Healthcare,83.6,82.3,21.2,6.5,433,261.8,34.7,Mid-Range,Poor,Assam
Pruning,ResNet18,Healthcare,86.3,83.7,38.1,15.5,526,308.1,15.7,Mid-Range,Moderate,Assam
Quantization,MobileNetV2,Agriculture,87.5,85.5,8.1,3.4,540.7,326.6,32.3,Low-End,Good,Tamil Nadu
Knowledge Distillation,MobileNet,Education,90.7,88.2,19.2,10.6,349.4,193.5,25.8,Mid-Range,Poor,West Bengal
Weight Sharing,ResNet50,Agriculture,86.2,83.5,53,20.7,446.2,239.8,35.6,Low-End,Moderate,Assam
Pruning,ResNet18,Agriculture,94,92.8,25.7,9.1,304.2,171.5,11,Mid-Range,Good,West Bengal
Quantization,MobileNet,Education,83,81.2,23.8,8.3,468.1,313.7,37.8,Mid-Range,Good,Manipur
Knowledge Distillation,MobileNetV2,Education,87.9,86.2,49.6,24.8,423.4,224.6,12,Low-End,Poor,Andhra Pradesh
Weight Sharing,ResNet18,Agriculture,83.1,82,81,34.6,171,123.2,35.2,Mid-Range,Moderate,Andhra Pradesh
Pruning,MobileNetV2,Agriculture,86.8,85.8,98,34,571.4,302.5,33.3,Low-End,Moderate,Bihar
Quantization,MobileNetV2,Healthcare,86.8,85.4,23.4,14.9,590.1,379.2,33.1,Low-End,Good,Jharkhand
Knowledge Distillation,MobileNetV2,Healthcare,85.3,84.5,64.5,30.6,471.9,269,36.1,Low-End,Poor,Madhya Pradesh
Weight Sharing,ResNet18,Healthcare,83.6,82.5,16,9.3,454.3,315.2,38.9,Low-End,Poor,Jharkhand
Pruning,ResNet50,Healthcare,85.7,84.1,27.1,13.8,394.7,308.8,36.1,Low-End,Good,Jharkhand
Quantization,MobileNetV2,Agriculture,91.2,89.4,58.1,37.2,240,171,11.9,Low-End,Poor,Chhattisgarh
Knowledge Distillation,ResNet18,Healthcare,83.4,81.1,45.6,18.6,405.3,301.7,34.8,Mid-Range,Moderate,Jharkhand
Weight Sharing,MobileNetV2,Education,85.4,83.7,39.5,15.2,288.6,165.8,33.9,Low-End,Moderate,Manipur
Pruning,SqueezeNet,Education,91.3,89.5,12.7,5.9,390.5,281.1,26.4,Low-End,Moderate,Rajasthan
Quantization,ResNet18,Agriculture,90.3,88.1,43.3,27.8,222.2,149,17.3,Low-End,Poor,Jharkhand
Knowledge Distillation,SqueezeNet,Agriculture,89,86.7,14.8,6.5,178.6,91.5,21.1,Low-End,Poor,Jharkhand
Weight Sharing,MobileNet,Education,90.3,87.7,29,18.1,498.2,345,31.2,Low-End,Good,Andhra Pradesh
Pruning,ResNet50,Healthcare,94,92.1,17.4,6.7,546.6,367.6,29.3,Mid-Range,Moderate,Jharkhand
Quantization,MobileNet,Education,90.3,88.6,20.6,12.6,512.2,406.1,22.8,Mid-Range,Good,West Bengal
Knowledge Distillation,MobileNetV2,Agriculture,85,84.5,70.1,27.9,450,262.1,24,Low-End,Poor,Assam
Weight Sharing,ResNet50,Agriculture,85.6,83.9,84.8,39.6,357.7,285.9,39.9,Low-End,Poor,Uttar Pradesh
Pruning,MobileNet,Agriculture,91.1,88.7,60.6,39.4,544,362.6,12.1,Low-End,Moderate,Assam
Quantization,ResNet18,Healthcare,89.9,89.4,73.6,46.3,530.6,300.3,31.4,Mid-Range,Poor,Uttar Pradesh
Knowledge Distillation,EfficientNet,Healthcare,87.7,87.1,57,25.7,393.5,249.3,23,Low-End,Good,Madhya Pradesh
Weight Sharing,SqueezeNet,Healthcare,88.5,86.8,69,33.1,157.9,88.2,34.5,Low-End,Poor,Andhra Pradesh
Pruning,EfficientNet,Education,91.2,90.2,41.1,24.5,339.3,228.7,20.4,Mid-Range,Good,Jharkhand
Quantization,SqueezeNet,Education,92.6,91.9,37.9,21.8,275.4,138.2,33.5,Mid-Range,Moderate,Odisha
Knowledge Distillation,EfficientNet,Agriculture,90.4,89,50.9,22.3,590.1,386.2,37.1,Mid-Range,Moderate,Madhya Pradesh
Weight Sharing,SqueezeNet,Healthcare,83,82.3,95.6,45.2,342.2,178,39.5,Low-End,Poor,Andhra Pradesh
Pruning,MobileNetV2,Agriculture,84.9,84.3,56.2,26.9,493.7,305.8,27.2,Low-End,Poor,Odisha
Quantization,ResNet18,Education,83.7,82.2,64.1,35.9,383.1,214.1,14.6,Low-End,Poor,Chhattisgarh
Knowledge Distillation,MobileNet,Healthcare,92.2,91,80.4,32.8,261.3,200.6,19.8,Mid-Range,Poor,Jharkhand
Weight Sharing,EfficientNet,Healthcare,91.2,88.3,55.1,23.8,512.9,364.5,21,Low-End,Moderate,Andhra Pradesh
Pruning,ResNet18,Agriculture,88,85.1,84.1,39.9,431.1,258.7,16.2,Low-End,Poor,Assam
Quantization,EfficientNet,Healthcare,93.5,92.4,62,21.3,467.2,353.1,15.2,Mid-Range,Good,West Bengal
Knowledge Distillation,EfficientNet,Education,86.7,86,34.9,18.5,582.8,318,22.5,Low-End,Good,Andhra Pradesh
Weight Sharing,SqueezeNet,Agriculture,87.2,85.3,74.7,29.5,528.1,414.3,37.1,Low-End,Moderate,Manipur
Pruning,ResNet18,Healthcare,85.4,83.3,14,9.2,393.7,210.3,14.4,Mid-Range,Good,Andhra Pradesh
Quantization,ResNet18,Education,85.1,84.2,4.5,1.9,403,257.2,36.2,Low-End,Moderate,West Bengal
Knowledge Distillation,EfficientNet,Agriculture,90.2,88.1,45.2,20.2,276.6,192.9,26.9,Mid-Range,Poor,Rajasthan
Weight Sharing,EfficientNet,Education,83.8,82.6,34,14.2,378.1,221.7,11.9,Low-End,Poor,Chhattisgarh
Pruning,ResNet50,Agriculture,92.8,90.9,54.2,21.8,245.5,131.5,27.4,Low-End,Poor,Manipur
Quantization,ResNet50,Education,91.2,89.9,19.1,11.5,321.8,213.2,33.5,Mid-Range,Poor,Chhattisgarh
Knowledge Distillation,ResNet18,Agriculture,91.2,88.8,12,7.7,381.8,195.5,11.8,Mid-Range,Moderate,Tamil Nadu
Weight Sharing,EfficientNet,Agriculture,88.7,86.4,95.8,51.6,201.8,133.6,19.3,Mid-Range,Good,Assam
Pruning,ResNet18,Education,90.9,90.2,25.2,8.1,240.3,181.1,18.9,Low-End,Poor,Rajasthan
Quantization,ResNet18,Healthcare,91.5,90,52.3,30.1,485.3,358.4,25.9,Low-End,Poor,Jharkhand
Knowledge Distillation,SqueezeNet,Healthcare,88,85.3,44.1,17.2,262.1,197.1,38.2,Low-End,Poor,Jharkhand
Weight Sharing,SqueezeNet,Education,86.6,85.1,40.3,21.2,425.3,303.8,28.9,Mid-Range,Good,Rajasthan
Pruning,MobileNetV2,Education,88,85.4,6.9,2.6,351.6,254.4,22,Low-End,Good,Rajasthan
Quantization,EfficientNet,Education,90.2,88.6,29,17.1,208.7,136,31.7,Low-End,Moderate,West Bengal
Knowledge Distillation,ResNet18,Education,85.5,82.7,69.4,25.3,248.9,187,30,Mid-Range,Moderate,Andhra Pradesh
Weight Sharing,ResNet50,Healthcare,85.9,83.5,30.9,10.7,375.3,196.7,36.9,Mid-Range,Moderate,Jharkhand
Pruning,SqueezeNet,Education,90.2,89.7,26.7,8.7,347.1,263,24.9,Low-End,Good,Tamil Nadu
Quantization,SqueezeNet,Education,93,91.8,40.8,25.2,172.1,117.8,29.5,Low-End,Moderate,Assam
Knowledge Distillation,ResNet18,Agriculture,88.7,87.9,66,27.6,165.5,105.4,20.4,Mid-Range,Good,West Bengal
Weight Sharing,SqueezeNet,Agriculture,88.1,85.2,98.7,61.7,197.1,114.3,31.6,Mid-Range,Moderate,Bihar
Pruning,MobileNet,Agriculture,92.4,91.1,58.2,29.4,275.1,193.1,28.7,Low-End,Good,Andhra Pradesh
Quantization,SqueezeNet,Agriculture,84.1,83.1,87.8,29.4,341.9,201.7,33,Mid-Range,Poor,Madhya Pradesh
Knowledge Distillation,MobileNetV2,Education,89.9,87.9,81.9,50,401.5,290.3,20.8,Mid-Range,Poor,Chhattisgarh
Weight Sharing,MobileNet,Healthcare,88.3,87,37.9,12.6,493.5,369.4,30.6,Low-End,Good,West Bengal
Pruning,ResNet50,Education,85.1,83.1,63.2,28,166.6,109.3,19.1,Low-End,Poor,Andhra Pradesh
Quantization,ResNet50,Healthcare,85.3,84.6,55.7,19,562.8,320.8,31.2,Mid-Range,Poor,West Bengal
Knowledge Distillation,MobileNetV2,Education,91.4,90.6,55.6,31.4,524.4,293.1,22.8,Low-End,Good,Odisha
Weight Sharing,SqueezeNet,Agriculture,83.2,80.2,50.5,21.6,358.6,231.7,10.1,Low-End,Good,Assam
Pruning,SqueezeNet,Education,89.5,86.8,60.9,33.7,446.9,276.9,31,Low-End,Good,West Bengal
Quantization,SqueezeNet,Education,83.9,81.4,64.4,32.3,487.9,286.6,12,Low-End,Poor,West Bengal
Knowledge Distillation,MobileNet,Agriculture,92.1,89.9,46.6,15.7,166.8,92.4,19.1,Mid-Range,Good,Assam
Weight Sharing,ResNet18,Healthcare,93,91.7,63,32.1,335.6,187.5,26.9,Mid-Range,Moderate,West Bengal
Pruning,ResNet50,Healthcare,89.9,87.8,5.3,3.1,256.6,200.5,11.2,Low-End,Poor,Rajasthan
Quantization,MobileNetV2,Agriculture,92.7,90.1,14.5,7.3,396.3,304.8,27.3,Mid-Range,Moderate,Andhra Pradesh
Knowledge Distillation,MobileNet,Education,93.6,93,14.6,6.8,347.7,182.9,21.1,Low-End,Poor,Manipur
Weight Sharing,ResNet50,Education,90.6,89.1,58,35.7,355.2,207,28.4,Low-End,Moderate,Tamil Nadu
Pruning,MobileNetV2,Education,91.1,88.3,32.9,21.6,173.4,135.5,31.3,Low-End,Moderate,Bihar
Quantization,EfficientNet,Education,89.2,87.3,55.4,22.7,492.4,361.5,24.9,Mid-Range,Moderate,Andhra Pradesh
Knowledge Distillation,EfficientNet,Healthcare,88.2,86.8,31.2,9.8,260.2,181.4,29.6,Mid-Range,Poor,Bihar
Weight Sharing,MobileNetV2,Education,83,81.6,53.5,23.4,239.8,148.4,15.1,Low-End,Moderate,Rajasthan
Pruning,MobileNetV2,Agriculture,83.2,80.5,58.5,30.9,513.4,275.4,12.3,Mid-Range,Poor,Chhattisgarh
Quantization,SqueezeNet,Education,92,90,21.9,13.4,500.1,286.8,22.3,Low-End,Moderate,Manipur
Knowledge Distillation,ResNet18,Agriculture,84.1,83.2,97.8,54.3,281.2,191,13.6,Low-End,Moderate,Bihar
Weight Sharing,SqueezeNet,Agriculture,88.3,87.2,82.5,57.3,320.9,250.3,18,Mid-Range,Moderate,Rajasthan
Pruning,ResNet50,Education,90.4,89.2,48.8,23.5,354.1,209.9,12.2,Low-End,Poor,Odisha
Quantization,MobileNet,Healthcare,83.1,81.9,14.1,7.5,232.4,162.7,36.9,Mid-Range,Good,Uttar Pradesh
Knowledge Distillation,SqueezeNet,Healthcare,88.5,86.2,85.5,47.3,371.9,259.1,24.7,Mid-Range,Poor,Assam
Weight Sharing,MobileNet,Agriculture,88.4,87.6,8.6,2.7,297.8,190.8,32.1,Mid-Range,Poor,Andhra Pradesh
Pruning,ResNet18,Healthcare,85.2,82.9,68.7,30.5,194.5,143.8,29.2,Low-End,Good,Chhattisgarh
Quantization,ResNet18,Agriculture,92.7,90.9,24.4,12.6,561.5,281.6,36.7,Mid-Range,Good,West Bengal
Knowledge Distillation,ResNet18,Education,85.8,83.3,23.2,11.8,335.5,179.4,30.1,Mid-Range,Poor,Andhra Pradesh
Weight Sharing,EfficientNet,Healthcare,91.5,89.6,49.5,28.3,244.6,163.8,32.9,Low-End,Good,Assam
Pruning,ResNet18,Healthcare,93.7,91.4,72.2,21.7,183.3,104.4,31.8,Low-End,Moderate,Manipur
Quantization,ResNet18,Agriculture,87.2,85.6,50.3,28.9,250.1,140.9,34.7,Mid-Range,Good,Odisha
Knowledge Distillation,EfficientNet,Agriculture,86.4,85.2,4.9,2.7,250.3,158.8,14.2,Low-End,Moderate,Chhattisgarh
Weight Sharing,MobileNetV2,Agriculture,92.4,89.9,9,4.4,536.6,336,30,Mid-Range,Good,Andhra Pradesh
Pruning,EfficientNet,Agriculture,90.9,89.5,21.3,13.1,544.1,289.9,25.5,Mid-Range,Poor,West Bengal
Quantization,ResNet18,Agriculture,86.7,84.8,64.2,36.9,334.6,210.2,15.5,Low-End,Moderate,Madhya Pradesh
Knowledge Distillation,SqueezeNet,Education,87.4,86.7,24.4,13.5,189.5,117.6,15.8,Low-End,Poor,Rajasthan
Weight Sharing,SqueezeNet,Healthcare,89.3,86.3,54.6,31.6,320.4,213.7,23,Low-End,Good,Odisha
Pruning,EfficientNet,Healthcare,91.7,90.7,85.3,52.6,223.1,150.9,12.2,Mid-Range,Moderate,Madhya Pradesh
Quantization,SqueezeNet,Education,85.2,83.9,18.8,7.6,441.6,261,15.9,Low-End,Moderate,Rajasthan
Knowledge Distillation,SqueezeNet,Healthcare,90.7,88.9,45.9,28.6,454.8,285.8,11.8,Low-End,Poor,West Bengal
Weight Sharing,MobileNetV2,Agriculture,91.6,90.3,43.9,29.4,422.7,278.5,32.9,Low-End,Good,Bihar
Pruning,ResNet50,Agriculture,84.3,81.3,73.7,31.2,157,82.4,25.8,Low-End,Good,Odisha
Quantization,MobileNetV2,Education,92.2,90.2,66.9,42.7,489.6,307.1,14.3,Low-End,Moderate,Madhya Pradesh
Knowledge Distillation,EfficientNet,Agriculture,87.6,85.6,96.5,29.8,351.1,269,24.2,Low-End,Good,West Bengal
Weight Sharing,ResNet50,Education,92.8,92,79.2,31.8,250.2,144.8,10.1,Low-End,Poor,Uttar Pradesh
Pruning,MobileNet,Education,86.5,84.1,89.1,53.5,298.7,233.8,16,Mid-Range,Poor,West Bengal
Quantization,EfficientNet,Healthcare,86.4,83.9,11.9,8.3,550.6,348.8,19.7,Mid-Range,Poor,Andhra Pradesh
Knowledge Distillation,ResNet18,Education,89,87.3,25.1,16.5,235.4,118.9,35.3,Mid-Range,Moderate,Rajasthan
Weight Sharing,MobileNet,Healthcare,90.7,88.4,60.6,37.8,307.9,225.4,20,Low-End,Moderate,Madhya Pradesh
Pruning,MobileNet,Education,91.3,88.9,48.2,33.5,588.9,430.7,28.7,Low-End,Poor,Andhra Pradesh
Quantization,ResNet50,Healthcare,89.6,88.1,27.1,8.1,195.9,120.7,24.1,Low-End,Good,Tamil Nadu
Knowledge Distillation,MobileNet,Education,87.6,85.1,50.7,25.4,183.8,92.8,38.2,Mid-Range,Poor,Madhya Pradesh
Weight Sharing,SqueezeNet,Agriculture,92.6,90.7,43.7,17.8,418.9,260.4,23.4,Mid-Range,Good,Chhattisgarh
Pruning,MobileNet,Education,87,86.5,16.1,9.1,327.7,208.6,11.9,Mid-Range,Moderate,Andhra Pradesh
Quantization,MobileNet,Agriculture,83.8,82.9,27.2,17.1,361.8,243.5,15.5,Mid-Range,Poor,Bihar
Knowledge Distillation,MobileNetV2,Healthcare,84.1,82.4,92.9,36,522.4,288.6,32.7,Low-End,Moderate,Odisha
Weight Sharing,SqueezeNet,Education,89.4,88.9,7.4,3.5,262.6,207.6,32.9,Low-End,Moderate,Jharkhand
Pruning,EfficientNet,Agriculture,90.9,87.9,16.7,7.1,485.2,363,36.8,Low-End,Good,Assam
Quantization,MobileNet,Education,92.3,90.7,14.7,8.8,393.4,265.8,36.8,Low-End,Moderate,Madhya Pradesh
Knowledge Distillation,MobileNetV2,Healthcare,86.4,84.5,12.8,6.4,524.1,312.9,25.2,Mid-Range,Good,Jharkhand
Weight Sharing,ResNet50,Healthcare,92.1,90.7,10.6,4.8,546.8,384,29.4,Mid-Range,Moderate,Manipur
Pruning,EfficientNet,Healthcare,85.2,82.7,17,6.5,521.3,342.8,12.8,Mid-Range,Poor,Bihar
Quantization,EfficientNet,Education,93.3,91.5,53.4,27,412.1,235,20.6,Mid-Range,Moderate,Tamil Nadu
Knowledge Distillation,ResNet18,Healthcare,93.2,92.2,82.6,36.7,530.4,360,15.3,Mid-Range,Good,Madhya Pradesh
Weight Sharing,MobileNet,Education,83.3,82.6,15.4,6.1,384.6,220.6,21,Mid-Range,Poor,Uttar Pradesh
Pruning,EfficientNet,Healthcare,89.2,88.5,55.7,26.5,258.5,180.2,37.4,Mid-Range,Moderate,Assam
Quantization,ResNet18,Education,89.7,87.8,63.8,23.7,414.8,247.5,19.8,Mid-Range,Poor,Odisha
Knowledge Distillation,ResNet50,Agriculture,88.3,87,5,3.2,397.9,259.6,24.5,Low-End,Moderate,Madhya Pradesh
Weight Sharing,ResNet50,Healthcare,84.5,83,77.2,40.3,273.1,152.6,32.4,Mid-Range,Moderate,Madhya Pradesh
Pruning,MobileNetV2,Healthcare,88.1,85.2,38.1,16,550.1,317.6,39.2,Mid-Range,Moderate,Tamil Nadu
Quantization,MobileNetV2,Agriculture,86.2,83.7,85.3,35.1,229.1,116.9,31.7,Mid-Range,Moderate,Uttar Pradesh
Knowledge Distillation,MobileNetV2,Agriculture,89.5,88.9,83.4,37.8,234.5,128.6,22.7,Low-End,Moderate,Tamil Nadu
Weight Sharing,MobileNet,Healthcare,93.3,90.9,99.1,44,164.9,128.1,19.5,Mid-Range,Poor,Rajasthan
Pruning,SqueezeNet,Healthcare,85.1,84.2,18.6,5.8,302.4,158.9,14.3,Low-End,Moderate,Jharkhand
Quantization,MobileNet,Healthcare,92.3,89.6,70.2,48.4,297.8,157.9,33.5,Low-End,Good,Andhra Pradesh
Knowledge Distillation,ResNet50,Agriculture,88,86.4,26.3,12.8,229,158.1,14.3,Low-End,Good,Bihar
Weight Sharing,ResNet50,Healthcare,91.2,89.9,25.7,13,534.4,390,12.6,Mid-Range,Moderate,Manipur
Pruning,SqueezeNet,Healthcare,85.8,83.1,6.8,2.5,179.4,125.5,25.8,Mid-Range,Poor,Chhattisgarh
Quantization,ResNet18,Education,86,84.1,86.2,36.9,165.8,98.6,13,Low-End,Moderate,West Bengal
Knowledge Distillation,ResNet50,Healthcare,86,84.2,47.1,30.1,503.4,351.9,29.5,Low-End,Good,Tamil Nadu
Weight Sharing,MobileNetV2,Healthcare,91.8,88.9,42.1,23.5,282.1,209.3,21.3,Mid-Range,Poor,Tamil Nadu
Pruning,MobileNet,Agriculture,86,84.8,43.4,23.5,244.5,168,21.3,Low-End,Good,Manipur
Quantization,ResNet18,Healthcare,87.2,85.9,5,2,586.9,453.8,11.3,Mid-Range,Poor,Uttar Pradesh
Knowledge Distillation,SqueezeNet,Healthcare,85.4,83.2,40.4,15.1,478.9,322.7,17.6,Low-End,Good,West Bengal
Weight Sharing,MobileNet,Agriculture,84.5,82.9,59.8,27.8,312.5,231.4,34,Low-End,Moderate,Bihar
Pruning,EfficientNet,Healthcare,90.6,89.2,82.6,52.2,413.1,330.4,32.2,Mid-Range,Moderate,Jharkhand
Quantization,MobileNet,Agriculture,92,89,44.9,30.4,473.7,372.4,22,Mid-Range,Poor,Tamil Nadu
Knowledge Distillation,ResNet50,Healthcare,87.9,85.4,34.5,14,471,365,31.6,Low-End,Good,Odisha
Weight Sharing,MobileNetV2,Healthcare,83.6,82.1,48.9,27.9,260.5,202.6,15.4,Mid-Range,Poor,Madhya Pradesh
Pruning,ResNet18,Healthcare,83.5,81.3,45.7,17.7,436.9,231.3,13.3,Mid-Range,Poor,Assam
Quantization,ResNet18,Healthcare,93.9,92.9,71,48.7,228.8,149.6,32.3,Mid-Range,Poor,West Bengal
Knowledge Distillation,MobileNet,Agriculture,87.8,85.9,91.4,31,207.1,139.4,39.6,Mid-Range,Moderate,Rajasthan
Weight Sharing,MobileNet,Healthcare,85.7,83.6,36.4,14.7,451,238.1,12.9,Mid-Range,Good,Bihar
Pruning,SqueezeNet,Healthcare,90.4,88.4,50.2,34.6,287.2,197.7,37.1,Low-End,Poor,Jharkhand
Quantization,MobileNetV2,Agriculture,90.9,89.6,63.2,21.1,389.2,303.2,18.9,Mid-Range,Moderate,Assam
Knowledge Distillation,SqueezeNet,Agriculture,90.3,88.7,77.7,32.4,303.4,167.7,15.8,Mid-Range,Moderate,Andhra Pradesh
Weight Sharing,ResNet18,Agriculture,92.3,89.4,40.5,27.1,350,222.6,16.2,Low-End,Good,Manipur
Pruning,ResNet50,Agriculture,90.5,89.3,44,27.9,273.2,146.6,34.8,Mid-Range,Moderate,Andhra Pradesh
Quantization,ResNet18,Education,93.2,92.1,90.9,41.9,213.8,120.3,35.2,Low-End,Good,Rajasthan
Knowledge Distillation,ResNet50,Agriculture,93.4,90.5,20.9,9.3,293.2,191.6,12.7,Mid-Range,Moderate,Odisha
Weight Sharing,SqueezeNet,Education,86.2,85,49.9,24.4,232.1,120.2,38.9,Low-End,Good,Bihar
Pruning,ResNet18,Education,85.9,83.6,23.8,14.6,284.5,220.3,10.2,Mid-Range,Good,Uttar Pradesh
Quantization,EfficientNet,Agriculture,88.5,86.2,76.7,50.9,457.8,366,21.1,Mid-Range,Poor,Andhra Pradesh
Knowledge Distillation,EfficientNet,Healthcare,83.9,83,59.8,33.4,204.6,153.3,20.3,Low-End,Moderate,Bihar
Weight Sharing,MobileNetV2,Healthcare,90.4,88.3,40.7,22.9,160.4,100.9,10.8,Low-End,Poor,Andhra Pradesh
Pruning,MobileNetV2,Agriculture,93.4,92.8,77.7,31.6,268.5,193.3,25,Mid-Range,Moderate,Andhra Pradesh
Quantization,MobileNetV2,Agriculture,92.6,92.1,41,21.7,233.8,149.5,35.8,Mid-Range,Good,Manipur
Knowledge Distillation,SqueezeNet,Healthcare,86.4,85.4,32.6,11.9,244.9,187.2,37.6,Low-End,Poor,Manipur
Weight Sharing,ResNet18,Education,92.7,90,86.8,43.5,347.7,262,10.8,Mid-Range,Poor,Bihar
Pruning,EfficientNet,Education,93.2,90.5,43.5,20.5,364.3,207.1,28.3,Mid-Range,Moderate,West Bengal
Quantization,ResNet18,Education,87.5,86.3,24.1,8.2,449.1,253.3,34.7,Mid-Range,Poor,Madhya Pradesh
Knowledge Distillation,ResNet50,Agriculture,85.5,84.8,45.2,28.8,523.6,352.5,26.5,Low-End,Moderate,Madhya Pradesh
Weight Sharing,ResNet18,Healthcare,85,82.1,8.7,3.6,256.2,159,35.2,Low-End,Poor,Uttar Pradesh
Pruning,SqueezeNet,Education,90.2,87.8,25.7,12.8,530.5,357.7,27.1,Mid-Range,Poor,Manipur
Quantization,EfficientNet,Agriculture,89.6,88.1,23.1,11.3,150.1,75.2,24.1,Mid-Range,Moderate,Jharkhand
Knowledge Distillation,MobileNetV2,Education,89.2,87.1,45.1,20.4,259.1,179.6,23.4,Mid-Range,Good,Rajasthan
Weight Sharing,ResNet50,Education,85.4,82.9,79.1,24,382.5,279.8,34.5,Low-End,Moderate,Uttar Pradesh
Pruning,ResNet50,Agriculture,88.4,87.4,87.2,56.7,290.6,163,37.4,Mid-Range,Poor,Andhra Pradesh
Quantization,MobileNet,Agriculture,85.9,84.8,51.6,17.1,308.9,205.9,31.1,Low-End,Good,Tamil Nadu
Knowledge Distillation,MobileNet,Education,84.4,83.6,77,38.4,275.8,204.1,20.7,Low-End,Moderate,Madhya Pradesh
Weight Sharing,EfficientNet,Education,84.8,81.8,54.5,24.5,245.1,134.4,12,Low-End,Moderate,Chhattisgarh
Pruning,MobileNetV2,Agriculture,93.9,93,7.8,4.3,337.9,187.1,17.2,Mid-Range,Poor,Odisha
Quantization,SqueezeNet,Agriculture,88.2,86.7,7.8,4.1,413,296.6,25.9,Low-End,Good,West Bengal
Knowledge Distillation,ResNet50,Healthcare,92.5,89.8,9.3,4.1,251.8,158.1,37.4,Low-End,Good,Andhra Pradesh
Weight Sharing,MobileNetV2,Agriculture,91.3,88.3,35.2,19.7,381.3,199.3,28.9,Mid-Range,Good,Jharkhand
Pruning,MobileNetV2,Healthcare,87.2,84.7,51.5,30.5,230.7,134.8,17.7,Low-End,Good,Manipur
Quantization,MobileNet,Healthcare,85.2,84.5,93.7,61.9,458.5,257.5,35.2,Low-End,Poor,Chhattisgarh
Knowledge Distillation,ResNet50,Education,85.6,83.9,83.6,35.2,169.2,107.2,26.6,Low-End,Poor,West Bengal
Weight Sharing,MobileNetV2,Education,85.4,82.6,27.7,13.6,402,240.6,10.7,Mid-Range,Poor,Tamil Nadu
Pruning,EfficientNet,Healthcare,93.4,91,32.7,9.8,470.7,238.2,27.7,Mid-Range,Poor,West Bengal
Quantization,MobileNetV2,Agriculture,92.9,89.9,53.9,25.2,211.3,116,18.6,Low-End,Moderate,Bihar
Knowledge Distillation,MobileNetV2,Agriculture,84.2,82.2,51.8,19.7,299.9,233.7,28.2,Low-End,Poor,Odisha
Weight Sharing,MobileNetV2,Agriculture,84.1,82,57.2,20.3,195.3,107.8,28.6,Low-End,Good,Jharkhand
Pruning,MobileNetV2,Education,87.8,84.9,33.3,18.3,346.6,225.2,32.3,Mid-Range,Moderate,Uttar Pradesh
Quantization,EfficientNet,Education,92.9,91,92.9,64.4,283.1,176.4,35.4,Low-End,Moderate,Bihar
Knowledge Distillation,MobileNet,Healthcare,85.9,84.8,44.3,31,247.5,182.3,32.2,Mid-Range,Good,Uttar Pradesh
Weight Sharing,MobileNetV2,Agriculture,87.7,86,90.1,54.7,400.1,316,25.2,Low-End,Good,Andhra Pradesh
Pruning,ResNet18,Healthcare,91.9,90.2,43.4,18.1,286.6,212.8,24.9,Low-End,Poor,Rajasthan
Quantization,MobileNet,Agriculture,88.5,87.9,4.8,1.5,234.4,163,11.5,Low-End,Poor,Uttar Pradesh
Knowledge Distillation,EfficientNet,Healthcare,93.3,92.4,17.3,8.5,510.6,274.2,30,Mid-Range,Good,Bihar
Weight Sharing,MobileNetV2,Education,91.5,88.9,16.5,8.5,349.2,246.3,26.6,Mid-Range,Poor,Andhra Pradesh
Pruning,MobileNetV2,Agriculture,87,86.4,72.1,50.3,331.3,171.8,20.6,Mid-Range,Poor,Jharkhand
Quantization,SqueezeNet,Healthcare,88.9,87.2,49.2,18.7,570,387.1,34.5,Low-End,Poor,Rajasthan
Knowledge Distillation,MobileNet,Healthcare,90.5,89.7,44,15.3,299,218.4,11.2,Low-End,Poor,Bihar
Weight Sharing,MobileNet,Education,86.4,85.2,59.6,29.9,402.2,254.8,10.2,Low-End,Poor,Assam
Pruning,MobileNetV2,Healthcare,88.3,85.5,68.2,43,294.9,162.4,29.9,Low-End,Moderate,Jharkhand
Quantization,EfficientNet,Healthcare,91.2,89.4,18.1,8.8,381,303.7,36.5,Low-End,Good,Jharkhand
Knowledge Distillation,ResNet50,Healthcare,84.4,82.1,9.6,3,323.1,211.3,10.4,Mid-Range,Good,Andhra Pradesh
Weight Sharing,MobileNet,Education,86.2,85.3,30.3,12,359.6,222.8,16.4,Mid-Range,Moderate,Rajasthan
Pruning,MobileNet,Healthcare,91.4,89.7,84,25.7,423.5,329.8,38.1,Mid-Range,Good,Tamil Nadu
Quantization,MobileNet,Education,84.2,83.7,90.2,53.8,299.9,181.9,27.5,Low-End,Good,West Bengal
Knowledge Distillation,MobileNet,Healthcare,89.3,88.5,39.4,27.4,189.3,128.3,28.5,Low-End,Moderate,Chhattisgarh
Weight Sharing,ResNet18,Agriculture,92.1,91.5,46,18.1,541.3,276.5,18.9,Mid-Range,Moderate,Assam
Pruning,ResNet50,Healthcare,91.4,88.5,23.1,9.3,306.8,207,13.5,Mid-Range,Moderate,Assam
Quantization,ResNet18,Agriculture,91,88,79.4,24,592.6,467.3,24.4,Mid-Range,Moderate,Madhya Pradesh
Knowledge Distillation,SqueezeNet,Healthcare,86.7,86.2,39.1,27.3,426.3,328.4,12.6,Low-End,Poor,Rajasthan
Weight Sharing,MobileNet,Education,85.6,82.6,67.2,34.1,306.5,218.4,27,Mid-Range,Moderate,Chhattisgarh
Pruning,MobileNet,Healthcare,89.2,87.3,33,19.9,493.8,354.2,16.7,Mid-Range,Good,Madhya Pradesh
Quantization,SqueezeNet,Agriculture,90.4,87.5,60.7,33.3,483.6,265.2,18.8,Mid-Range,Poor,Manipur
Knowledge Distillation,SqueezeNet,Agriculture,89.7,87.4,72.7,30.1,506.7,333.6,18,Low-End,Moderate,Jharkhand
Weight Sharing,SqueezeNet,Healthcare,93.1,90.9,86.1,36.6,251.9,185.1,21.4,Mid-Range,Good,West Bengal
Pruning,ResNet18,Agriculture,87.2,86.3,67.4,41.4,559,296.5,20.6,Low-End,Poor,Manipur
Quantization,MobileNet,Education,91.3,89.3,11.2,7.2,493.7,321.7,24.3,Low-End,Moderate,Tamil Nadu
Knowledge Distillation,ResNet18,Healthcare,91.9,89.5,50.1,19.1,152.8,97.5,30.8,Mid-Range,Good,Odisha
Weight Sharing,SqueezeNet,Agriculture,83,81,85.5,43.1,278.3,208.8,25.8,Mid-Range,Moderate,Andhra Pradesh
Pruning,ResNet18,Healthcare,85.1,82.1,66,31.5,351.7,251.1,37.4,Low-End,Poor,Manipur
Quantization,SqueezeNet,Healthcare,85.8,84.7,58.8,28.5,300.3,186.5,19.1,Mid-Range,Moderate,Uttar Pradesh
Knowledge Distillation,SqueezeNet,Agriculture,83.1,82.3,54.5,35.9,190.5,107.4,31.2,Mid-Range,Moderate,Jharkhand
Weight Sharing,ResNet18,Agriculture,83.2,81,11.6,5.2,564.4,288.3,10.9,Mid-Range,Good,Jharkhand
Pruning,MobileNet,Education,87.1,86.6,22.1,15.4,524.8,380.8,39.3,Mid-Range,Moderate,Assam
Quantization,EfficientNet,Agriculture,84.9,84,50.3,24.2,478.4,363.3,33.2,Mid-Range,Good,Bihar
Knowledge Distillation,SqueezeNet,Healthcare,92.3,91.1,6.4,3.3,397.4,270.2,33.8,Mid-Range,Moderate,Bihar
Weight Sharing,MobileNetV2,Healthcare,92.8,89.9,20,11.1,506.6,379.7,16.4,Low-End,Good,Rajasthan
Pruning,SqueezeNet,Agriculture,87.3,86.2,93.1,53.6,351.8,279.5,23.6,Mid-Range,Moderate,Odisha
Quantization,MobileNetV2,Education,89.8,89.2,13.7,8.8,442.2,310.6,36.6,Low-End,Moderate,Odisha
Knowledge Distillation,MobileNet,Agriculture,89.4,87.7,4,1.3,495.8,335,15.6,Mid-Range,Good,Madhya Pradesh
Weight Sharing,ResNet50,Agriculture,93.3,92.3,51.6,23.3,182.3,131.3,36.5,Mid-Range,Poor,Bihar
Pruning,SqueezeNet,Education,92.1,89.3,92.5,63.4,419,257.6,22,Low-End,Good,Assam
Quantization,SqueezeNet,Agriculture,86.7,84.9,64.2,28.9,387.8,284.7,15.5,Mid-Range,Moderate,Uttar Pradesh
Knowledge Distillation,MobileNetV2,Healthcare,93.9,92.9,67.5,32.7,460.8,367,25.5,Mid-Range,Poor,Rajasthan
Weight Sharing,MobileNetV2,Education,89.7,87,44.7,27.7,241,132.4,12.7,Low-End,Poor,Chhattisgarh
Pruning,EfficientNet,Healthcare,87.1,85.3,74.5,43.1,418.1,255.5,36.6,Mid-Range,Poor,Tamil Nadu
Quantization,EfficientNet,Education,88.7,86.4,96.2,29.4,195.2,130.7,24.7,Low-End,Good,Tamil Nadu
Knowledge Distillation,ResNet50,Agriculture,85.9,83.3,92.9,64.8,395.3,203.8,33.5,Mid-Range,Good,West Bengal
Weight Sharing,ResNet50,Healthcare,89.2,87.5,95.2,38.9,573.6,319.4,22.3,Low-End,Moderate,Andhra Pradesh
Pruning,MobileNetV2,Education,88.3,87.2,53.4,23.3,443.9,227.3,15.2,Low-End,Poor,West Bengal
Quantization,EfficientNet,Agriculture,88.4,87.2,56,36,328.2,250.3,38.2,Low-End,Poor,Jharkhand
Knowledge Distillation,SqueezeNet,Education,92.2,89.5,87,38.3,562.1,386.6,16.4,Low-End,Good,Manipur
Weight Sharing,SqueezeNet,Agriculture,86.7,85.3,33.6,15.7,502.3,290.4,23.7,Low-End,Poor,Manipur
Pruning,EfficientNet,Healthcare,85.7,84,56.7,29.1,328.6,242.6,26.3,Mid-Range,Good,Andhra Pradesh
Quantization,ResNet50,Agriculture,90.9,89.3,12.2,6.2,224.5,160.6,23.9,Low-End,Moderate,Rajasthan
Knowledge Distillation,EfficientNet,Healthcare,85,82.9,85.3,31.8,192,131.3,32.8,Low-End,Poor,West Bengal
Weight Sharing,SqueezeNet,Education,83.1,82,66.4,35.1,565.1,338.6,28,Low-End,Moderate,Chhattisgarh
Pruning,ResNet18,Agriculture,87.5,85.7,48.5,29.5,157,81.4,30.2,Low-End,Good,Chhattisgarh
Quantization,EfficientNet,Education,86.4,83.7,52.7,25.8,253.7,144.3,23.1,Low-End,Good,West Bengal
Knowledge Distillation,SqueezeNet,Agriculture,83.9,81.7,24.1,9.2,408.2,288.8,28.2,Low-End,Good,Bihar
Weight Sharing,MobileNetV2,Healthcare,83.3,81,92.6,36.9,373.3,277.2,32.2,Mid-Range,Good,Andhra Pradesh
Pruning,ResNet18,Agriculture,90.7,87.8,11.1,5.1,343.8,233.4,22.3,Low-End,Good,Assam
Quantization,MobileNet,Agriculture,91,89,15.1,6.9,531.8,425.1,17.3,Low-End,Poor,Manipur
Knowledge Distillation,MobileNet,Education,92.7,91.2,92.2,51.7,167.5,104.4,20.2,Mid-Range,Moderate,Chhattisgarh
Weight Sharing,ResNet18,Education,86.8,85.4,18.8,9.9,242.8,160.1,16.6,Mid-Range,Moderate,Madhya Pradesh
Pruning,ResNet18,Healthcare,86.1,84.6,23.7,9.8,580,368.5,27.2,Low-End,Moderate,Odisha
Quantization,SqueezeNet,Education,83.5,80.7,14.4,7.9,466.2,274.5,13,Mid-Range,Good,Tamil Nadu
Knowledge Distillation,ResNet18,Healthcare,89.1,88.4,94.2,41.1,197.1,125.1,23,Low-End,Good,Odisha
Weight Sharing,SqueezeNet,Healthcare,91.4,89,70.8,38.8,165.6,126.2,19.8,Mid-Range,Moderate,Jharkhand
Pruning,EfficientNet,Agriculture,84.9,83.3,35.7,10.7,214.4,111.5,33.4,Low-End,Good,Andhra Pradesh
Quantization,SqueezeNet,Healthcare,93.4,92,42.1,21.8,172.7,104.4,34,Low-End,Good,West Bengal
Knowledge Distillation,MobileNetV2,Agriculture,91.4,88.7,8.2,4.5,468.7,271.9,12.6,Mid-Range,Moderate,Jharkhand
Weight Sharing,ResNet50,Agriculture,89.2,87.4,82.8,52.9,202.3,130.6,19,Mid-Range,Good,Odisha
Pruning,ResNet18,Agriculture,89.2,87.8,33.7,23,162,86.7,32.5,Mid-Range,Good,West Bengal
Quantization,ResNet18,Healthcare,93.9,93.4,78.3,26.9,522.7,332,37.8,Mid-Range,Moderate,Chhattisgarh
Knowledge Distillation,MobileNetV2,Agriculture,86.4,85.8,8.4,2.9,510,381.5,30.3,Mid-Range,Moderate,Chhattisgarh
Weight Sharing,MobileNet,Education,90.5,89.8,53.7,22.5,243.9,187.6,23,Mid-Range,Good,Andhra Pradesh
Pruning,MobileNetV2,Healthcare,87.4,86.1,37.1,18.2,520.4,330.6,31.9,Mid-Range,Good,Jharkhand
Quantization,ResNet50,Healthcare,83.4,82.8,10.1,5.2,347.4,261.7,33.7,Mid-Range,Moderate,Uttar Pradesh
Knowledge Distillation,SqueezeNet,Education,92.5,91.7,53.3,26.4,495.2,345,14.2,Low-End,Poor,Manipur
Weight Sharing,ResNet50,Education,84.6,82.1,77.6,45.7,491.2,363.8,28.3,Low-End,Moderate,Assam
Pruning,MobileNet,Agriculture,83.7,81.5,99.2,31.1,464.2,235.4,14.7,Mid-Range,Moderate,Jharkhand
Quantization,ResNet18,Healthcare,84.6,84,23,9.8,510.2,397.6,33.1,Mid-Range,Poor,Andhra Pradesh
Knowledge Distillation,EfficientNet,Agriculture,87.9,86.2,94.2,64.8,222.2,114.4,24.8,Mid-Range,Good,West Bengal
Weight Sharing,MobileNetV2,Healthcare,86.1,84,80.9,42.2,553.5,295.1,33.5,Mid-Range,Poor,Chhattisgarh
Pruning,SqueezeNet,Agriculture,92.3,91.5,47.4,16.9,395.1,250.1,35.2,Mid-Range,Poor,Bihar
Quantization,ResNet18,Education,92.9,91.6,34.2,14.7,538.8,373.7,30.1,Low-End,Good,Andhra Pradesh
Knowledge Distillation,ResNet18,Agriculture,83.3,81.1,71.2,41.1,484.3,307.7,14.4,Mid-Range,Poor,Uttar Pradesh
Weight Sharing,ResNet18,Healthcare,91.6,89.5,64.8,35.1,167.4,118.5,30,Mid-Range,Poor,West Bengal
Pruning,ResNet50,Healthcare,92.4,89.7,20.5,7.2,480.6,329.9,20.5,Low-End,Moderate,Manipur
Quantization,EfficientNet,Healthcare,92.8,90.5,56.2,17.4,533.3,277.4,21.9,Mid-Range,Moderate,Uttar Pradesh
Knowledge Distillation,MobileNetV2,Healthcare,89.1,88.2,92.9,58.4,172.6,112.6,18.6,Low-End,Moderate,Jharkhand
Weight Sharing,SqueezeNet,Education,89,86.4,11.8,4.3,411.6,243.5,15.4,Mid-Range,Good,Jharkhand
Pruning,MobileNet,Healthcare,89,86.2,54,21.9,275.4,213.5,16.6,Low-End,Moderate,Andhra Pradesh
Quantization,MobileNet,Education,91.4,90.1,89.6,50.6,430.1,329.1,27.9,Mid-Range,Good,Tamil Nadu
Knowledge Distillation,EfficientNet,Healthcare,91.8,89.7,66.8,26,437.8,288.1,36.6,Mid-Range,Good,Assam
Weight Sharing,MobileNetV2,Healthcare,90.1,88.3,50.1,29.4,581.9,448.9,30.8,Mid-Range,Poor,Jharkhand
Pruning,SqueezeNet,Education,93.6,91.1,41.8,28.5,428,319.8,12.6,Mid-Range,Good,Chhattisgarh
Quantization,ResNet18,Healthcare,88.7,86.5,52,29.5,354.1,191.7,35.7,Mid-Range,Poor,Odisha
Knowledge Distillation,MobileNet,Healthcare,84.1,82.6,48,31.3,418.7,271.8,30.2,Low-End,Poor,Tamil Nadu
Weight Sharing,MobileNet,Healthcare,92.3,89.9,28.5,17.3,204.7,110.4,35.1,Low-End,Moderate,Rajasthan
Pruning,ResNet50,Education,83.3,81.4,46.4,15.2,419.5,259.3,31.1,Low-End,Good,Manipur
Quantization,ResNet50,Agriculture,85.9,85.2,59.9,40.1,414.2,316.4,13.4,Low-End,Moderate,Uttar Pradesh
Knowledge Distillation,SqueezeNet,Education,83.1,82,31.1,18.5,582.1,386.7,16.9,Low-End,Poor,Assam
Weight Sharing,MobileNet,Agriculture,88.9,86.9,82.9,31.7,368.7,250.6,30,Mid-Range,Good,Bihar
Pruning,EfficientNet,Healthcare,86.8,84.1,9.4,3,422.7,334.7,20.6,Low-End,Poor,Jharkhand
Quantization,SqueezeNet,Healthcare,86.5,85.7,46.5,28.9,286.6,226.3,27.6,Mid-Range,Poor,Madhya Pradesh
Knowledge Distillation,ResNet50,Education,93.4,92.2,95.2,52.6,474.9,241.8,28.8,Low-End,Good,Chhattisgarh
Weight Sharing,ResNet50,Healthcare,93,91.2,84.5,56.9,206.6,110.6,33.1,Low-End,Good,Tamil Nadu
Pruning,SqueezeNet,Agriculture,93.5,92.8,36.8,25.4,556.2,332.5,10.5,Mid-Range,Poor,Odisha
Quantization,MobileNetV2,Agriculture,88.7,85.8,30.3,10.9,467.4,361.1,33.9,Low-End,Moderate,West Bengal
Knowledge Distillation,MobileNetV2,Education,83.3,82.1,62.9,28.6,216.5,170.5,35.3,Low-End,Moderate,Assam
Weight Sharing,ResNet50,Education,90.1,89.1,81.8,42,153.1,119,17.6,Mid-Range,Good,Manipur
Pruning,MobileNet,Agriculture,93.6,91.7,96.8,58.6,187,126.7,30.1,Mid-Range,Moderate,Rajasthan
Quantization,MobileNetV2,Education,85.5,84.1,33,11.4,153.6,113,21.1,Low-End,Moderate,Rajasthan
Knowledge Distillation,MobileNetV2,Healthcare,91.6,88.9,56.6,27.3,221.1,146.4,22.5,Low-End,Good,Chhattisgarh
Weight Sharing,MobileNet,Healthcare,89.6,88.6,76.6,25.3,206.2,104.2,35.6,Mid-Range,Good,Assam
Pruning,ResNet50,Education,92.6,90.7,13.4,6.8,506.6,314.9,13.5,Low-End,Poor,Andhra Pradesh
Quantization,SqueezeNet,Agriculture,90.1,87.9,50.4,18.9,598.8,302.7,34.1,Low-End,Poor,Odisha
Knowledge Distillation,SqueezeNet,Education,92.4,91.2,21,12.5,304.9,210.7,21.6,Low-End,Poor,Assam
Weight Sharing,SqueezeNet,Healthcare,83.3,82.5,72.5,31.5,446,274.1,30.5,Mid-Range,Poor,Chhattisgarh
Pruning,ResNet18,Healthcare,92.9,92.2,48.9,27.3,488,368.1,25.1,Mid-Range,Poor,Odisha
Quantization,ResNet50,Agriculture,92.3,89.6,8.8,3.3,174.2,104.4,19.6,Mid-Range,Poor,Andhra Pradesh
Knowledge Distillation,MobileNetV2,Agriculture,85,83.1,56,38.3,437.6,330.9,29.7,Mid-Range,Poor,Tamil Nadu
Weight Sharing,ResNet18,Agriculture,90.4,89.1,99.8,49.6,497.7,340.6,33.9,Mid-Range,Moderate,Bihar
Pruning,EfficientNet,Healthcare,84.1,82.7,52,28.7,258.3,131.4,15.3,Low-End,Moderate,Andhra Pradesh
Quantization,ResNet18,Agriculture,89.5,87,69,30.6,461.1,323.2,24.9,Low-End,Good,Andhra Pradesh
Knowledge Distillation,SqueezeNet,Healthcare,83.6,80.8,53.6,17.5,448.5,355.8,38.3,Mid-Range,Poor,West Bengal
Weight Sharing,EfficientNet,Healthcare,86.2,84.1,11.3,6.2,168.7,124.5,26.9,Mid-Range,Good,Rajasthan
Pruning,ResNet50,Education,92.2,91.3,97.6,64.2,152.6,85.1,29.6,Mid-Range,Poor,Madhya Pradesh
Quantization,ResNet50,Healthcare,93.8,90.8,27.5,18.8,306.3,234.6,35.8,Mid-Range,Poor,Rajasthan
Knowledge Distillation,ResNet18,Agriculture,89.9,87,62.5,19.5,240.1,132.8,19.3,Low-End,Poor,Madhya Pradesh
Weight Sharing,ResNet50,Agriculture,89.5,87.1,40.7,28.3,219.3,141,18.3,Low-End,Poor,Bihar
Pruning,MobileNet,Agriculture,90.8,90.1,96.9,57.2,175.1,93,27.8,Low-End,Poor,Madhya Pradesh
Quantization,SqueezeNet,Healthcare,86.2,83.2,58.3,37.5,329.4,260.9,35.1,Mid-Range,Good,Rajasthan
Knowledge Distillation,MobileNet,Agriculture,90.6,89.5,56.2,22.8,355,211.9,28.9,Mid-Range,Moderate,Tamil Nadu
Weight Sharing,ResNet50,Agriculture,84.5,82,42,18.3,384.5,252.7,17.7,Low-End,Good,Andhra Pradesh
Pruning,MobileNet,Agriculture,88,86.7,64.5,29.2,152.2,108.6,38.4,Low-End,Moderate,Uttar Pradesh
Quantization,MobileNetV2,Education,92.5,91,8.2,4.7,269.9,138.2,11.8,Low-End,Moderate,Uttar Pradesh
Knowledge Distillation,MobileNet,Education,93.6,91.7,84.5,28.3,278.5,198,35.8,Low-End,Poor,Manipur
Weight Sharing,ResNet18,Education,89.8,88.7,68.4,36.1,226.8,172,37.6,Low-End,Moderate,Rajasthan
Pruning,ResNet50,Healthcare,87.3,84.8,30.4,20.5,451.7,242.8,14.9,Low-End,Moderate,Bihar
Quantization,MobileNet,Healthcare,83.7,81.5,23.7,8.7,533,350.2,21.5,Mid-Range,Good,Assam
Knowledge Distillation,EfficientNet,Education,86.4,84.1,91.6,49.7,253.5,159.5,23.3,Low-End,Moderate,Jharkhand
Weight Sharing,ResNet18,Agriculture,89.6,87,40.8,26.9,264.9,191.3,39.7,Low-End,Good,Andhra Pradesh
Pruning,ResNet18,Agriculture,91.5,90.7,51.7,30.1,183.6,102.1,16.1,Mid-Range,Moderate,Tamil Nadu
Quantization,EfficientNet,Agriculture,84.3,83.5,26.9,14.1,187.6,100.4,31.3,Mid-Range,Good,Odisha
Knowledge Distillation,SqueezeNet,Education,92.8,89.8,80.1,28.6,499.2,387.9,24.6,Mid-Range,Good,Manipur
Weight Sharing,ResNet50,Agriculture,86.6,84.1,14.7,8,291,182.2,24.3,Low-End,Good,Chhattisgarh
Pruning,EfficientNet,Education,88.8,86,77.7,30.9,556.2,444.6,26.3,Mid-Range,Poor,West Bengal
Quantization,MobileNetV2,Healthcare,91.1,89.7,55.5,24.6,528.3,342.7,23.4,Low-End,Moderate,Tamil Nadu
Knowledge Distillation,EfficientNet,Healthcare,88.7,86.7,9.8,6.7,323,162.9,14.7,Mid-Range,Poor,Bihar
Weight Sharing,ResNet50,Healthcare,87.2,86.6,89.4,45.2,490.8,388.2,22.5,Low-End,Poor,Odisha
Pruning,ResNet50,Healthcare,84.8,83.2,12.4,6.6,306.5,222.1,23.2,Mid-Range,Poor,Tamil Nadu
Quantization,MobileNet,Education,91.4,88.6,70.9,25.8,162.3,117.7,32.5,Mid-Range,Poor,Assam
Knowledge Distillation,MobileNetV2,Healthcare,93.3,92.5,40.2,12.4,334.4,204.8,26.3,Mid-Range,Moderate,Bihar
Weight Sharing,ResNet18,Healthcare,89.1,88.2,44.9,30.3,204.7,112.9,28.9,Mid-Range,Good,Rajasthan
Pruning,ResNet50,Education,87.6,85.9,43.3,26.4,464.5,306.6,11.2,Mid-Range,Good,Chhattisgarh
Quantization,ResNet18,Education,85.1,83.6,37.6,24.4,565.1,422.1,37.3,Mid-Range,Good,Chhattisgarh
Knowledge Distillation,ResNet18,Agriculture,93.2,90.3,91.3,52.5,294.8,173.3,26,Low-End,Moderate,Madhya Pradesh
Weight Sharing,MobileNet,Healthcare,84.2,82,81.2,32.9,190.1,98.8,30.5,Low-End,Moderate,Andhra Pradesh
Pruning,ResNet18,Education,93.7,90.8,33.6,15.5,310.7,222.3,39,Mid-Range,Moderate,Uttar Pradesh
Quantization,MobileNet,Healthcare,87.7,85.2,92.1,34.3,167.1,124.2,35.1,Mid-Range,Good,Assam
Knowledge Distillation,EfficientNet,Healthcare,90.8,90,27.4,10.9,161.6,117.3,25.9,Low-End,Poor,Rajasthan
Weight Sharing,ResNet18,Healthcare,85.1,82.5,32.1,10.9,556,367.7,12.3,Low-End,Poor,Uttar Pradesh
Pruning,MobileNet,Education,90.1,87.6,18.4,10.2,477.9,306.6,26.6,Mid-Range,Poor,Chhattisgarh
Quantization,SqueezeNet,Education,93.6,92.4,96.3,33.2,365.8,227.3,16.8,Mid-Range,Moderate,Andhra Pradesh
Knowledge Distillation,EfficientNet,Agriculture,93.7,93.1,11,6,206.8,141.7,10.3,Low-End,Good,Bihar
Weight Sharing,MobileNet,Education,90.9,88.1,28.1,10.5,345.4,181.2,16.9,Low-End,Moderate,Tamil Nadu
Pruning,MobileNetV2,Education,91.7,89.2,92.2,63.4,364.5,197.7,19.7,Mid-Range,Poor,Manipur
Quantization,ResNet50,Healthcare,87.5,85.7,61.3,28.9,596.6,406.3,16.3,Low-End,Poor,Andhra Pradesh
Knowledge Distillation,MobileNet,Education,93.2,91.2,76.1,30.8,467.9,359.3,12.9,Mid-Range,Good,Odisha
Weight Sharing,SqueezeNet,Agriculture,93.7,92.5,59.7,25.8,590.2,453,23.5,Mid-Range,Good,Manipur
Pruning,ResNet50,Education,93.9,93.1,88.6,46.1,540.3,301.3,21.2,Low-End,Good,Rajasthan
Quantization,MobileNet,Healthcare,87.3,86.7,54.7,26.9,181.6,123.3,39.5,Mid-Range,Moderate,Uttar Pradesh
Knowledge Distillation,SqueezeNet,Education,88,86.4,96.5,51.7,259.9,182,21,Low-End,Moderate,Manipur
Weight Sharing,EfficientNet,Healthcare,89.7,89.1,17.9,8.1,473,344.3,39.5,Low-End,Moderate,Chhattisgarh
Pruning,EfficientNet,Education,87.5,86.1,92.4,50.7,211.1,121.8,17.9,Mid-Range,Poor,Chhattisgarh
Quantization,EfficientNet,Healthcare,92.4,90.1,74,42.3,552.2,348.7,40,Mid-Range,Good,Bihar
Knowledge Distillation,MobileNetV2,Agriculture,92.5,90.1,92.4,61.8,204.2,111.3,10.6,Mid-Range,Poor,Uttar Pradesh
Weight Sharing,ResNet50,Agriculture,91.6,89.5,13.8,6.2,323,237,37.7,Low-End,Moderate,Chhattisgarh
Pruning,MobileNetV2,Education,92.6,90.5,46.4,30.9,237.8,131.8,27.7,Mid-Range,Good,Manipur
Quantization,MobileNetV2,Education,89.5,87.6,90,55.8,357.3,190.4,16.3,Low-End,Good,Jharkhand
Knowledge Distillation,SqueezeNet,Agriculture,84.2,83.4,70.6,44.2,532.7,422.6,25.5,Mid-Range,Good,Odisha
Weight Sharing,ResNet50,Agriculture,92.6,92,75.8,51,383.5,211.9,34.2,Low-End,Poor,Manipur
Pruning,MobileNetV2,Agriculture,85.7,82.9,49.6,15.9,236.2,177.1,18.3,Mid-Range,Poor,Bihar
Quantization,SqueezeNet,Agriculture,86.4,84,78.3,50.8,299.7,180.8,23.5,Low-End,Poor,Rajasthan
Knowledge Distillation,EfficientNet,Agriculture,87.6,84.9,61.9,38.3,479.2,261.6,26.2,Mid-Range,Moderate,Andhra Pradesh
Weight Sharing,ResNet50,Education,89.5,88.1,89.1,61.8,236.5,133.5,32,Low-End,Poor,Andhra Pradesh
Pruning,ResNet50,Agriculture,91.6,89.2,43.6,13.4,509.5,366.1,13.3,Mid-Range,Good,Bihar
Quantization,SqueezeNet,Agriculture,83.1,80.4,59.3,35.3,531.8,368.4,19.8,Low-End,Moderate,Chhattisgarh
Knowledge Distillation,MobileNetV2,Healthcare,93.9,92.5,90.9,56.8,575.8,343.5,34.2,Mid-Range,Poor,Uttar Pradesh
Weight Sharing,MobileNetV2,Healthcare,86.4,83.8,15.3,10.6,323.5,239.2,18,Mid-Range,Good,Jharkhand
Pruning,SqueezeNet,Agriculture,86.4,84.2,6.2,2.1,492.8,304.8,38.6,Low-End,Moderate,Rajasthan
Quantization,SqueezeNet,Education,93,90.3,57.2,24,231.4,118.6,39.7,Mid-Range,Poor,Andhra Pradesh
Knowledge Distillation,MobileNet,Agriculture,84.1,82.8,33.1,20.4,179.4,91.3,23,Low-End,Poor,Madhya Pradesh
Weight Sharing,SqueezeNet,Agriculture,93.3,90.9,93.9,56.8,474.2,282.4,32.3,Mid-Range,Poor,Andhra Pradesh
Pruning,ResNet18,Healthcare,87,84.5,43.8,23.7,196.8,155.6,26.2,Low-End,Moderate,Rajasthan
Quantization,ResNet18,Healthcare,91.5,90.8,51.7,22,387.8,217.2,13.8,Low-End,Poor,Rajasthan
Knowledge Distillation,EfficientNet,Healthcare,84.3,82.7,60.5,38,315.8,246,13.3,Mid-Range,Poor,Jharkhand
Weight Sharing,ResNet50,Healthcare,87.3,84.8,37.9,14.4,536.7,419.6,22.8,Mid-Range,Good,Rajasthan
Pruning,MobileNet,Education,83.9,83.1,15.4,5.2,279.3,152.6,19.4,Low-End,Moderate,Chhattisgarh
Quantization,ResNet50,Education,83.2,81.5,52.9,27.6,266.7,213.2,17.7,Mid-Range,Good,Bihar
Knowledge Distillation,SqueezeNet,Agriculture,88.4,87.6,53.1,22.7,183.6,114.8,26.7,Mid-Range,Moderate,Odisha
Weight Sharing,EfficientNet,Education,90.6,88.6,35.7,14.3,488.4,290.9,25,Low-End,Poor,Chhattisgarh
Pruning,ResNet50,Agriculture,87,85.9,7.1,3.6,549.1,428.7,34.8,Mid-Range,Poor,Madhya Pradesh
Quantization,MobileNetV2,Healthcare,88,87.4,75.5,49.6,537,344.9,11.9,Mid-Range,Moderate,Odisha
Knowledge Distillation,SqueezeNet,Education,85.9,85.4,60.7,27.7,494,376.4,34.7,Mid-Range,Moderate,Andhra Pradesh
Weight Sharing,ResNet18,Education,87.9,86.3,57,38,470.1,311.8,31.3,Mid-Range,Good,West Bengal
Pruning,ResNet18,Education,91.7,89.4,81.9,36.9,357.8,245.5,21.3,Mid-Range,Good,Uttar Pradesh
Quantization,EfficientNet,Education,91.5,88.6,44.9,15.8,556.2,311,32.9,Low-End,Poor,Tamil Nadu
Knowledge Distillation,ResNet50,Education,87.6,86.7,7.8,5.2,209.7,128.5,12.9,Low-End,Good,Andhra Pradesh
Weight Sharing,MobileNetV2,Education,86.3,83.7,5,2.3,537.8,299.5,35.3,Mid-Range,Moderate,Rajasthan
Pruning,EfficientNet,Education,92.4,90,6,3.3,199,152.8,14.7,Mid-Range,Poor,West Bengal
Quantization,ResNet50,Agriculture,88.9,86.8,59.8,41.5,307.4,216.5,32.1,Mid-Range,Moderate,Assam
Knowledge Distillation,SqueezeNet,Education,89.2,88,99.7,40.6,284.6,185.6,16.5,Mid-Range,Good,Chhattisgarh
Weight Sharing,EfficientNet,Healthcare,89.6,88.4,25.8,15.4,330.1,263.5,23.1,Low-End,Moderate,Bihar
Pruning,EfficientNet,Agriculture,92.3,91.6,4.2,2.3,444,293.1,33.8,Low-End,Moderate,Chhattisgarh
Quantization,ResNet50,Education,89.7,87,22.7,14.8,426.1,265.4,15.9,Mid-Range,Poor,West Bengal
Knowledge Distillation,ResNet18,Healthcare,83.3,80.7,62.1,25.9,356.3,227.6,22.7,Mid-Range,Good,Manipur
Weight Sharing,ResNet50,Agriculture,92.6,91.5,63.8,28.1,598.9,344.7,14.3,Low-End,Moderate,West Bengal
Pruning,MobileNet,Agriculture,90.8,88.2,42.8,14.9,272.1,155.1,23.3,Low-End,Good,Odisha
Quantization,ResNet18,Healthcare,86.1,83.8,13.9,7.3,571.8,373.8,26.2,Mid-Range,Moderate,Tamil Nadu
Knowledge Distillation,ResNet18,Healthcare,92.3,89.9,67.9,41.1,157.1,79.2,36.8,Mid-Range,Moderate,Chhattisgarh
Weight Sharing,MobileNet,Agriculture,86,85.3,56.4,20.2,343.1,228.1,27.1,Low-End,Moderate,Chhattisgarh
Pruning,ResNet18,Healthcare,87.3,85.6,94.9,52.1,513.2,365.4,17.6,Low-End,Moderate,Rajasthan
Quantization,MobileNetV2,Healthcare,88,87.4,55,18.1,589.8,378.1,27.8,Mid-Range,Good,West Bengal
Knowledge Distillation,EfficientNet,Healthcare,84.4,83.7,74.7,27.1,392.8,302,21.9,Mid-Range,Moderate,Andhra Pradesh
Weight Sharing,SqueezeNet,Agriculture,92.2,89.8,32,15.8,320.7,199.2,33.2,Mid-Range,Moderate,West Bengal
Pruning,ResNet50,Agriculture,85.3,82.7,36.5,14.1,548.8,387.2,39.4,Mid-Range,Poor,Madhya Pradesh
Quantization,EfficientNet,Agriculture,92.1,91,11.1,6.2,155.9,105.9,12.2,Mid-Range,Good,Bihar
Knowledge Distillation,MobileNetV2,Agriculture,91.9,90.9,8.6,4.3,325.6,260.1,33.7,Low-End,Good,Manipur
Weight Sharing,ResNet50,Education,87.8,87.1,96.5,57.9,228.9,124.3,14.7,Mid-Range,Moderate,Chhattisgarh
Pruning,EfficientNet,Education,92.5,91.6,13.6,5.6,157.3,107.3,25.3,Mid-Range,Good,Rajasthan
Quantization,ResNet50,Education,85.2,84.6,63.2,24.9,508.1,350.2,11,Mid-Range,Good,Manipur
Knowledge Distillation,ResNet18,Education,83.4,82.9,64.5,20,406.7,299.8,15.7,Mid-Range,Moderate,Rajasthan
Weight Sharing,SqueezeNet,Education,89.8,88.5,56.7,38.6,530.1,418.8,13.3,Mid-Range,Moderate,Uttar Pradesh
Pruning,ResNet50,Education,85.9,84.6,57.4,38.5,272.3,209.8,27.3,Low-End,Moderate,Odisha
Quantization,ResNet18,Healthcare,88.2,86.8,20.9,11.1,367.7,287.7,26.7,Low-End,Poor,Andhra Pradesh
Knowledge Distillation,MobileNet,Education,89.8,87.9,96.2,36.3,191.5,118.2,38.9,Mid-Range,Good,Manipur
Weight Sharing,MobileNetV2,Education,89.9,87.1,63,38.7,412,228.2,25.3,Low-End,Poor,West Bengal
Pruning,ResNet18,Healthcare,84.5,83.7,9.1,3.4,212.5,139.2,20.2,Low-End,Good,Odisha
Quantization,EfficientNet,Healthcare,88.2,87.5,29.7,19.4,541.7,331.7,19.1,Mid-Range,Moderate,Chhattisgarh
Knowledge Distillation,ResNet18,Agriculture,85,83,41.7,25.3,392.5,203.2,16.7,Mid-Range,Moderate,Chhattisgarh
Weight Sharing,EfficientNet,Agriculture,83.7,81.3,98.2,57.2,306.9,241.4,30.4,Mid-Range,Moderate,Chhattisgarh
Pruning,MobileNetV2,Education,89.7,87,86.6,38.1,303.5,168.9,35.5,Mid-Range,Good,Jharkhand
Quantization,ResNet18,Healthcare,88.1,87.3,90,27.2,371.2,244.3,20.3,Low-End,Good,Assam
Knowledge Distillation,SqueezeNet,Agriculture,92,90.9,44.7,21.8,366.4,282.8,22.3,Low-End,Poor,Manipur
Weight Sharing,SqueezeNet,Education,85.9,85.1,37.5,25.6,460.9,349.4,19.1,Mid-Range,Moderate,Jharkhand
Pruning,ResNet18,Agriculture,93.9,93,39.3,17.2,174.2,131.6,37.9,Low-End,Moderate,Jharkhand
Quantization,EfficientNet,Agriculture,91.5,90.8,18.1,11.1,445.9,234.1,26.4,Low-End,Good,Chhattisgarh
Knowledge Distillation,MobileNet,Healthcare,94,91.7,96.9,62,461.5,240.9,23.5,Low-End,Good,Assam
Weight Sharing,SqueezeNet,Healthcare,89.8,87,11.2,7.6,519,288.7,36.4,Low-End,Moderate,Tamil Nadu
Pruning,ResNet50,Healthcare,88.6,87.5,34.8,17.8,503.1,388.6,39.2,Mid-Range,Moderate,Manipur
Quantization,MobileNetV2,Agriculture,86.2,83.5,93.3,46.2,473.7,289.5,27.4,Low-End,Poor,Jharkhand
Knowledge Distillation,EfficientNet,Agriculture,90.3,87.8,42.5,20.9,378.3,261.7,23.4,Mid-Range,Good,Jharkhand
Weight Sharing,MobileNet,Healthcare,89,87.6,35.7,22.2,384.3,250.5,19.8,Low-End,Poor,Rajasthan
Pruning,MobileNet,Education,86.3,84.2,43.3,16.8,447.7,302.1,34.1,Low-End,Poor,Tamil Nadu
Quantization,MobileNet,Healthcare,87.9,86,81.8,37.5,298.9,198.6,18.1,Mid-Range,Good,Andhra Pradesh
Knowledge Distillation,ResNet50,Agriculture,91.9,90.8,54.8,22.9,523.5,328,11.3,Low-End,Moderate,Madhya Pradesh
Weight Sharing,MobileNet,Education,92,90.2,84.8,25.7,337.6,214.6,39.1,Low-End,Good,West Bengal
Pruning,EfficientNet,Healthcare,85.2,82.4,43.2,23,231.8,128.1,17.6,Mid-Range,Poor,West Bengal
Quantization,MobileNetV2,Agriculture,92,91.4,55.3,38.5,554.2,351.4,21.3,Mid-Range,Moderate,Madhya Pradesh
Knowledge Distillation,MobileNetV2,Healthcare,85.9,84.1,79.1,34.1,466.7,254.7,32.2,Low-End,Moderate,Madhya Pradesh
Weight Sharing,EfficientNet,Education,86,84.1,4.5,2.8,247.8,128.8,31.3,Mid-Range,Moderate,Rajasthan
Pruning,SqueezeNet,Healthcare,86.8,85.7,11,4.5,153.1,87.8,30.7,Low-End,Moderate,Madhya Pradesh
Quantization,EfficientNet,Agriculture,92.4,89.5,62.7,43.6,501.5,296.9,32.1,Mid-Range,Good,Bihar
Knowledge Distillation,ResNet50,Healthcare,89.1,86.6,83.2,48.9,359.9,187.6,29.5,Mid-Range,Poor,Assam
Weight Sharing,EfficientNet,Education,88.2,87.5,97.2,60.1,293.3,213.6,27.4,Mid-Range,Poor,Madhya Pradesh
Pruning,MobileNet,Education,93.8,92.3,71.8,49.9,365.6,186.5,16.4,Low-End,Moderate,Chhattisgarh
Quantization,MobileNetV2,Education,91.3,90.1,89,36.8,260.1,144.3,24.6,Mid-Range,Poor,West Bengal
Knowledge Distillation,MobileNetV2,Agriculture,92.4,91.5,61.2,19.6,470.5,341.8,16.8,Low-End,Poor,Assam
Weight Sharing,ResNet18,Education,92.3,91.1,29.2,11.6,370.2,215.2,39.7,Low-End,Poor,West Bengal
Pruning,SqueezeNet,Healthcare,88,87.3,89.1,48.5,527.2,379.8,36,Mid-Range,Good,Jharkhand
Quantization,SqueezeNet,Healthcare,84.9,83.5,79.8,53.6,176.3,94.4,12.4,Low-End,Good,Bihar
Knowledge Distillation,ResNet18,Education,93.8,92.8,15.5,5.9,335,250.1,29.1,Mid-Range,Poor,Rajasthan
Weight Sharing,MobileNetV2,Agriculture,91.5,88.9,74.4,22.5,324.3,171,32.1,Low-End,Moderate,Bihar
Pruning,SqueezeNet,Education,86.3,83.3,94.8,60.2,554.2,361.2,22.9,Mid-Range,Good,Chhattisgarh
Quantization,MobileNetV2,Agriculture,83.3,81.7,7.7,4.6,159.4,83.3,17.6,Low-End,Poor,Jharkhand
Knowledge Distillation,ResNet18,Education,93.5,91.2,36.9,23.5,380.5,243,33.8,Low-End,Good,Chhattisgarh
Weight Sharing,ResNet18,Healthcare,92.7,91.3,55,33.2,180.2,139.6,16.9,Mid-Range,Poor,Madhya Pradesh
Pruning,ResNet50,Healthcare,83.1,80.6,42.9,23.8,269.5,172.7,10,Low-End,Good,Bihar
Quantization,ResNet50,Agriculture,89.7,89.1,47.4,25.9,591.1,309.8,24.3,Mid-Range,Poor,Andhra Pradesh
Knowledge Distillation,MobileNet,Education,92.9,92,86.8,59.2,533.8,400.3,18.6,Low-End,Poor,Andhra Pradesh
Weight Sharing,ResNet50,Education,86.3,84.4,8.8,5.1,494,386.9,22.4,Mid-Range,Poor,Odisha
Pruning,MobileNetV2,Education,92,90.7,50.2,15.8,240.7,139,17,Mid-Range,Moderate,Madhya Pradesh
Quantization,ResNet18,Education,83.5,80.8,54.2,22.9,322.3,213.3,38.3,Mid-Range,Moderate,Manipur
Knowledge Distillation,MobileNetV2,Education,89.6,86.9,97.8,36.9,166.1,105.3,29.3,Mid-Range,Moderate,Odisha
Weight Sharing,ResNet50,Healthcare,92.1,89.7,42.1,14.4,537.8,332.7,33.9,Mid-Range,Good,Uttar Pradesh
Pruning,ResNet50,Healthcare,87.7,86.3,19.6,13.1,302,196,17.1,Low-End,Moderate,Assam
Quantization,MobileNetV2,Education,84.6,82.8,74.9,43,159.8,125.4,34.6,Low-End,Good,Tamil Nadu
Knowledge Distillation,SqueezeNet,Healthcare,91,88.6,64,37.7,342.2,202.1,39.8,Mid-Range,Moderate,West Bengal
Weight Sharing,MobileNetV2,Agriculture,85.4,82.5,32.9,11.4,402.4,259.8,15.8,Low-End,Good,Uttar Pradesh
Pruning,EfficientNet,Education,92.2,91.1,47.4,31.2,214.4,133.1,12.1,Mid-Range,Good,Odisha
Quantization,SqueezeNet,Agriculture,92.6,90.7,22,7.6,329.4,211.2,14,Mid-Range,Good,Manipur
Knowledge Distillation,ResNet18,Education,85.3,82.7,5.9,2.9,375.6,223.2,17.9,Mid-Range,Moderate,West Bengal
Weight Sharing,MobileNet,Healthcare,91.4,89.3,94.1,34,450.7,302.9,12.6,Mid-Range,Poor,Andhra Pradesh
Pruning,ResNet18,Healthcare,83.9,83.1,14.4,9.6,496,358,33.5,Low-End,Good,Madhya Pradesh
Quantization,EfficientNet,Education,86.3,85.1,10.7,5.5,223.5,131.8,11.1,Low-End,Poor,West Bengal
Knowledge Distillation,ResNet18,Education,91.3,89.9,76.9,44.3,283.2,214.7,28.1,Low-End,Poor,Chhattisgarh
Weight Sharing,MobileNetV2,Healthcare,85.2,84.6,28.3,18.6,540.8,388.4,33.2,Low-End,Poor,Chhattisgarh
Pruning,ResNet18,Healthcare,88.6,86.4,68.1,21.2,183.5,131.9,27.6,Low-End,Good,Rajasthan
Quantization,SqueezeNet,Healthcare,87.3,86.8,31.1,16.4,417.1,298.8,15.3,Mid-Range,Moderate,Bihar
Knowledge Distillation,ResNet18,Healthcare,86.5,85,65.9,40.2,304.9,211.2,29.9,Mid-Range,Poor,Andhra Pradesh
Weight Sharing,EfficientNet,Agriculture,86.6,85.7,20.9,12.3,211,157.6,14.2,Low-End,Moderate,West Bengal
Pruning,MobileNet,Education,93.6,92.4,53.5,32.8,159.8,94.9,25.3,Low-End,Poor,Odisha
Quantization,SqueezeNet,Healthcare,90.7,89.4,74,28.6,387.9,250.6,21.1,Low-End,Good,Odisha
Knowledge Distillation,SqueezeNet,Agriculture,83.9,82.3,39.8,16.7,209.3,109,37,Mid-Range,Good,Madhya Pradesh
Weight Sharing,ResNet18,Agriculture,83.5,81.2,83.4,27,552.8,364.1,18.8,Low-End,Poor,Chhattisgarh
Pruning,ResNet18,Healthcare,86.1,84.3,80.3,30.3,553.1,421.1,31.6,Mid-Range,Good,West Bengal
Quantization,MobileNetV2,Agriculture,87.1,85.3,27.6,14.7,303.7,239.8,36.5,Low-End,Poor,Andhra Pradesh
Knowledge Distillation,ResNet18,Education,93,92.2,65.2,45.3,221.9,122,19.5,Low-End,Moderate,West Bengal
Weight Sharing,MobileNet,Healthcare,86.8,85,45.8,15.7,450.7,263.7,21.5,Mid-Range,Good,Uttar Pradesh
Pruning,SqueezeNet,Agriculture,92.1,89.4,12.7,3.9,517.9,359.3,20,Low-End,Good,Madhya Pradesh
Quantization,ResNet18,Agriculture,86.2,83.5,52.4,34.4,502,290.1,23.1,Low-End,Poor,Rajasthan
Knowledge Distillation,SqueezeNet,Education,87.3,85,15.2,10.6,401.8,207,28.7,Mid-Range,Good,Madhya Pradesh
Weight Sharing,ResNet18,Agriculture,92.7,90.3,89.7,30.1,334.2,176.8,27.5,Low-End,Good,Madhya Pradesh
Pruning,EfficientNet,Education,85.2,84.2,38.4,24.9,329.4,257.9,38.2,Low-End,Poor,Andhra Pradesh
Quantization,EfficientNet,Agriculture,83.6,81,37.1,25.5,291.7,150.9,35.6,Mid-Range,Good,West Bengal
Knowledge Distillation,EfficientNet,Education,83.8,82.7,99.6,65.6,330.4,246.2,31.9,Mid-Range,Moderate,Jharkhand
Weight Sharing,EfficientNet,Education,86.7,84.6,97.5,32.9,277.7,167.2,28.2,Mid-Range,Poor,Uttar Pradesh
Pruning,SqueezeNet,Healthcare,85.6,83.9,74.5,28.9,532,421.4,25.8,Low-End,Poor,West Bengal
Quantization,MobileNet,Education,83.3,81.8,58.4,36.9,344.8,175.8,17.1,Mid-Range,Moderate,Rajasthan
Knowledge Distillation,ResNet18,Healthcare,84.9,84.1,34.3,20.1,285.6,225.4,34,Low-End,Good,Madhya Pradesh
Weight Sharing,EfficientNet,Healthcare,91.1,89.8,64.8,40.7,252,159.2,33.6,Low-End,Poor,West Bengal
Pruning,ResNet50,Agriculture,91.2,88.2,70.7,23.1,503.5,380.2,18.2,Mid-Range,Moderate,Madhya Pradesh
Quantization,ResNet18,Agriculture,92.4,90.8,43.9,23.2,246.9,147.7,13.4,Mid-Range,Good,Manipur
Knowledge Distillation,EfficientNet,Agriculture,83.4,81.2,94.6,64.7,431.4,342.6,35.6,Mid-Range,Poor,Assam
Weight Sharing,ResNet18,Healthcare,84.2,83.2,64.3,43.1,372,230.4,34,Low-End,Good,West Bengal
Pruning,ResNet50,Education,88.6,86.3,29.2,19.7,301.3,180.1,29.8,Low-End,Good,Odisha
Quantization,ResNet18,Education,84.5,82.3,97.7,45.6,217.8,118.8,35.6,Mid-Range,Moderate,Madhya Pradesh
Knowledge Distillation,ResNet18,Healthcare,86.7,85.7,33.5,12.6,356.3,232.2,39.3,Low-End,Poor,Rajasthan
Weight Sharing,ResNet18,Agriculture,87.9,86.2,7.9,4.8,521.2,348.4,21.4,Low-End,Poor,Madhya Pradesh
Pruning,MobileNet,Healthcare,93.3,92.3,9.9,3.7,379.7,198.7,30.1,Low-End,Moderate,Rajasthan
Quantization,ResNet18,Agriculture,86.4,84.9,13.6,4.9,366.4,276.1,20.7,Mid-Range,Good,Andhra Pradesh
Knowledge Distillation,EfficientNet,Education,86.2,85.2,57.8,32.3,261.7,186.7,18.8,Mid-Range,Good,Uttar Pradesh
Weight Sharing,EfficientNet,Education,87.2,84.8,40.4,28,253.2,146.5,17.7,Low-End,Poor,Andhra Pradesh
Pruning,MobileNetV2,Education,84.2,82.4,53,27.3,559.3,406.7,34.1,Mid-Range,Good,Jharkhand
Quantization,SqueezeNet,Healthcare,84.2,82.9,8.2,3.7,152.4,97.9,13.6,Mid-Range,Poor,Bihar
Knowledge Distillation,EfficientNet,Healthcare,87.9,86.9,5.2,2.1,189.6,99.8,10.6,Mid-Range,Poor,Rajasthan
Weight Sharing,MobileNet,Education,85.8,83.8,58.1,19.4,578.6,387.6,13.2,Low-End,Good,Rajasthan
Pruning,ResNet50,Healthcare,92.7,91.3,63.1,20.6,198.2,137.6,21.5,Mid-Range,Good,Andhra Pradesh
Quantization,MobileNet,Education,90.5,89.7,74.8,48.7,523.1,328.7,21.5,Mid-Range,Good,Odisha
Knowledge Distillation,ResNet50,Education,84.3,83.6,80.2,46.4,217.7,169.8,37.1,Mid-Range,Good,Uttar Pradesh
Weight Sharing,ResNet18,Agriculture,91.4,90,44.4,17.7,281,180.3,16.6,Mid-Range,Moderate,Tamil Nadu
Pruning,ResNet50,Education,88.4,86.3,34,10.5,477.7,308.3,23.2,Low-End,Moderate,Assam
Quantization,SqueezeNet,Agriculture,83.8,82.4,30.8,11.4,422.8,257.7,17.3,Low-End,Good,Odisha
Knowledge Distillation,SqueezeNet,Education,90.4,88.3,59.5,27.7,258.6,205.2,34.9,Mid-Range,Good,Jharkhand
Weight Sharing,EfficientNet,Healthcare,83.2,80.6,15.4,7.8,321.8,199.2,34.5,Mid-Range,Poor,Tamil Nadu
Pruning,MobileNet,Agriculture,83.1,82.6,11.7,7.7,336.4,227.4,13.6,Low-End,Moderate,Uttar Pradesh
Quantization,EfficientNet,Education,84.7,84,94.9,53.2,546.7,363.3,12.4,Low-End,Moderate,West Bengal
Knowledge Distillation,SqueezeNet,Agriculture,89.2,88.5,92.3,47.1,222.8,164.7,24.6,Mid-Range,Moderate,Andhra Pradesh
Weight Sharing,MobileNetV2,Healthcare,89.9,88.7,12,8.1,395.3,265.6,21.4,Mid-Range,Poor,Andhra Pradesh
Pruning,EfficientNet,Healthcare,87.9,85.2,95.8,53,286.1,169.9,14.4,Mid-Range,Moderate,West Bengal
Quantization,SqueezeNet,Education,85.6,83.8,94.9,54.3,518.3,389.7,25.4,Low-End,Moderate,Uttar Pradesh
Knowledge Distillation,ResNet18,Healthcare,90.9,88.6,84.3,56.2,242,125.6,16.1,Mid-Range,Poor,Chhattisgarh
Weight Sharing,EfficientNet,Healthcare,87.4,86.6,20.7,10.3,276.7,213.1,39.2,Low-End,Poor,Rajasthan
Pruning,ResNet18,Education,87.9,86.1,60,26.7,467.2,360.4,34.8,Mid-Range,Good,Madhya Pradesh
Quantization,ResNet50,Education,86.7,83.8,11.8,4.9,383.1,289.8,15.5,Low-End,Poor,Assam
Knowledge Distillation,SqueezeNet,Agriculture,89,86.5,27.6,17.7,258.4,186,29.7,Mid-Range,Good,Jharkhand
Weight Sharing,MobileNetV2,Education,92.3,90.7,87.5,57.9,244.8,164.9,31.1,Mid-Range,Good,Uttar Pradesh
Pruning,MobileNet,Education,91.3,89.9,80.8,32.4,362.5,241.2,26.7,Low-End,Moderate,Assam
Quantization,MobileNet,Education,93.1,90.9,41.1,28.3,239.2,160.2,30.6,Low-End,Moderate,Chhattisgarh
Knowledge Distillation,EfficientNet,Agriculture,88,86.9,23.1,8.6,212.4,108.3,34.2,Low-End,Poor,Madhya Pradesh
Weight Sharing,MobileNetV2,Education,85.6,84.8,79,46.2,576.3,428.5,39.6,Low-End,Moderate,Manipur
Pruning,ResNet50,Education,86,85.1,8.3,3.9,319,161.3,36.7,Mid-Range,Moderate,Rajasthan
Quantization,SqueezeNet,Agriculture,90.1,89.2,19.5,6.6,520.6,332.6,27.1,Low-End,Poor,Odisha
Knowledge Distillation,ResNet18,Agriculture,85.7,85.2,97.5,52.6,435.6,236.2,16.2,Mid-Range,Moderate,Rajasthan
Weight Sharing,SqueezeNet,Education,86.7,84.9,48.6,14.7,225.7,122.8,39.5,Mid-Range,Poor,Jharkhand
Pruning,MobileNetV2,Agriculture,87.8,86.7,87.3,37.1,440,255.9,33.1,Mid-Range,Good,Bihar
Quantization,ResNet18,Agriculture,83.7,82.7,52.6,34.6,250.4,132.1,33.7,Low-End,Poor,Andhra Pradesh
Knowledge Distillation,EfficientNet,Agriculture,84.3,82.5,24.1,9.1,439.2,240.1,39.5,Low-End,Moderate,Odisha
Weight Sharing,EfficientNet,Agriculture,87.7,84.7,69.1,32.1,476.3,357.8,35,Low-End,Poor,Tamil Nadu
Pruning,ResNet50,Healthcare,88.4,86.3,79,31,305.3,171.8,21.4,Mid-Range,Moderate,Odisha
Quantization,ResNet50,Education,87.1,84.7,87.9,59.9,538.5,350.8,18.8,Mid-Range,Moderate,Chhattisgarh
Knowledge Distillation,SqueezeNet,Healthcare,83.5,82.8,12.4,3.9,569.3,312.9,11.5,Mid-Range,Poor,Odisha
Weight Sharing,ResNet50,Education,85,84.1,56,38.9,481.5,311.9,20.8,Mid-Range,Good,Odisha
Pruning,ResNet50,Agriculture,89,87.3,49.6,31.3,400.7,307.1,23.2,Low-End,Good,Odisha
Quantization,EfficientNet,Education,87.4,85.5,20.9,12.2,488.2,278.7,27.3,Mid-Range,Moderate,Uttar Pradesh
Knowledge Distillation,ResNet50,Healthcare,92.5,89.6,15.6,7.9,167.8,102.8,39.7,Mid-Range,Poor,Manipur
Weight Sharing,SqueezeNet,Agriculture,84.3,82.6,59,24.8,291,151.8,22.4,Low-End,Moderate,Rajasthan
Pruning,ResNet18,Healthcare,90.9,89.1,25.6,8.5,408.4,317.8,28,Low-End,Good,West Bengal
Quantization,ResNet18,Education,87.8,86.8,97.3,61.5,276.3,200.2,14.8,Mid-Range,Good,Uttar Pradesh
Knowledge Distillation,ResNet50,Education,89.8,87.6,82.6,39,416.6,285.7,35.6,Low-End,Moderate,Andhra Pradesh
Weight Sharing,MobileNetV2,Healthcare,89.1,86.8,69.6,30.5,535.2,273,38.2,Low-End,Good,Jharkhand
Pruning,ResNet50,Healthcare,84.5,83.7,10.8,3.8,550.8,330.3,38.1,Low-End,Good,Odisha
Quantization,EfficientNet,Healthcare,86.1,85.3,5.9,3.7,216,127.9,30.7,Low-End,Moderate,West Bengal
Knowledge Distillation,SqueezeNet,Healthcare,89.2,88.6,63.8,30.3,480.8,339.2,11.3,Low-End,Good,Rajasthan
Weight Sharing,SqueezeNet,Healthcare,92,90.3,40.5,25.1,559.4,368.4,15,Low-End,Good,Rajasthan
Pruning,EfficientNet,Healthcare,89.4,88.5,47.7,31.8,366.2,262.4,19.2,Low-End,Good,Manipur
Quantization,MobileNet,Agriculture,85.7,83.8,86.7,27.1,599.7,459.8,14.6,Mid-Range,Poor,Andhra Pradesh
Knowledge Distillation,ResNet18,Education,86.7,84,78.1,42.6,176.1,113,30.8,Low-End,Poor,Rajasthan
Weight Sharing,SqueezeNet,Education,89.9,87.7,53.1,22.4,492.4,279.8,23.9,Mid-Range,Moderate,Manipur
Pruning,MobileNetV2,Agriculture,92.2,90.4,52.7,22,182.9,134.6,39.5,Low-End,Good,Manipur
Quantization,MobileNet,Healthcare,93.7,92.1,5.6,3.2,406.5,214.8,39.6,Mid-Range,Good,Chhattisgarh
Knowledge Distillation,ResNet50,Healthcare,84.3,82.7,49.7,34.2,484.1,254.9,36.8,Mid-Range,Moderate,Assam
Weight Sharing,ResNet50,Agriculture,89.5,88.8,92.5,29.8,185.4,136,18,Low-End,Moderate,Rajasthan
Pruning,MobileNet,Agriculture,84.2,81.4,48.3,33.2,463,257,32.2,Low-End,Moderate,Assam
Quantization,ResNet50,Education,84.4,83,96.1,34.3,155.8,118.8,22.3,Low-End,Good,West Bengal
Knowledge Distillation,MobileNet,Healthcare,89.6,87.5,59.9,18.6,242.7,149.7,11.3,Low-End,Poor,Andhra Pradesh
Weight Sharing,ResNet18,Education,93.7,92.6,53.7,30.4,564.3,340.4,39,Mid-Range,Moderate,Tamil Nadu
Pruning,SqueezeNet,Education,90.8,89.8,51.9,21.3,267.4,159.7,19.8,Low-End,Moderate,Tamil Nadu
Quantization,EfficientNet,Education,85.6,84.9,91.3,40.2,175.3,127.8,20.4,Low-End,Moderate,Bihar
Knowledge Distillation,MobileNetV2,Healthcare,87.4,86.8,64.9,21.3,192.8,121.1,19.5,Low-End,Moderate,Chhattisgarh
Weight Sharing,EfficientNet,Education,87.1,84.6,70.4,21.2,536,361.5,27.8,Low-End,Moderate,Madhya Pradesh
Pruning,EfficientNet,Healthcare,85.1,83.4,43.5,17.1,378.6,266.2,23.6,Low-End,Poor,Odisha
Quantization,MobileNet,Agriculture,84.2,82.6,6.1,4.3,357.5,273.5,18.7,Mid-Range,Moderate,Assam
Knowledge Distillation,SqueezeNet,Education,83.9,81,41,13.4,252,152.2,32,Low-End,Good,Odisha
Weight Sharing,EfficientNet,Healthcare,92.8,92.1,47.3,23.5,507.1,319.2,37.1,Mid-Range,Good,Uttar Pradesh
Pruning,MobileNet,Agriculture,84,83,54.3,17.8,218.6,173.3,18,Mid-Range,Moderate,Andhra Pradesh
Quantization,SqueezeNet,Education,86.2,83.7,74.5,39.4,312.4,242.8,25.2,Mid-Range,Good,Assam
Knowledge Distillation,MobileNet,Agriculture,83.1,81,27,12.6,389.4,304.8,33.7,Low-End,Moderate,Tamil Nadu
Weight Sharing,ResNet18,Healthcare,83.6,81.4,84.2,29,438.4,312,29.6,Low-End,Moderate,Uttar Pradesh
Pruning,MobileNet,Healthcare,83.1,82.4,13.1,6.4,527.3,406.2,30.6,Low-End,Poor,Rajasthan
Quantization,ResNet50,Agriculture,91.7,89.7,51.5,21.7,340.8,257.6,39.7,Mid-Range,Moderate,Jharkhand
Knowledge Distillation,ResNet18,Education,91.8,90.8,79.1,27.9,266,188.6,38.5,Mid-Range,Moderate,Andhra Pradesh
Weight Sharing,ResNet50,Education,89.5,88.1,68.4,24.3,522.1,347.8,37.8,Mid-Range,Poor,Uttar Pradesh
Pruning,SqueezeNet,Education,88,86.9,96.4,39.5,466.1,319.3,38.8,Low-End,Good,Rajasthan
Quantization,MobileNetV2,Education,90.4,87.5,47.1,23.9,521.2,295.6,29.9,Mid-Range,Moderate,Odisha
Knowledge Distillation,MobileNet,Agriculture,86.2,85.3,37.8,22.7,541.2,411.5,17.3,Mid-Range,Poor,Rajasthan
Weight Sharing,EfficientNet,Education,92.6,90.6,95.1,52.8,165.8,129,38.1,Low-End,Poor,Tamil Nadu
Pruning,EfficientNet,Education,93.8,92.4,97.5,37.2,549.7,363.8,35.5,Low-End,Poor,Rajasthan
Quantization,ResNet50,Education,88.4,86.4,94.1,61.7,344.4,212.5,37.6,Mid-Range,Moderate,Jharkhand
Knowledge Distillation,SqueezeNet,Agriculture,88.2,85.7,54.4,22.4,251.4,157.8,39.8,Mid-Range,Moderate,Chhattisgarh
Weight Sharing,ResNet18,Healthcare,88.4,85.9,27.6,15.8,467.6,308.6,18.3,Mid-Range,Moderate,Jharkhand
Pruning,ResNet50,Education,92,90.7,50.2,26.3,499.1,382,14,Low-End,Good,West Bengal
Quantization,EfficientNet,Agriculture,84.7,84.1,28.4,9.9,216.8,163.8,19.2,Low-End,Poor,Assam
Knowledge Distillation,ResNet18,Education,91.5,90.3,60.1,40.2,304.5,225.9,35.8,Mid-Range,Poor,West Bengal
Weight Sharing,ResNet18,Education,83.5,81.7,37.6,23.2,498.2,280.8,27,Mid-Range,Good,Uttar Pradesh
Pruning,ResNet18,Education,89.6,87.6,10.3,3.4,182,91.7,23.9,Mid-Range,Poor,Rajasthan
Quantization,ResNet50,Agriculture,93.1,90.7,92.5,42.5,463.4,265.6,38.3,Mid-Range,Good,West Bengal
Knowledge Distillation,ResNet50,Agriculture,93.5,92.3,25.5,13,474,302.6,32.2,Low-End,Poor,Rajasthan
Weight Sharing,MobileNet,Agriculture,93.5,91.4,57.5,19.5,408,302,31,Low-End,Moderate,Uttar Pradesh
Pruning,ResNet50,Education,86.4,83.8,75.2,46.1,537.5,389.8,38.1,Mid-Range,Good,Tamil Nadu
Quantization,ResNet50,Agriculture,86,83.8,52.3,16.5,176.9,122.6,26.1,Low-End,Poor,Manipur
Knowledge Distillation,MobileNetV2,Healthcare,90.1,87.4,60.4,23.6,187.7,106,12.4,Mid-Range,Poor,Jharkhand
Weight Sharing,EfficientNet,Education,85.4,84.5,45.5,30.7,378.4,200.1,34.9,Mid-Range,Good,Bihar
Pruning,SqueezeNet,Healthcare,88.6,86.2,33,18.7,320.3,189.2,37.2,Mid-Range,Moderate,West Bengal
Quantization,MobileNet,Agriculture,92.7,90.8,83.2,25.6,262.3,152.3,11.9,Mid-Range,Poor,Chhattisgarh
Knowledge Distillation,MobileNetV2,Education,86.1,85.1,96.1,49.5,194.3,122.5,34.8,Mid-Range,Good,Tamil Nadu
Weight Sharing,MobileNetV2,Education,88.7,88,76.9,24,268.9,150.8,23.9,Mid-Range,Moderate,Odisha
Pruning,ResNet50,Education,88.8,86.5,30.8,10.6,531.3,272.5,30.9,Low-End,Poor,Odisha
Quantization,EfficientNet,Agriculture,84,81.9,70.1,28.7,164.4,118.4,15.4,Mid-Range,Good,Tamil Nadu
Knowledge Distillation,MobileNetV2,Agriculture,86.7,86.1,54.6,30.1,588.6,332.5,32,Low-End,Poor,Odisha
Weight Sharing,MobileNetV2,Healthcare,84.2,83,46.4,17.7,431.7,255.3,25.8,Low-End,Moderate,Uttar Pradesh
Pruning,SqueezeNet,Agriculture,90.7,90,87.2,60.6,212.8,121.2,28.1,Mid-Range,Poor,Andhra Pradesh
Quantization,EfficientNet,Healthcare,90.8,89.6,8.7,4.5,438.6,278.6,31.4,Low-End,Good,Chhattisgarh
Knowledge Distillation,ResNet18,Education,85.1,83.9,70.2,48.8,506.5,311.8,39.7,Low-End,Poor,Manipur
Weight Sharing,MobileNetV2,Education,88.4,86.5,8.2,5.4,567.6,429.4,33.3,Low-End,Poor,Madhya Pradesh
Pruning,MobileNetV2,Education,88,86.8,69.8,30.1,219.3,163.2,25.1,Low-End,Moderate,Bihar
Quantization,MobileNet,Education,90.5,89,83,46.2,187.1,120.8,39.3,Low-End,Good,Assam
Knowledge Distillation,MobileNet,Agriculture,91.8,89,23.1,13.4,194.6,121,28,Mid-Range,Good,Rajasthan
Weight Sharing,MobileNet,Healthcare,84.7,81.7,34.8,15.5,223.5,124.3,36.2,Mid-Range,Moderate,Tamil Nadu
Pruning,MobileNet,Agriculture,87.6,87,59.6,29.5,523.2,306,23.3,Mid-Range,Moderate,Manipur
Quantization,MobileNetV2,Education,89.8,88.9,25.6,10.1,593,461.1,13.8,Low-End,Poor,Bihar
Knowledge Distillation,ResNet50,Agriculture,90.3,89.6,59.5,36,179.6,120.5,20.5,Mid-Range,Good,Manipur
Weight Sharing,ResNet18,Healthcare,91.2,88.4,58.3,35.5,277.9,170.7,35.9,Mid-Range,Good,Madhya Pradesh
Pruning,EfficientNet,Healthcare,83.2,82.5,41.1,22.4,598.2,321.3,15.6,Mid-Range,Moderate,Chhattisgarh
Quantization,EfficientNet,Healthcare,89.2,86.2,46.3,20.2,576.6,444.6,21,Low-End,Poor,Uttar Pradesh
Knowledge Distillation,MobileNetV2,Education,90.9,89.7,41.5,20.7,332.6,187.8,19.4,Mid-Range,Moderate,Andhra Pradesh
Weight Sharing,ResNet18,Education,89.4,87.5,17.9,5.9,455.8,228,13.1,Mid-Range,Poor,Chhattisgarh
Pruning,MobileNetV2,Agriculture,91.2,88.7,98.9,31.8,426.8,279.7,13.2,Low-End,Good,Rajasthan
Quantization,EfficientNet,Healthcare,91.3,89.4,54.3,29.4,447,232.1,30.5,Low-End,Moderate,Madhya Pradesh
Knowledge Distillation,EfficientNet,Healthcare,84.4,82.3,80.3,28.7,372.5,260.4,16.9,Low-End,Good,Chhattisgarh
Weight Sharing,SqueezeNet,Agriculture,91.6,90.2,7.1,4.6,521.8,391.3,19.2,Mid-Range,Good,Rajasthan
Pruning,ResNet18,Healthcare,84.7,83.9,27.4,15.3,500.7,374.6,10.8,Mid-Range,Poor,Uttar Pradesh
Quantization,SqueezeNet,Agriculture,91.6,89.7,85.4,28.6,587,294,16.7,Mid-Range,Moderate,Manipur
Knowledge Distillation,MobileNet,Healthcare,93.8,93,17.4,7.5,164.8,90.9,33.9,Low-End,Poor,Uttar Pradesh
Weight Sharing,SqueezeNet,Healthcare,92.6,90.1,76.3,31,596.2,401.1,16.9,Low-End,Good,Bihar
Pruning,MobileNetV2,Education,88.1,86.8,7.9,2.8,322.8,229.7,30.3,Mid-Range,Moderate,Andhra Pradesh
Quantization,SqueezeNet,Healthcare,85.3,83.5,54.1,31.7,218.4,167.1,30.5,Mid-Range,Poor,Madhya Pradesh
Knowledge Distillation,ResNet18,Education,84.7,83.5,60.3,21.1,331.8,219.1,11.2,Low-End,Moderate,Rajasthan
Weight Sharing,EfficientNet,Healthcare,83.5,80.7,43.9,24.4,224.8,126.8,26.1,Low-End,Moderate,Tamil Nadu
Pruning,SqueezeNet,Healthcare,88.8,87.6,99.1,48.1,525.3,414.2,23.8,Mid-Range,Poor,Odisha
Quantization,EfficientNet,Education,87.8,87,71.3,43.1,278.1,172.7,31.6,Mid-Range,Poor,Bihar
Knowledge Distillation,MobileNet,Agriculture,84.7,83.2,64.5,24.4,198.1,147.9,28.4,Low-End,Moderate,West Bengal
Weight Sharing,SqueezeNet,Education,88.9,86.5,49.2,26,310.6,238.9,18,Low-End,Poor,Assam
Pruning,MobileNetV2,Education,85.8,83.6,71.9,36.9,243.9,189.8,13.3,Mid-Range,Moderate,Bihar
Quantization,MobileNet,Agriculture,87.9,86.2,53.9,36.6,558.4,391.4,19.7,Mid-Range,Poor,West Bengal
Knowledge Distillation,MobileNetV2,Agriculture,83,82.2,92.3,30,214.2,117.5,37.2,Mid-Range,Good,Uttar Pradesh
Weight Sharing,EfficientNet,Education,91,89.7,62.7,22.5,239.6,180.3,29.6,Mid-Range,Good,Chhattisgarh
Pruning,ResNet18,Education,85.8,84.3,91.7,57.1,280.8,165.8,37.9,Low-End,Good,Madhya Pradesh
Quantization,SqueezeNet,Agriculture,86,84.3,83.8,54.8,199.8,113.9,12.6,Low-End,Good,Tamil Nadu
Knowledge Distillation,ResNet18,Agriculture,85.5,83.6,22,8.8,560.6,348.3,15.9,Mid-Range,Good,Madhya Pradesh
Weight Sharing,MobileNetV2,Education,84.1,82.9,39.7,16.4,333,192.3,33.9,Mid-Range,Poor,Bihar
Pruning,ResNet50,Education,89.3,88.6,96.8,49.2,162.7,99.5,21.6,Mid-Range,Moderate,Madhya Pradesh
Quantization,MobileNet,Healthcare,90.6,88.1,73.4,40.7,533.3,412.2,24.1,Low-End,Good,Uttar Pradesh
Knowledge Distillation,MobileNetV2,Education,89.4,87.8,51.7,16,310.6,201.6,24.4,Low-End,Moderate,Tamil Nadu
Weight Sharing,MobileNet,Healthcare,89.2,88.4,13.4,5.3,168.2,130.1,36.1,Low-End,Poor,Rajasthan
Pruning,SqueezeNet,Education,90.2,89.5,25,10.2,538.7,298.6,10.5,Mid-Range,Moderate,Chhattisgarh
Quantization,MobileNetV2,Healthcare,86.6,84.3,79.1,24,437.2,293.9,20,Low-End,Poor,Tamil Nadu
Knowledge Distillation,MobileNetV2,Agriculture,90.3,88.5,16.2,5.5,206.5,133.2,13.7,Mid-Range,Moderate,Manipur
Weight Sharing,ResNet50,Education,86.9,86.1,97.2,55.8,454.5,274.3,19.1,Low-End,Poor,Chhattisgarh
Pruning,MobileNet,Healthcare,85.5,84,61.5,25.4,427.5,340.4,27.1,Mid-Range,Good,Assam
Quantization,EfficientNet,Agriculture,85.2,84.5,69.5,37.9,267.8,170.7,33.9,Low-End,Poor,Uttar Pradesh
Knowledge Distillation,SqueezeNet,Healthcare,90.7,88.1,86,51.3,264.7,192.7,15,Low-End,Moderate,Chhattisgarh
Weight Sharing,MobileNetV2,Education,87.2,84.4,67.5,34.8,396.2,240.9,29.9,Low-End,Good,Jharkhand
Pruning,MobileNet,Healthcare,83.5,80.5,83.5,50.1,540.2,397.4,15.5,Mid-Range,Poor,Odisha
Quantization,ResNet18,Education,89.5,88.5,31.2,18.9,238.6,183.6,20.8,Mid-Range,Good,Madhya Pradesh
Knowledge Distillation,MobileNetV2,Education,84.8,83.5,46.5,19.8,197.8,137.7,15.5,Mid-Range,Good,West Bengal
Weight Sharing,ResNet50,Education,88.4,87.7,99.3,33.7,500.8,322.8,30.2,Mid-Range,Good,Assam
Pruning,ResNet50,Agriculture,91.6,89.9,31.2,11.6,413.6,320.1,29.3,Low-End,Poor,Odisha
Quantization,EfficientNet,Education,91.7,89.3,77.2,25.7,595.8,394.2,21.8,Mid-Range,Good,Rajasthan
Knowledge Distillation,ResNet18,Healthcare,86.9,84.2,5.9,4,574.8,353.4,31.8,Low-End,Good,Odisha
Weight Sharing,SqueezeNet,Agriculture,83.4,82.1,63.8,24.6,329.4,190.4,33.6,Mid-Range,Moderate,Uttar Pradesh
Pruning,ResNet18,Education,85.7,84.4,8,3.2,517.8,264.5,17.8,Mid-Range,Good,Rajasthan
Quantization,ResNet50,Agriculture,92.7,90,63,42.8,244.5,141.5,14.8,Mid-Range,Moderate,West Bengal
Knowledge Distillation,ResNet50,Healthcare,92.4,91.5,55.4,21.9,307.5,159,12.9,Mid-Range,Poor,Assam
Weight Sharing,ResNet18,Agriculture,92.6,90.2,25.3,17.3,484.1,342.2,21.3,Low-End,Poor,Madhya Pradesh
Pruning,MobileNet,Agriculture,84.9,82.1,42.5,25.6,389.4,237.4,15.3,Mid-Range,Moderate,Bihar
Quantization,EfficientNet,Education,88,85.8,27.3,18.4,513.1,372.3,13.6,Low-End,Moderate,Tamil Nadu
Knowledge Distillation,ResNet50,Agriculture,93.4,92,50.2,28.1,532.4,276.2,22.8,Mid-Range,Poor,Odisha
Weight Sharing,MobileNet,Education,91.8,90.9,25.7,13.9,511.4,383.6,15.9,Mid-Range,Good,Jharkhand
Pruning,ResNet50,Education,90.6,88.8,50.6,31.7,232.6,132.5,13.5,Low-End,Poor,Bihar
Quantization,SqueezeNet,Education,91.2,90.6,55.2,20.7,242.8,126.6,37.2,Mid-Range,Poor,West Bengal
Knowledge Distillation,MobileNet,Agriculture,89.8,87,43.3,17.3,283.9,203.4,35.5,Low-End,Good,Bihar
Weight Sharing,MobileNet,Agriculture,83.7,81.9,55.8,22.4,430.9,312.3,10.2,Mid-Range,Good,Andhra Pradesh
Pruning,EfficientNet,Agriculture,90.5,89.3,87.8,48.6,489.8,273.9,15.5,Low-End,Poor,Uttar Pradesh
Quantization,ResNet50,Agriculture,83.1,81.1,92.4,32.4,417.8,304.1,17.9,Mid-Range,Moderate,West Bengal
Knowledge Distillation,MobileNetV2,Education,85.7,82.9,65.5,23.5,427,231.6,15,Low-End,Poor,Tamil Nadu
Weight Sharing,ResNet50,Healthcare,92.5,90.7,63.5,25,231.9,152.2,34.2,Mid-Range,Poor,Chhattisgarh
Pruning,ResNet18,Agriculture,88.8,86.5,88.3,54.6,423.1,275.5,11.8,Mid-Range,Poor,Andhra Pradesh
Quantization,MobileNetV2,Education,87.5,86.2,76.1,24.3,193.9,153.2,17.8,Low-End,Moderate,Uttar Pradesh
Knowledge Distillation,SqueezeNet,Education,89.4,88,58.2,28.9,510.6,378.9,38.3,Mid-Range,Poor,Jharkhand
Weight Sharing,MobileNetV2,Education,88.5,87.7,5.2,2.8,305.3,173.8,15.5,Low-End,Good,Chhattisgarh
Pruning,SqueezeNet,Healthcare,87.5,85.5,22.3,8.6,375.1,273.6,15.1,Mid-Range,Poor,Chhattisgarh
Quantization,ResNet50,Agriculture,93,91.1,24.8,16.4,395.6,296,22.3,Mid-Range,Good,Madhya Pradesh
Knowledge Distillation,ResNet18,Agriculture,91,90.1,48.2,15.3,437.5,269.3,22.6,Low-End,Good,Tamil Nadu
Weight Sharing,MobileNetV2,Agriculture,83.8,81.6,8.1,4.8,426.3,247,23.4,Mid-Range,Good,West Bengal
Pruning,SqueezeNet,Agriculture,92.6,91.2,20.7,6.8,490,370.7,24.4,Low-End,Good,West Bengal
Quantization,SqueezeNet,Agriculture,83.2,80.3,7.9,4,394.2,299.6,31.2,Mid-Range,Poor,West Bengal
Knowledge Distillation,SqueezeNet,Education,92,89.9,86.9,52.9,449.7,238.4,12.2,Low-End,Poor,Chhattisgarh
Weight Sharing,ResNet50,Healthcare,91.6,89.3,87,40.4,441.9,291.8,22.4,Mid-Range,Poor,Andhra Pradesh
Pruning,SqueezeNet,Agriculture,83.3,81.5,59.4,34.9,411.5,282.1,23.2,Mid-Range,Good,Madhya Pradesh
Quantization,ResNet50,Agriculture,85.4,83.1,25.3,14.5,499,346.4,23.2,Low-End,Good,Bihar
Knowledge Distillation,MobileNetV2,Education,84.1,82.3,32.2,21,195.3,129.7,10.6,Low-End,Poor,Tamil Nadu
Weight Sharing,SqueezeNet,Agriculture,87.6,85.3,75,49.8,493.1,280.1,15.1,Low-End,Poor,Andhra Pradesh
Pruning,SqueezeNet,Education,89.5,87.7,64.5,21.8,208.4,153,13,Mid-Range,Moderate,Uttar Pradesh
Quantization,MobileNetV2,Education,83.7,81.5,67.1,41.8,221.1,166.8,11,Mid-Range,Good,Jharkhand
Knowledge Distillation,SqueezeNet,Education,91.6,88.8,89.2,41,314.5,184,22.1,Low-End,Good,Rajasthan
Weight Sharing,ResNet18,Education,90.1,87.7,52,22.9,433,267.4,31.7,Mid-Range,Poor,Tamil Nadu
Pruning,ResNet50,Healthcare,91.1,90.1,83,44.1,156,109,23,Low-End,Good,Rajasthan
Quantization,ResNet50,Healthcare,89.6,86.6,35.7,13.7,306.8,234.8,39.2,Mid-Range,Moderate,Bihar
Knowledge Distillation,MobileNet,Agriculture,85.9,83.1,86.7,28.2,247,151.4,35,Low-End,Poor,Rajasthan
Weight Sharing,EfficientNet,Healthcare,83.4,82.6,53.8,32.1,183.3,133.4,32.8,Low-End,Poor,Assam
Pruning,MobileNet,Healthcare,92.1,89.1,74.7,44.7,340,268,30.6,Low-End,Poor,Jharkhand
Quantization,ResNet18,Education,88.3,86.4,64.2,38.9,349.3,278.2,28.4,Mid-Range,Good,Rajasthan
Knowledge Distillation,MobileNet,Healthcare,87.7,85.7,48.5,27.4,317.3,221.4,14.3,Mid-Range,Moderate,Uttar Pradesh
Weight Sharing,ResNet50,Agriculture,84,83.1,89.3,35.2,271,145.3,22.5,Mid-Range,Good,Chhattisgarh
Pruning,MobileNet,Healthcare,84,82.3,67.3,34.2,462.2,295.7,12.5,Mid-Range,Good,Chhattisgarh
Quantization,SqueezeNet,Education,86.7,85.2,5,1.8,590.2,437.4,35.6,Mid-Range,Good,Jharkhand
Knowledge Distillation,EfficientNet,Healthcare,85.1,83.9,42.7,24.5,356.6,242.8,18.8,Low-End,Poor,West Bengal
Weight Sharing,ResNet50,Education,91.4,89,80.3,53.2,281.7,181,36.8,Low-End,Poor,Bihar
Pruning,ResNet18,Education,86,85.2,40.3,12.8,163.8,116.9,13.6,Low-End,Moderate,Rajasthan
Quantization,MobileNetV2,Agriculture,91.4,89.1,66.6,35.5,415.7,323.9,33.3,Mid-Range,Good,Jharkhand
Knowledge Distillation,EfficientNet,Healthcare,93,91.2,73.7,34.1,523.6,266.6,33.6,Low-End,Good,Madhya Pradesh
Weight Sharing,MobileNet,Education,90.3,88.3,76.9,31.3,474.6,336,18.3,Mid-Range,Good,Rajasthan
Pruning,EfficientNet,Healthcare,90.3,89.3,36.2,24.3,525.3,344.2,14.8,Mid-Range,Moderate,Chhattisgarh
Quantization,ResNet50,Healthcare,85.4,83.7,7.9,2.4,488.3,302.6,32.5,Low-End,Poor,Madhya Pradesh
Knowledge Distillation,ResNet50,Agriculture,88.5,86,88.8,60.9,181.1,107.1,15.9,Low-End,Moderate,Assam
Weight Sharing,ResNet18,Agriculture,90.2,88.7,95.9,66.4,375.5,267.9,16.9,Low-End,Good,West Bengal
Pruning,ResNet18,Education,88.4,87.3,30.7,12.6,403.3,271.3,38.5,Low-End,Moderate,Madhya Pradesh
Quantization,MobileNetV2,Education,88.8,86,84.6,25.5,214.1,119.8,33.8,Low-End,Poor,Odisha
Knowledge Distillation,ResNet18,Education,87.8,85,83.3,44.9,564.8,345.8,34.6,Low-End,Good,Chhattisgarh
Weight Sharing,ResNet50,Healthcare,92.1,90.6,90.7,28.5,363.6,268.6,36.1,Low-End,Good,Assam
Pruning,SqueezeNet,Agriculture,87.5,85.1,33.7,22.6,514.4,294.8,13.5,Low-End,Good,Andhra Pradesh
Quantization,SqueezeNet,Education,84.8,82.9,46.2,17.3,498.2,311.7,27,Low-End,Moderate,Manipur
Knowledge Distillation,MobileNet,Education,84.9,83.7,86.7,37.3,538.4,327.2,38.3,Low-End,Poor,Bihar
Weight Sharing,EfficientNet,Healthcare,89.7,86.7,72.1,23.4,256.9,164,29.3,Low-End,Moderate,Rajasthan
Pruning,ResNet50,Healthcare,90.2,88,67.4,39.5,502.3,266.2,10.3,Low-End,Good,Tamil Nadu
Quantization,MobileNet,Agriculture,85.6,83,88.5,29.3,369,232.4,34.6,Low-End,Moderate,Odisha
Knowledge Distillation,MobileNetV2,Healthcare,93.7,92.3,31.8,21.8,285.9,154.4,36.8,Mid-Range,Poor,Andhra Pradesh
Weight Sharing,EfficientNet,Education,91.6,91,72.7,27.6,152.1,77.4,10.2,Mid-Range,Moderate,Chhattisgarh
Pruning,ResNet18,Healthcare,88.6,86.4,21.3,14.8,272.5,186.9,17.1,Mid-Range,Good,Chhattisgarh
Quantization,SqueezeNet,Healthcare,87.6,85.7,16.9,8.6,536.5,298.5,14.1,Low-End,Poor,Jharkhand
Knowledge Distillation,MobileNet,Healthcare,87.5,84.8,32.4,12.4,315.9,223,28.5,Low-End,Poor,Manipur
Weight Sharing,MobileNet,Healthcare,87.2,86.4,50.5,25.3,549,340.2,32,Low-End,Good,Assam
Pruning,MobileNet,Healthcare,87.8,85.3,30,9.9,222.1,168.9,11.4,Mid-Range,Good,Tamil Nadu
Quantization,EfficientNet,Healthcare,84.4,83.1,56.1,18.8,218.1,165.7,11.3,Mid-Range,Good,Rajasthan
Knowledge Distillation,SqueezeNet,Education,92.7,91.4,52.9,26.2,571.7,442.9,21,Low-End,Moderate,Bihar
Weight Sharing,ResNet50,Education,84.1,81.2,51.6,28.5,193.9,151.3,35.9,Mid-Range,Poor,Bihar
Pruning,SqueezeNet,Education,85.5,83.3,45.3,14.3,295.5,173.4,21.3,Mid-Range,Moderate,Odisha
Quantization,ResNet50,Education,88.9,86.3,87.4,48.2,198.3,100.9,27.2,Mid-Range,Moderate,West Bengal
Knowledge Distillation,SqueezeNet,Agriculture,85.5,83.6,62.8,36.6,257.8,130,21.8,Mid-Range,Good,Rajasthan
Weight Sharing,EfficientNet,Agriculture,88.1,86,98.5,46.1,202.5,151.4,24.8,Mid-Range,Good,Bihar
Pruning,MobileNetV2,Education,86.2,84.4,30.5,10,396.7,250.5,17.9,Mid-Range,Poor,Odisha
Quantization,ResNet50,Healthcare,83.9,81,96.4,61.5,334.2,242.4,19.8,Low-End,Good,Rajasthan
Knowledge Distillation,MobileNet,Agriculture,83.2,81.7,70.7,27,557.2,378.9,32.2,Mid-Range,Poor,Tamil Nadu
Weight Sharing,MobileNet,Education,86.4,84.7,17.3,7.8,451.5,241.8,33.7,Mid-Range,Poor,Uttar Pradesh
Pruning,ResNet18,Education,87.4,84.9,30.6,19.7,414.9,217.7,18.3,Low-End,Moderate,Uttar Pradesh
Quantization,ResNet18,Healthcare,85.8,84.3,23.3,14.2,305.5,214,26.2,Low-End,Good,Assam
Knowledge Distillation,MobileNetV2,Healthcare,88.4,85.7,30.9,15.8,208,108.2,11.6,Mid-Range,Good,Chhattisgarh
Weight Sharing,MobileNetV2,Education,85.3,83.2,59.1,25.2,376.9,277.2,15.1,Mid-Range,Moderate,Odisha
Pruning,MobileNetV2,Education,92.4,90.5,84.6,52,496.8,332.5,26.5,Low-End,Good,Tamil Nadu
Quantization,ResNet18,Education,85.8,83.8,33.2,15.4,168.7,124.4,18.6,Low-End,Good,West Bengal
Knowledge Distillation,ResNet50,Agriculture,88.8,88.3,54.4,34.7,151.2,101.7,20.3,Low-End,Moderate,Madhya Pradesh
Weight Sharing,ResNet50,Agriculture,86.6,83.9,58.4,21,196.6,148.5,11,Mid-Range,Poor,West Bengal
Pruning,SqueezeNet,Healthcare,93,92,47.8,28.9,207.3,123.4,12,Mid-Range,Moderate,Andhra Pradesh
Quantization,ResNet18,Healthcare,90,88.2,77.9,38.3,435.9,309.6,27.4,Low-End,Moderate,Rajasthan
Knowledge Distillation,MobileNet,Healthcare,83.8,81.5,87.4,35.6,412.2,327.6,34.7,Mid-Range,Poor,Assam
Weight Sharing,MobileNet,Healthcare,87.4,86.2,5.3,2.1,365.3,200.3,16.4,Mid-Range,Moderate,Madhya Pradesh
Pruning,SqueezeNet,Healthcare,93,90.5,9.7,3.6,414.6,329.8,15,Low-End,Good,Madhya Pradesh
Quantization,SqueezeNet,Healthcare,91.3,89.9,40,22.9,180.7,130.2,14,Mid-Range,Good,Madhya Pradesh
Knowledge Distillation,SqueezeNet,Agriculture,84.5,82,83.7,39,295.4,231.5,22.6,Mid-Range,Poor,Madhya Pradesh
Weight Sharing,EfficientNet,Agriculture,92.6,90.3,59.3,19.1,283.5,204.7,32.5,Mid-Range,Good,Uttar Pradesh
Pruning,ResNet50,Healthcare,85.8,84.4,48.8,26.4,573.5,376.8,34.5,Mid-Range,Moderate,West Bengal
Quantization,MobileNetV2,Agriculture,87.6,86.2,25.3,9.5,331.9,171.5,26.1,Mid-Range,Poor,Andhra Pradesh
Knowledge Distillation,EfficientNet,Education,92.8,90.7,88,35.7,500.6,272,21,Low-End,Moderate,Uttar Pradesh
Weight Sharing,SqueezeNet,Healthcare,90,87.2,88.4,43,446.3,254.5,20.3,Mid-Range,Good,Andhra Pradesh
Pruning,MobileNet,Education,91.9,91.2,68.9,28.1,217.7,168.6,27.7,Low-End,Poor,Andhra Pradesh
Quantization,SqueezeNet,Healthcare,87.6,86.9,49.2,27.7,460.7,288.6,19.1,Mid-Range,Poor,Odisha
Knowledge Distillation,ResNet50,Healthcare,89.9,87.9,16,10.6,345.5,212.6,17,Low-End,Poor,Assam
Weight Sharing,MobileNetV2,Agriculture,89.8,87.5,11.6,6.6,539.6,305.4,11.2,Mid-Range,Good,Odisha
Pruning,MobileNet,Education,88.9,88.3,14.1,6.8,474,323.1,18.9,Low-End,Poor,Tamil Nadu
Quantization,ResNet18,Education,88.8,86,80.3,50.3,373.1,200.8,16.4,Mid-Range,Poor,Andhra Pradesh
Knowledge Distillation,MobileNetV2,Education,87.7,85.3,89.8,50.8,250.3,128.9,39.4,Low-End,Moderate,Jharkhand
Weight Sharing,MobileNet,Education,88,87.2,35,11,362.7,230.5,37,Low-End,Poor,Rajasthan
Pruning,ResNet18,Agriculture,88.3,86,34.7,18.8,403,288.5,14.6,Low-End,Moderate,Tamil Nadu
Quantization,EfficientNet,Healthcare,93.9,92.3,47.8,24.4,555.1,427.5,32.9,Mid-Range,Good,Uttar Pradesh
Knowledge Distillation,ResNet18,Agriculture,90,87.1,54.3,38,464.4,274.7,13.9,Low-End,Good,Assam
Weight Sharing,ResNet18,Healthcare,88.8,86.1,77.6,43.5,364.4,286.9,34.3,Low-End,Good,Tamil Nadu
Pruning,MobileNetV2,Education,93.7,92.5,63.7,34,257.3,189,11.8,Low-End,Good,Odisha
Quantization,SqueezeNet,Agriculture,89.4,87.1,35.8,13.4,192,121.7,30.4,Low-End,Good,Uttar Pradesh
Knowledge Distillation,MobileNetV2,Education,92.4,91.6,97.4,53.9,422.3,222.8,12.5,Low-End,Good,Assam
Weight Sharing,EfficientNet,Education,87.8,85.9,92.6,27.9,590.2,305.9,33.3,Low-End,Good,West Bengal
Pruning,ResNet50,Agriculture,86.5,84,88.7,35,376.2,259.2,34.1,Low-End,Poor,Uttar Pradesh
Quantization,MobileNet,Healthcare,93.7,91.1,29.5,20.2,412.6,287.9,32.2,Mid-Range,Good,Bihar
Knowledge Distillation,MobileNetV2,Healthcare,90.6,89.9,30.6,20.5,263.2,149,20.7,Mid-Range,Good,Odisha
Weight Sharing,ResNet50,Healthcare,88.3,87.5,64.7,22.2,314.9,217,34.7,Low-End,Good,Andhra Pradesh
Pruning,MobileNet,Education,83.1,82,66.7,20.6,591.3,458.6,18,Low-End,Good,Assam
Quantization,ResNet50,Agriculture,93,91.3,17.5,9.5,203.9,153.1,38.4,Low-End,Good,Tamil Nadu
Knowledge Distillation,MobileNetV2,Education,89.9,88,34.1,16.6,428.2,263.7,10.9,Low-End,Good,Chhattisgarh
Weight Sharing,EfficientNet,Education,90.2,87.5,81.8,49.4,312.5,164.4,13.2,Low-End,Moderate,Madhya Pradesh
Pruning,ResNet50,Healthcare,86.9,84.2,14.2,4.9,338.7,177.7,11.8,Low-End,Moderate,Uttar Pradesh
Quantization,MobileNetV2,Agriculture,83.4,81.6,77.7,52.5,503.1,372.7,29.2,Low-End,Poor,Assam
Knowledge Distillation,SqueezeNet,Healthcare,93.2,91.3,47.5,16.6,402,210.9,27.2,Mid-Range,Good,Assam
Weight Sharing,ResNet50,Healthcare,88.6,86,22.1,11.8,408.7,240.8,38.3,Mid-Range,Moderate,Madhya Pradesh
Pruning,EfficientNet,Education,84.7,84.1,16.5,6.7,491.5,258.7,36.7,Mid-Range,Good,Odisha
Quantization,ResNet18,Education,88.1,87.6,99.7,69.2,299.5,176.3,16.9,Mid-Range,Good,Andhra Pradesh
Knowledge Distillation,EfficientNet,Education,86.8,85.8,17.7,6.4,151,92.7,12.2,Low-End,Good,Tamil Nadu
Weight Sharing,MobileNetV2,Healthcare,89.1,86.7,6.7,3.2,368.5,234,33.8,Low-End,Good,Jharkhand
Pruning,MobileNet,Healthcare,92.1,90.4,17.9,6.2,355.9,267.3,35.2,Low-End,Moderate,Odisha
Quantization,ResNet18,Agriculture,90.1,87.8,79.1,52.1,464.8,279.6,10.2,Mid-Range,Poor,West Bengal
Knowledge Distillation,EfficientNet,Education,87.1,85.2,4.1,2.9,179.1,137.1,30.5,Mid-Range,Poor,Bihar
Weight Sharing,EfficientNet,Education,88.1,85.4,38.7,19.8,233.1,140.9,34.2,Mid-Range,Good,Andhra Pradesh
Pruning,ResNet18,Agriculture,84.9,82.7,36.5,25.1,382.6,195.5,13.8,Low-End,Good,Tamil Nadu
Quantization,SqueezeNet,Education,93.2,92.6,25.8,17.5,204.8,124.4,36.4,Mid-Range,Poor,Manipur
Knowledge Distillation,ResNet18,Education,90.9,88.5,56.9,24,188.7,103.8,22.7,Mid-Range,Moderate,Andhra Pradesh
Weight Sharing,EfficientNet,Agriculture,92.5,90.3,35.3,23,452.1,347.8,21.5,Mid-Range,Poor,Jharkhand
Pruning,MobileNet,Agriculture,87.8,86.7,21.1,12.3,167.6,91.7,14.9,Low-End,Poor,Jharkhand
Quantization,EfficientNet,Agriculture,83.2,81.3,16.5,10.2,223.1,164.5,28.3,Low-End,Moderate,Assam
Knowledge Distillation,EfficientNet,Healthcare,89.7,87.3,86.2,51.4,189.5,136.9,25.4,Mid-Range,Moderate,West Bengal
Weight Sharing,ResNet18,Agriculture,90.8,90.1,43.3,21.2,169.1,100.5,13.3,Low-End,Moderate,Assam
Pruning,EfficientNet,Agriculture,91.1,88.7,87.2,48.7,369.9,274.3,22,Mid-Range,Moderate,West Bengal
Quantization,ResNet18,Healthcare,84.9,82.1,76.3,45,403.7,248.2,29,Mid-Range,Good,Manipur
Knowledge Distillation,MobileNetV2,Healthcare,89.5,88.6,54.7,20.7,279.8,147,23,Low-End,Moderate,Manipur
Weight Sharing,MobileNetV2,Education,84.7,82.5,72.5,47.4,288.7,226.4,32.5,Mid-Range,Moderate,Andhra Pradesh
Pruning,MobileNet,Agriculture,93.2,90.5,84.8,57.3,189.2,99.3,16.3,Mid-Range,Good,Assam
Quantization,ResNet18,Education,92.1,90.3,15.1,8.4,347,199.7,35.1,Low-End,Moderate,Odisha
Knowledge Distillation,ResNet18,Healthcare,84.1,82.1,8.8,6,192.9,148.3,12.1,Low-End,Poor,Uttar Pradesh
Weight Sharing,EfficientNet,Agriculture,87,84.9,77.2,41.5,413.6,257.6,21.2,Low-End,Poor,Rajasthan
Pruning,ResNet18,Education,84.2,82.5,29.6,19.6,538.9,328.6,14.6,Low-End,Moderate,Rajasthan
Quantization,EfficientNet,Education,91.2,90.6,79.6,25.1,487.1,322.8,37.9,Mid-Range,Good,Chhattisgarh
Knowledge Distillation,SqueezeNet,Agriculture,85.2,84.3,22,8.1,574.9,304,21.8,Mid-Range,Moderate,Chhattisgarh
Weight Sharing,ResNet50,Education,86.4,85.7,67.8,29.7,432.2,299.7,21.6,Low-End,Good,Chhattisgarh
Pruning,EfficientNet,Agriculture,89,86.6,66.8,30,493.2,349.8,29.7,Low-End,Moderate,Assam
Quantization,ResNet50,Healthcare,91.7,90.2,52.8,26.6,390.4,202.4,38,Low-End,Moderate,Tamil Nadu
Knowledge Distillation,SqueezeNet,Agriculture,89.9,87.3,11.3,4.8,466,362.8,30.8,Low-End,Moderate,Tamil Nadu
Weight Sharing,MobileNet,Healthcare,86.6,83.8,32.5,17.5,369.5,267.2,37.6,Low-End,Good,Andhra Pradesh
Pruning,SqueezeNet,Education,89.7,89.1,57.1,26.9,196.2,144.4,33.3,Mid-Range,Moderate,Manipur
Quantization,SqueezeNet,Agriculture,91.9,89.7,60.6,27.1,397.7,248.3,20.6,Low-End,Poor,Rajasthan
Knowledge Distillation,MobileNetV2,Education,91.2,89.2,6.9,3.8,385.6,299.8,11.8,Mid-Range,Good,Rajasthan
Weight Sharing,MobileNet,Agriculture,86.4,83.5,89.1,41.2,586.2,356.2,30.4,Mid-Range,Poor,Uttar Pradesh
Pruning,MobileNetV2,Healthcare,86.2,85.1,33.3,20.6,411.6,245.7,33,Low-End,Poor,Odisha
Quantization,MobileNetV2,Agriculture,89.3,87.3,60.6,35.6,214.5,159.4,38.6,Mid-Range,Good,Andhra Pradesh
Knowledge Distillation,SqueezeNet,Healthcare,92.8,90,93.6,55.8,461,288.4,26.2,Low-End,Poor,Uttar Pradesh
Weight Sharing,ResNet18,Healthcare,86,83.1,81,27.8,587,403.7,34.3,Low-End,Good,Jharkhand
Pruning,MobileNet,Education,92.1,89.5,33.7,22.4,536.5,422,12.9,Mid-Range,Poor,Madhya Pradesh
Quantization,MobileNet,Agriculture,87.9,85.8,82.7,50.1,530.5,390,18.3,Low-End,Moderate,Odisha
Knowledge Distillation,SqueezeNet,Agriculture,86.6,84.1,6.3,2,599.1,409.6,12.1,Mid-Range,Moderate,Rajasthan
Weight Sharing,SqueezeNet,Healthcare,87.3,85,15.6,6,299.8,168.9,10.8,Low-End,Poor,Tamil Nadu
Pruning,MobileNetV2,Healthcare,88.1,85.6,15,7,279.5,214.9,32.1,Low-End,Poor,Odisha
Quantization,ResNet50,Education,91.7,89.8,38.8,16.7,387.1,218.7,25.6,Mid-Range,Moderate,Assam
Knowledge Distillation,SqueezeNet,Healthcare,86.4,84.5,56.6,31.8,341.8,187.8,34.6,Mid-Range,Moderate,Jharkhand
Weight Sharing,MobileNetV2,Healthcare,90.8,89.4,29.9,15.5,281.5,193.5,38.1,Mid-Range,Moderate,West Bengal
Pruning,SqueezeNet,Agriculture,84.5,82.4,38.9,14.2,590.2,327.6,19,Mid-Range,Poor,Rajasthan
Quantization,EfficientNet,Education,90,87.6,45.8,25,286.2,210.1,14.5,Mid-Range,Moderate,Tamil Nadu
Knowledge Distillation,ResNet18,Education,89,88.2,26.5,13.5,390.8,297.5,34.5,Mid-Range,Moderate,Andhra Pradesh
Weight Sharing,MobileNetV2,Education,86.9,85.9,45.8,29.6,298.6,170.2,21.4,Mid-Range,Moderate,Rajasthan
Pruning,MobileNetV2,Agriculture,89.2,86.9,91.7,35.9,270,144.5,28.4,Low-End,Poor,Manipur
Quantization,EfficientNet,Agriculture,85.1,83.7,5.4,2.4,215.5,138.5,20.9,Low-End,Moderate,Andhra Pradesh
Knowledge Distillation,ResNet18,Agriculture,89.8,88.3,72.7,30.1,420.7,272.5,30.6,Low-End,Good,Tamil Nadu
Weight Sharing,MobileNetV2,Agriculture,94,93.4,54,32.8,182.6,143,35.8,Low-End,Moderate,Andhra Pradesh
Pruning,EfficientNet,Healthcare,88,86.8,37.4,11.6,444.9,242.7,22.8,Mid-Range,Moderate,Tamil Nadu
Quantization,EfficientNet,Agriculture,90.6,89.4,67.5,33,599.9,421.1,27.6,Mid-Range,Poor,Assam
Knowledge Distillation,SqueezeNet,Education,88.5,85.7,76.5,52.3,586.6,416.8,29.5,Low-End,Moderate,Chhattisgarh
Weight Sharing,SqueezeNet,Healthcare,86.5,83.8,44.4,15.6,298.9,219,24.8,Low-End,Moderate,Uttar Pradesh
Pruning,SqueezeNet,Agriculture,94,93,65.3,45.4,222.3,150.1,27.7,Mid-Range,Poor,Odisha
Quantization,SqueezeNet,Education,85.6,82.8,32.1,19,529.3,417.8,26.3,Mid-Range,Moderate,Madhya Pradesh
Knowledge Distillation,MobileNetV2,Healthcare,83.3,82.3,12.3,5.4,257.2,138.4,32.1,Mid-Range,Good,Bihar
Weight Sharing,MobileNet,Education,90,89.1,90.3,49,381.7,211.5,12.3,Mid-Range,Moderate,Assam
Pruning,EfficientNet,Healthcare,87.2,86.6,12.2,5.8,298.6,166.7,14.3,Low-End,Poor,Odisha
Quantization,MobileNet,Healthcare,87.2,86.3,64.3,21.7,162.6,108.5,26.1,Mid-Range,Good,West Bengal
Knowledge Distillation,ResNet50,Education,85.7,85.2,80.4,56.3,299.5,162.9,29.8,Mid-Range,Moderate,Jharkhand
Weight Sharing,ResNet18,Healthcare,84.9,83,47.3,28.5,309.6,215.5,12.8,Mid-Range,Moderate,Madhya Pradesh
Pruning,ResNet18,Healthcare,92.3,90.2,71,46.7,271.2,162.3,19.1,Mid-Range,Good,West Bengal
Quantization,ResNet18,Agriculture,93.6,91.6,34,10.2,182.6,116.3,27.2,Low-End,Moderate,Andhra Pradesh
Knowledge Distillation,MobileNetV2,Agriculture,88.3,86.8,84.2,49.5,453.6,257.1,12.8,Low-End,Poor,Bihar
Weight Sharing,ResNet18,Education,87.4,85.1,29.5,17.2,344.5,212.2,17.4,Mid-Range,Moderate,Odisha
Pruning,EfficientNet,Agriculture,92.3,89.9,65.2,25,528.5,382.5,35,Mid-Range,Moderate,Rajasthan
Quantization,MobileNetV2,Agriculture,88.8,87.9,70.8,27.6,233.1,147.5,11.1,Mid-Range,Moderate,Uttar Pradesh
Knowledge Distillation,ResNet18,Healthcare,90.3,89.2,44.7,27.1,305.6,242.4,12.2,Mid-Range,Good,Madhya Pradesh
Weight Sharing,SqueezeNet,Education,91.5,89.3,52.6,27.7,311.8,230.9,11,Low-End,Moderate,Assam
Pruning,SqueezeNet,Education,90.6,88.8,95.8,44.2,513.5,276.2,39.7,Low-End,Moderate,Manipur
Quantization,ResNet18,Healthcare,92.7,90.7,74.9,36,368.4,254.7,35.8,Mid-Range,Good,Manipur
Knowledge Distillation,MobileNet,Healthcare,86.1,84.4,87,54.4,368.5,223.4,39.2,Mid-Range,Moderate,Uttar Pradesh
Weight Sharing,ResNet50,Healthcare,93.6,91.9,37.2,16.2,409.2,314.8,35.4,Mid-Range,Good,Madhya Pradesh
Pruning,MobileNetV2,Agriculture,89.5,88.4,87.1,29.1,550.4,401.6,24.5,Mid-Range,Good,Andhra Pradesh
Quantization,ResNet50,Agriculture,83.4,81.7,40.6,22.5,568.5,381.3,27.8,Low-End,Good,Andhra Pradesh
Knowledge Distillation,MobileNetV2,Agriculture,87,84.2,38.6,15,448.6,333,15.6,Low-End,Poor,Jharkhand
Weight Sharing,MobileNet,Education,87.3,84.3,43.2,19,296.4,155.8,18.9,Mid-Range,Poor,Odisha
Pruning,ResNet18,Agriculture,84.7,83.7,62.7,19,568.8,311.4,24.9,Low-End,Good,Tamil Nadu
Quantization,SqueezeNet,Healthcare,88.5,85.6,58.8,21.4,447.9,309.8,23.5,Low-End,Moderate,West Bengal
Knowledge Distillation,ResNet18,Healthcare,88.6,87.3,25.1,13,216.7,138,21.1,Low-End,Moderate,Madhya Pradesh
Weight Sharing,ResNet18,Education,90.5,88.1,44.2,26.3,425.9,213,10.3,Mid-Range,Moderate,Chhattisgarh
Pruning,ResNet18,Education,90.2,87.3,49.3,15,562.9,440.3,28.8,Low-End,Moderate,Assam
Quantization,SqueezeNet,Agriculture,86.5,84.8,40.5,20,399.9,271,25.5,Low-End,Good,Manipur
Knowledge Distillation,ResNet18,Agriculture,89.7,89,71.2,43.3,220.5,126.4,39.5,Mid-Range,Good,Uttar Pradesh
Weight Sharing,SqueezeNet,Healthcare,93.5,90.6,21.9,9.7,185.2,113,26.8,Mid-Range,Good,Rajasthan
Pruning,EfficientNet,Healthcare,91.9,90.6,16.1,9.6,327.7,251,22.5,Mid-Range,Moderate,Tamil Nadu
Quantization,SqueezeNet,Healthcare,92.6,90.5,74.6,43.2,150.6,116.2,31.3,Mid-Range,Poor,Odisha
Knowledge Distillation,ResNet18,Agriculture,91.8,91.1,78.2,48.4,249.2,195.6,38.4,Low-End,Poor,Rajasthan
Weight Sharing,MobileNetV2,Agriculture,83.8,82.9,47.7,24.8,553,353.6,26.1,Low-End,Moderate,Assam
Pruning,ResNet50,Education,92.3,91.3,51.3,26.9,262.2,173.4,29.2,Low-End,Good,Andhra Pradesh
Quantization,EfficientNet,Healthcare,90.3,87.6,9.4,5.8,207.8,126.7,25.7,Mid-Range,Good,Odisha
Knowledge Distillation,ResNet50,Agriculture,84.2,83,58.8,18.9,470.1,369,15.1,Low-End,Poor,Andhra Pradesh
Weight Sharing,MobileNetV2,Agriculture,88.1,86.7,70.5,23.1,586.5,328.5,36.5,Low-End,Good,Manipur
Pruning,ResNet18,Agriculture,88,85.2,40,24.6,332.6,239,20.5,Low-End,Good,Jharkhand
Quantization,SqueezeNet,Healthcare,84.9,83.8,77.8,49.9,546.6,313.6,15.8,Low-End,Moderate,Odisha
Knowledge Distillation,EfficientNet,Agriculture,84.1,82.8,53.8,17.6,570,378.4,38.2,Low-End,Good,West Bengal
Weight Sharing,EfficientNet,Agriculture,90,87.3,75.3,40.2,265.7,211,14.8,Mid-Range,Poor,Bihar
Pruning,ResNet50,Agriculture,83.5,82.5,63,32.1,296.6,156,30.3,Low-End,Moderate,Rajasthan
Quantization,ResNet50,Education,88,86.1,12.3,7.2,264.9,139,16.7,Low-End,Poor,Assam
Knowledge Distillation,ResNet18,Education,89.8,87,57.8,24.1,579,455.7,39.7,Low-End,Poor,Uttar Pradesh
Weight Sharing,MobileNetV2,Healthcare,83.2,82.5,61.4,25,208.4,131.1,25.6,Low-End,Moderate,West Bengal
Pruning,ResNet18,Education,83.5,81.7,24.9,11.9,552,398.7,32.4,Mid-Range,Good,Tamil Nadu
Quantization,MobileNet,Agriculture,87.4,84.6,78.5,41.8,355.2,182.4,21.3,Low-End,Moderate,Madhya Pradesh
Knowledge Distillation,MobileNet,Education,86.9,86,72.9,24.8,569.3,422.2,25.8,Mid-Range,Poor,Chhattisgarh
Weight Sharing,MobileNet,Education,93.2,92.3,29.4,20.4,238.5,144.3,38.6,Mid-Range,Moderate,Madhya Pradesh
Pruning,MobileNet,Healthcare,84.9,84.1,90.2,37.5,272.9,146.5,22.9,Low-End,Poor,Andhra Pradesh
Quantization,ResNet50,Agriculture,84.5,81.7,92.9,37.3,577.3,407,37.6,Low-End,Good,Chhattisgarh
Knowledge Distillation,MobileNet,Agriculture,86.2,83.4,15.7,6.8,265.3,149.3,39.5,Low-End,Moderate,Rajasthan
Weight Sharing,EfficientNet,Agriculture,90.8,90.1,11.3,5.6,535,294,17.3,Low-End,Poor,Chhattisgarh
Pruning,EfficientNet,Agriculture,85.2,83.6,84.4,42.3,183.9,98.2,20.3,Mid-Range,Good,Madhya Pradesh
Quantization,MobileNetV2,Agriculture,84.9,83,59.7,24.5,579.4,303.9,28.2,Low-End,Moderate,West Bengal
Knowledge Distillation,ResNet50,Agriculture,84.3,82,52.8,25.5,184,124,14.4,Low-End,Moderate,Chhattisgarh
Weight Sharing,MobileNetV2,Agriculture,86,85,87.9,28.1,322.3,171.6,35.4,Low-End,Good,Bihar
Pruning,EfficientNet,Healthcare,91.5,89.4,54.2,23.2,488.2,313.2,26.6,Low-End,Moderate,Bihar
Quantization,MobileNet,Education,91.9,90.7,90.2,47.8,359.7,258.2,39.1,Low-End,Moderate,Manipur
Knowledge Distillation,ResNet18,Agriculture,93.9,92.2,21,7.6,264.1,195.5,24.3,Mid-Range,Good,Manipur
Weight Sharing,MobileNetV2,Healthcare,84.7,83.6,84.1,53.6,546.3,422.9,18.8,Mid-Range,Poor,Manipur
Pruning,EfficientNet,Agriculture,90,89.5,76.1,34.1,204.3,124,35.9,Mid-Range,Good,Rajasthan
Quantization,MobileNetV2,Education,88.4,86.9,6.8,2.4,557.9,328.8,29,Low-End,Poor,Chhattisgarh
Knowledge Distillation,ResNet50,Education,87,85.2,73,27.6,220.5,132.9,10.3,Mid-Range,Good,Bihar
Weight Sharing,MobileNetV2,Agriculture,84.1,83.6,41.9,24.6,262.4,195.5,15.6,Mid-Range,Moderate,Rajasthan
Pruning,SqueezeNet,Education,91.4,89.7,29,15.9,258.2,145.6,35.7,Low-End,Moderate,Andhra Pradesh
Quantization,EfficientNet,Agriculture,89.5,88.9,69.1,37.3,475.8,261.9,32.7,Mid-Range,Moderate,Chhattisgarh
Knowledge Distillation,EfficientNet,Agriculture,88.8,87.5,85.3,54.6,561.1,446.5,22.3,Mid-Range,Good,Tamil Nadu
Weight Sharing,MobileNet,Healthcare,89,86.9,12.8,8.3,575.9,334.3,15.1,Mid-Range,Good,Tamil Nadu
Pruning,EfficientNet,Education,93.1,91.3,62.5,41.9,583,460.2,36.2,Low-End,Good,Andhra Pradesh
Quantization,ResNet50,Agriculture,90.6,89.1,25.4,14.9,393,249,27.2,Mid-Range,Moderate,Bihar
Knowledge Distillation,MobileNet,Healthcare,93.4,91.8,33.1,22.9,278.7,174.8,36.3,Mid-Range,Good,Jharkhand
Weight Sharing,SqueezeNet,Agriculture,91.1,89.7,49.2,24.9,356.9,214.9,25.1,Low-End,Moderate,Jharkhand
Pruning,ResNet50,Healthcare,91.9,90.4,36,24.5,421.4,269,26.4,Mid-Range,Poor,Bihar
Quantization,MobileNetV2,Healthcare,92.7,91.7,65.8,37.3,432.9,279.7,25.9,Mid-Range,Moderate,Odisha
Knowledge Distillation,ResNet18,Healthcare,91.1,89.1,22.5,10.3,526,273.2,19.7,Mid-Range,Poor,Tamil Nadu
Weight Sharing,SqueezeNet,Healthcare,84.5,82.7,75.8,25.1,213.2,119.9,27,Mid-Range,Good,Odisha
Pruning,ResNet50,Education,86,84.8,17.6,6.3,574,386.3,39.5,Mid-Range,Good,Chhattisgarh
Quantization,EfficientNet,Agriculture,84.2,82.8,93.1,58.6,453.1,335.4,23.2,Mid-Range,Good,Jharkhand
Knowledge Distillation,SqueezeNet,Agriculture,83.7,82.3,9.9,5.9,268.3,143,34.2,Mid-Range,Poor,Chhattisgarh
Weight Sharing,ResNet50,Education,84.7,84,87.4,40.1,176.6,133.6,29.8,Low-End,Good,West Bengal
Pruning,EfficientNet,Agriculture,85,83.4,24.2,15.6,238.7,178.8,29.3,Mid-Range,Good,Andhra Pradesh
Quantization,ResNet50,Education,92.8,92.1,49.6,28.7,248.8,173.6,22.3,Low-End,Good,Assam
Knowledge Distillation,SqueezeNet,Agriculture,83.5,82.8,97.2,42.3,238.6,160.6,37.4,Low-End,Poor,Bihar
Weight Sharing,MobileNetV2,Education,87.4,86.2,73.2,30.1,199.4,112.3,26.6,Mid-Range,Moderate,Manipur
Pruning,SqueezeNet,Healthcare,91.9,89.4,28.9,13.2,557,368,16,Low-End,Poor,Madhya Pradesh
Quantization,ResNet50,Education,93.5,90.8,92,59,550.4,356.3,34.3,Low-End,Poor,Assam
Knowledge Distillation,SqueezeNet,Education,91.6,90.9,64.7,22.8,467,356.2,24.9,Low-End,Moderate,Madhya Pradesh
Weight Sharing,MobileNetV2,Education,83.2,82.3,92.8,64,513.8,291.8,35.1,Mid-Range,Moderate,Odisha
Pruning,ResNet50,Healthcare,90.5,90,77.2,50.7,286.3,197.5,24,Low-End,Poor,Andhra Pradesh
Quantization,MobileNetV2,Healthcare,89.7,88.6,58.5,32,488.5,272.4,20.8,Low-End,Good,Assam
Knowledge Distillation,MobileNet,Education,91.5,89.5,56.5,30.1,445.3,240.8,24.4,Low-End,Poor,Bihar
Weight Sharing,ResNet18,Agriculture,93.4,90.4,97.8,41.7,322.4,221.2,37.6,Low-End,Moderate,Rajasthan
Pruning,EfficientNet,Education,93.8,92.8,74.6,31.4,319.9,191.6,30.3,Mid-Range,Poor,Jharkhand
Quantization,EfficientNet,Healthcare,92.9,90.1,74,36.4,483,346.2,17.5,Mid-Range,Moderate,Madhya Pradesh
Knowledge Distillation,MobileNetV2,Healthcare,87.5,85.5,70.6,35.6,275.5,164.4,27.2,Low-End,Good,West Bengal
Weight Sharing,SqueezeNet,Agriculture,85.3,83.7,36.9,24,475.8,288.7,16.6,Low-End,Moderate,Jharkhand
Pruning,ResNet50,Education,87.1,85.9,13.1,8.4,391.5,263,17.1,Mid-Range,Poor,Andhra Pradesh
Quantization,SqueezeNet,Agriculture,86.3,84,7.5,4.7,204.3,113.6,24.1,Mid-Range,Poor,Odisha
Knowledge Distillation,ResNet50,Education,93.8,92.8,86.8,30.7,408.3,210.6,21.5,Mid-Range,Good,Jharkhand
Weight Sharing,ResNet18,Healthcare,93.8,92.7,17,7.2,544,408.5,13.4,Low-End,Good,Chhattisgarh
Pruning,ResNet18,Healthcare,86.3,84.1,61.5,36.1,596.8,359.7,39.8,Low-End,Moderate,Assam
Quantization,EfficientNet,Education,93.8,91.8,51.1,16.5,301,207.7,13.5,Low-End,Good,Jharkhand
Knowledge Distillation,ResNet18,Education,89.5,87.9,59.9,23.8,524.7,371,39.4,Low-End,Moderate,Assam
Weight Sharing,ResNet50,Healthcare,84.8,83.5,13.8,5.7,403.7,265.4,24,Mid-Range,Poor,Assam
Pruning,ResNet50,Education,88.3,87.4,61.3,26.4,327.6,245.1,13,Mid-Range,Moderate,Tamil Nadu
Quantization,MobileNetV2,Healthcare,84.6,82.5,24.2,11.8,191.8,140.1,20,Mid-Range,Good,Tamil Nadu
Knowledge Distillation,MobileNetV2,Agriculture,83.3,81.1,77.1,37.2,515,411.6,19.9,Low-End,Moderate,Bihar
Weight Sharing,SqueezeNet,Healthcare,89.7,88.8,42.7,27.1,480.4,257.7,33.4,Mid-Range,Poor,Manipur
Pruning,MobileNetV2,Education,93.4,90.5,24.6,8.5,269.4,135.3,38,Low-End,Good,Odisha
Quantization,EfficientNet,Agriculture,83.4,81.9,29.8,17.7,276,168,29.2,Mid-Range,Poor,Tamil Nadu
Knowledge Distillation,MobileNet,Education,91.9,90.9,75.3,31.6,343.7,248,33.3,Mid-Range,Good,Tamil Nadu
Weight Sharing,MobileNet,Agriculture,85.9,83.1,51.6,16.7,418.8,321.9,17.5,Low-End,Good,Andhra Pradesh
Pruning,ResNet18,Education,87.7,86.4,72.5,34,481.8,291.6,23.7,Mid-Range,Good,Jharkhand
Quantization,EfficientNet,Education,86.3,85.4,30.6,17.2,186.9,98.4,36.9,Mid-Range,Good,Bihar
Knowledge Distillation,EfficientNet,Education,85.8,85,91.6,56.9,384.7,292,21.4,Mid-Range,Moderate,Andhra Pradesh
Weight Sharing,SqueezeNet,Agriculture,86.6,85.5,77.8,30.1,391,243.5,19.9,Low-End,Poor,Assam
Pruning,MobileNetV2,Healthcare,90.7,89.4,57.6,20.5,152.9,95.5,35.3,Mid-Range,Good,Andhra Pradesh
Quantization,ResNet18,Education,90.9,89.7,41.2,25.8,497.3,335.8,11.2,Low-End,Moderate,Manipur
Knowledge Distillation,MobileNetV2,Agriculture,93.7,92.7,14.9,8.9,391.2,305.5,36.4,Low-End,Poor,Manipur
Weight Sharing,MobileNet,Agriculture,87.2,85.4,48.7,32.8,195.6,154.9,28.6,Mid-Range,Moderate,Uttar Pradesh
Pruning,ResNet18,Agriculture,87.8,86.8,26.3,11.4,595.1,412.6,20.5,Low-End,Poor,Jharkhand
Quantization,ResNet18,Agriculture,92.7,90.4,93.6,63.8,235.3,119,39.9,Low-End,Moderate,Tamil Nadu
Knowledge Distillation,MobileNetV2,Education,87.7,86.1,36.5,24.6,410.8,317.7,37.4,Mid-Range,Moderate,Rajasthan
Weight Sharing,SqueezeNet,Healthcare,87.4,84.7,35.2,13.4,369,253.1,29.7,Low-End,Moderate,Bihar
Pruning,MobileNet,Education,85.5,84,83,41,283.3,190.8,14.5,Mid-Range,Poor,West Bengal
Quantization,EfficientNet,Education,93.9,91.8,14.9,7.8,300.5,199.7,29.9,Low-End,Good,Assam
Knowledge Distillation,ResNet50,Education,90.8,88.3,19.3,11.6,162.9,83.8,22.8,Mid-Range,Poor,Andhra Pradesh
Weight Sharing,ResNet50,Agriculture,93,90.2,92.9,36.6,367.4,258.5,36.4,Mid-Range,Poor,Rajasthan
Pruning,ResNet50,Education,85.5,84.5,18.6,10.4,289.4,181.3,14.4,Low-End,Poor,Odisha
Quantization,ResNet50,Education,93.8,91.1,48.9,19.8,225.3,140.4,29,Mid-Range,Poor,Andhra Pradesh
Knowledge Distillation,SqueezeNet,Agriculture,89.8,87.3,68.6,23.5,598.5,319.3,28.6,Mid-Range,Poor,Manipur
Weight Sharing,MobileNetV2,Education,90.1,88.8,77.2,41.2,193.7,101.6,11.4,Mid-Range,Good,Odisha
Pruning,ResNet50,Education,85,83.6,91.8,27.6,234.7,146.2,19.1,Low-End,Moderate,Rajasthan
Quantization,ResNet18,Healthcare,84.5,83.8,76.8,36.8,577.7,348.2,20.3,Mid-Range,Poor,Chhattisgarh
Knowledge Distillation,EfficientNet,Education,88.4,86.3,28.7,14.7,386.4,308.6,32,Mid-Range,Moderate,Chhattisgarh
Weight Sharing,ResNet50,Education,93.3,91.2,65,45.4,418.1,244.9,28.7,Mid-Range,Good,West Bengal
Pruning,ResNet50,Agriculture,92.8,90.8,53.1,31.4,249,152.6,27.9,Low-End,Moderate,Tamil Nadu
Quantization,ResNet50,Education,87.8,87.1,42.3,13,494.9,374,28.4,Mid-Range,Moderate,Andhra Pradesh
Knowledge Distillation,MobileNet,Agriculture,93.7,92.4,70.4,46.9,456.9,315.3,34.4,Mid-Range,Moderate,Rajasthan
Weight Sharing,ResNet50,Healthcare,89.1,88.3,40.8,19.5,471,253,36.7,Mid-Range,Poor,Chhattisgarh
Pruning,ResNet18,Agriculture,84.7,82,23.8,10.1,575.9,429.4,23.8,Low-End,Poor,West Bengal
Quantization,MobileNetV2,Agriculture,84.2,82,72,40,158,110.4,22.6,Low-End,Poor,Rajasthan
Knowledge Distillation,ResNet50,Education,88.6,86,70.4,33.8,522.5,300.7,38.8,Low-End,Moderate,Jharkhand
Weight Sharing,MobileNetV2,Agriculture,87.5,85,12.3,5,400.4,253.6,14.1,Low-End,Good,West Bengal
Pruning,MobileNet,Healthcare,87.8,84.9,59.8,28.4,486.5,250.3,25.4,Mid-Range,Good,Chhattisgarh
Quantization,MobileNetV2,Agriculture,85.8,82.9,5.9,2.1,474.5,352.4,25.9,Low-End,Good,Andhra Pradesh
Knowledge Distillation,MobileNet,Healthcare,83.1,82.3,42.5,24.9,234,157.4,33.3,Low-End,Poor,Andhra Pradesh
Weight Sharing,EfficientNet,Healthcare,87.5,86.7,86.7,30.2,305.8,202.1,37,Mid-Range,Good,Tamil Nadu
Pruning,EfficientNet,Education,87.6,85.2,77.9,39.1,347.1,213.8,20.7,Low-End,Poor,Odisha
Quantization,SqueezeNet,Education,90,88,19.4,7.8,441.2,305.8,27.1,Mid-Range,Moderate,Andhra Pradesh
Knowledge Distillation,ResNet18,Education,90,89.1,15.9,7.3,254.2,145.8,25.4,Mid-Range,Poor,Assam
Weight Sharing,EfficientNet,Agriculture,87.5,86.3,95.3,42.5,413.4,248.3,27.6,Mid-Range,Good,Manipur
Pruning,MobileNet,Education,93,91.6,26.9,9.7,256.2,156,20.9,Mid-Range,Moderate,Madhya Pradesh
Quantization,ResNet50,Agriculture,93.2,91.4,57.2,27.3,401.2,277.2,30.1,Mid-Range,Good,Madhya Pradesh
Knowledge Distillation,SqueezeNet,Education,87.7,85.7,87.5,31.6,312.5,206.4,38.8,Mid-Range,Moderate,Odisha
Weight Sharing,MobileNetV2,Education,88.5,85.9,97.9,33,531.8,285,33.2,Mid-Range,Good,Madhya Pradesh
Pruning,ResNet18,Healthcare,87.6,84.7,84.8,33.1,163.3,127.1,34.7,Mid-Range,Moderate,Tamil Nadu
Quantization,MobileNetV2,Healthcare,90.9,90.3,38.7,15.9,474.6,319.8,36.6,Low-End,Poor,Uttar Pradesh
Knowledge Distillation,ResNet18,Agriculture,84.9,83.2,65.1,44.2,162.2,125.1,17.2,Low-End,Good,West Bengal
Weight Sharing,EfficientNet,Education,86.1,83.1,23.8,10,471.4,304.9,37.3,Low-End,Moderate,West Bengal
Pruning,ResNet18,Healthcare,84.2,83,30.7,13.1,158.1,100,26.9,Mid-Range,Good,Madhya Pradesh
Quantization,ResNet18,Healthcare,83.2,81.9,24.2,11.4,414.8,285.8,33.4,Low-End,Moderate,West Bengal
Knowledge Distillation,SqueezeNet,Education,84.4,83.2,58,22.8,474.9,258.7,22.5,Mid-Range,Poor,Uttar Pradesh
Weight Sharing,MobileNet,Healthcare,87.3,86.4,69.1,40.3,238.8,182.6,14.3,Mid-Range,Good,Jharkhand
Pruning,SqueezeNet,Agriculture,86,85.4,19,7.4,346.1,208.3,30.7,Mid-Range,Moderate,Madhya Pradesh
Quantization,ResNet50,Education,87.1,84.4,96.7,56.7,598.4,369.2,33.2,Low-End,Moderate,Tamil Nadu
Knowledge Distillation,ResNet18,Healthcare,87.4,86.4,34.2,10.6,163.7,91.8,10.2,Low-End,Good,Andhra Pradesh
Weight Sharing,MobileNetV2,Education,91.2,90.3,61,23.8,384.5,192.3,38.2,Mid-Range,Poor,Jharkhand
Pruning,SqueezeNet,Healthcare,88.3,86.9,60,21.2,594.3,418.5,31.7,Low-End,Poor,Madhya Pradesh
Quantization,EfficientNet,Education,90,88.3,63.4,44.3,321.5,174.3,15.6,Mid-Range,Good,Jharkhand
Knowledge Distillation,EfficientNet,Education,87.6,86,30.4,18.7,505.4,370.1,16.1,Mid-Range,Moderate,Andhra Pradesh
Weight Sharing,MobileNetV2,Education,86.5,85.1,29.7,14.9,283.6,174.1,26.2,Mid-Range,Good,Assam
Pruning,MobileNet,Healthcare,88.2,87.2,61.1,31.1,418.9,318.2,25.8,Low-End,Poor,Madhya Pradesh
Quantization,ResNet18,Agriculture,89.4,87.5,95.9,50.5,357.2,223.2,27.7,Low-End,Moderate,Madhya Pradesh
Knowledge Distillation,ResNet50,Agriculture,89.7,88.6,72.6,24.7,519.7,412,22.5,Low-End,Good,Tamil Nadu
Weight Sharing,MobileNetV2,Agriculture,83.6,81.4,91.5,49.6,184.9,122.5,24.4,Mid-Range,Moderate,Odisha
Pruning,ResNet18,Education,88.6,86.4,43.1,23.3,155,100.7,13.3,Low-End,Poor,Manipur
Quantization,MobileNet,Healthcare,86.1,84.5,44,15.2,411.6,218.1,30.5,Low-End,Poor,Manipur
Knowledge Distillation,ResNet50,Education,93,90.9,28.4,12.6,526.3,412.4,31.2,Mid-Range,Moderate,Jharkhand
Weight Sharing,EfficientNet,Healthcare,86.3,85.6,81.8,27.1,570,289.7,29.4,Mid-Range,Moderate,Assam
Pruning,ResNet50,Education,84.8,83.6,38.8,19.3,441.8,294.7,19.9,Mid-Range,Good,Odisha
Quantization,MobileNetV2,Agriculture,85.7,83.8,18.3,12.2,456.6,317.9,36.3,Low-End,Poor,Madhya Pradesh
Knowledge Distillation,EfficientNet,Education,83,81.2,60.7,31,247.3,154.9,11,Mid-Range,Poor,Manipur
Weight Sharing,MobileNetV2,Agriculture,93.1,91.7,30.8,21,515.4,384.8,22.1,Mid-Range,Moderate,Bihar
Pruning,ResNet18,Healthcare,92.6,90.9,97,40,453.7,295.5,13.9,Mid-Range,Moderate,Bihar
Quantization,MobileNetV2,Education,83.4,82.6,72.8,43.2,165.2,114.3,19.6,Low-End,Moderate,Assam
Knowledge Distillation,MobileNet,Agriculture,83.5,81.6,93.5,57.2,369,247.4,35.3,Low-End,Poor,Bihar
Weight Sharing,SqueezeNet,Healthcare,85.7,82.9,20.7,11.3,242.1,139.6,18.6,Low-End,Poor,Odisha
Pruning,ResNet18,Agriculture,87.7,85.8,73.9,39,402.6,260.1,22.4,Low-End,Good,West Bengal
Quantization,MobileNet,Education,83.1,81.3,39.7,25,421.4,336,39.1,Low-End,Moderate,Chhattisgarh
Knowledge Distillation,SqueezeNet,Agriculture,93.2,91.8,70.2,45.1,381.8,260.1,13.5,Mid-Range,Moderate,Manipur
Weight Sharing,EfficientNet,Agriculture,85,84.4,28.3,14.8,498.4,390.5,14.5,Low-End,Good,Assam
Pruning,ResNet18,Healthcare,91.6,90.5,77.7,47.4,184.1,130.5,13.4,Mid-Range,Poor,West Bengal
Quantization,ResNet50,Healthcare,90.8,88.6,68.3,34.9,341.7,233.7,27.9,Mid-Range,Poor,Manipur
Knowledge Distillation,EfficientNet,Healthcare,86.1,84.1,53.7,25.7,505.1,396.3,33.4,Low-End,Good,Assam
Weight Sharing,ResNet50,Agriculture,84.6,83.2,52.4,31.2,303.4,180.5,39.6,Low-End,Poor,Odisha
Pruning,MobileNet,Agriculture,88.1,85.1,31.2,12.2,363.4,224.4,32.5,Mid-Range,Good,Uttar Pradesh
Quantization,EfficientNet,Agriculture,85.2,83.6,68.8,25,455.3,318.6,34.3,Low-End,Poor,Bihar
Knowledge Distillation,ResNet18,Agriculture,90.6,88.4,9.2,3.9,228.5,182.3,18.2,Mid-Range,Moderate,West Bengal
Weight Sharing,ResNet18,Healthcare,86.6,85.4,88.3,45.2,481.4,350.8,23.8,Mid-Range,Good,Assam
Pruning,ResNet50,Agriculture,86.2,83.7,85.5,44.4,399.5,202.5,36.7,Mid-Range,Moderate,Chhattisgarh
Quantization,EfficientNet,Agriculture,84.5,84,68.5,43.5,457.5,261.1,26.6,Low-End,Good,West Bengal
Knowledge Distillation,MobileNetV2,Education,87.6,86.9,29.3,18.3,452.4,282,34.7,Low-End,Good,Manipur
Weight Sharing,MobileNetV2,Education,87.7,86.3,35.5,24.3,544,413.6,10.5,Mid-Range,Good,Odisha
Pruning,MobileNet,Agriculture,84.2,83,71.1,27.1,290.6,232.4,26,Low-End,Moderate,Uttar Pradesh
Quantization,MobileNetV2,Education,92.6,91.1,38.2,13.3,575.6,340.2,33.8,Low-End,Poor,West Bengal
Knowledge Distillation,ResNet18,Education,84.3,81.7,88.8,34.7,164.9,93.4,31.6,Low-End,Poor,Andhra Pradesh
Weight Sharing,ResNet18,Agriculture,91.6,90.4,44.7,30.7,447.1,238.6,14.3,Low-End,Moderate,Odisha
Pruning,MobileNetV2,Healthcare,84.4,81.5,83.8,57.1,579.7,371.3,19.1,Mid-Range,Poor,Madhya Pradesh
Quantization,MobileNet,Agriculture,93.2,91.8,39.2,16.5,358.7,221,32.6,Mid-Range,Poor,Uttar Pradesh
Knowledge Distillation,SqueezeNet,Healthcare,85.3,84,11.4,4.1,527.7,333.3,11.9,Mid-Range,Good,Chhattisgarh
Weight Sharing,MobileNet,Healthcare,85.2,83.9,81.2,53.5,420.3,307.8,35.5,Low-End,Good,Andhra Pradesh
Pruning,MobileNet,Agriculture,87.7,85.5,14.2,4.8,556.8,412.7,39.3,Mid-Range,Good,Odisha
Quantization,MobileNetV2,Healthcare,88.5,88,46.5,23.8,592,338.6,39.1,Low-End,Moderate,West Bengal
Knowledge Distillation,SqueezeNet,Agriculture,91.9,89.5,63.6,41.3,403.3,236.3,39.1,Low-End,Moderate,West Bengal
Weight Sharing,SqueezeNet,Education,88.4,86.4,5.7,3.6,538.9,383.8,23.3,Mid-Range,Poor,Assam
Pruning,MobileNetV2,Healthcare,94,93.1,62.4,19.7,354.1,242.8,21.3,Mid-Range,Poor,Odisha
Quantization,SqueezeNet,Agriculture,90.1,88.9,39.6,17.1,549.1,309.9,24.2,Mid-Range,Moderate,Bihar
Knowledge Distillation,MobileNet,Healthcare,87.8,87.2,76.9,40.8,557.5,360.2,23.7,Mid-Range,Moderate,West Bengal
Weight Sharing,MobileNetV2,Healthcare,88.6,86.8,20.4,9.9,341.9,247.4,39.4,Low-End,Poor,Madhya Pradesh
Pruning,ResNet50,Healthcare,90.9,89.1,12,4.9,362.8,230,31.9,Mid-Range,Good,Chhattisgarh
Quantization,SqueezeNet,Education,91.8,90.3,32.7,17.2,344.4,251,18.6,Low-End,Good,Manipur
Knowledge Distillation,SqueezeNet,Healthcare,89.3,86.4,56,37.2,170.2,108.3,33.6,Mid-Range,Poor,Manipur
Weight Sharing,SqueezeNet,Healthcare,85.8,83.9,12.4,5.6,542.7,309.6,21.2,Low-End,Moderate,Rajasthan
Pruning,ResNet18,Agriculture,88,87.1,54.5,32,457.7,290.3,13.3,Mid-Range,Moderate,Chhattisgarh
Quantization,EfficientNet,Agriculture,86.5,83.7,38.9,12.8,542.6,291.8,31,Mid-Range,Good,Chhattisgarh
Knowledge Distillation,EfficientNet,Healthcare,88.1,85.8,84.1,28.3,536.1,329,35.9,Mid-Range,Poor,Assam
Weight Sharing,MobileNet,Education,87.9,86.4,13.2,7.7,420.5,291.2,38.6,Low-End,Moderate,Madhya Pradesh
Pruning,EfficientNet,Healthcare,92.5,91.4,51.5,28.3,528.3,325.9,25.6,Low-End,Good,West Bengal
Quantization,MobileNetV2,Education,85.1,84.3,96.8,59.1,417.5,302.5,34,Low-End,Poor,Assam
Knowledge Distillation,ResNet50,Education,93.4,91.8,76.1,29.7,331.4,225.5,13.9,Mid-Range,Good,Bihar
Weight Sharing,EfficientNet,Education,89.7,87.8,6,3.4,438.5,250.1,39.8,Mid-Range,Good,Uttar Pradesh
Pruning,MobileNet,Healthcare,87.9,86.6,13.6,4.1,376.6,256.1,39.8,Mid-Range,Good,West Bengal
Quantization,EfficientNet,Education,91.5,88.9,6.3,3.7,214.2,130.1,26.8,Low-End,Poor,Tamil Nadu
Knowledge Distillation,MobileNet,Education,91.6,89.3,54.4,23.7,464.2,305.2,13.9,Mid-Range,Poor,West Bengal
Weight Sharing,MobileNet,Healthcare,86.4,84,50.2,24.7,218.4,129.5,24.5,Mid-Range,Poor,Rajasthan
Pruning,SqueezeNet,Healthcare,87.6,86,59,30.3,248.5,158.2,14.1,Mid-Range,Moderate,Andhra Pradesh
Quantization,MobileNet,Healthcare,84.8,82.8,24.5,16.9,546.2,403.4,34.9,Low-End,Moderate,Madhya Pradesh
Knowledge Distillation,MobileNetV2,Agriculture,87.6,85,19.5,12.8,205.5,158.4,38.9,Mid-Range,Good,Uttar Pradesh
Weight Sharing,ResNet18,Healthcare,90,89.3,74.4,52,411.3,318.4,22.8,Mid-Range,Good,Chhattisgarh
Pruning,ResNet50,Healthcare,86.6,83.7,24.3,9.8,206.1,122.5,30.4,Low-End,Poor,Andhra Pradesh
Quantization,MobileNet,Agriculture,88.9,87.4,22.5,15.6,470.6,372.6,11.1,Mid-Range,Moderate,Rajasthan
Knowledge Distillation,ResNet50,Agriculture,88.4,86.5,21.9,7.3,543.7,302.2,35.3,Mid-Range,Good,Madhya Pradesh
Weight Sharing,ResNet18,Education,85.4,84.1,67.5,38.4,432.6,275.9,11.6,Low-End,Poor,Jharkhand
Pruning,MobileNet,Education,88.6,88.1,83.4,27.2,320.7,223.8,32.6,Low-End,Moderate,Andhra Pradesh
Quantization,ResNet18,Agriculture,89.1,86.2,49.2,15.9,422.7,308,28.4,Low-End,Moderate,Odisha
Knowledge Distillation,SqueezeNet,Education,84.7,82.9,43.8,20.1,590.3,307.9,24.9,Mid-Range,Moderate,Assam
Weight Sharing,MobileNet,Agriculture,84,82.4,65.9,34,377,242.8,28.2,Low-End,Moderate,Assam
Pruning,MobileNetV2,Healthcare,85,84.2,67.1,21,288.2,178.7,39.7,Low-End,Moderate,Uttar Pradesh
Quantization,SqueezeNet,Healthcare,87.1,84.2,56.5,33.7,302.5,213.9,10,Mid-Range,Moderate,Bihar
Knowledge Distillation,MobileNet,Agriculture,89.6,88.2,82,45.6,259.4,136.1,36,Mid-Range,Moderate,Tamil Nadu
Weight Sharing,ResNet50,Healthcare,91,88.7,97.4,40.2,295.9,164.3,29.5,Mid-Range,Poor,Manipur
Pruning,MobileNetV2,Healthcare,86.1,85.4,20,6.6,423.8,315.8,23.4,Mid-Range,Moderate,Tamil Nadu
Quantization,SqueezeNet,Healthcare,86.2,84,19.7,10.7,363.4,256.4,20.5,Mid-Range,Good,Odisha
Knowledge Distillation,MobileNet,Education,89.7,87.6,77.3,50.7,167.6,107.1,38.2,Mid-Range,Moderate,Tamil Nadu
Weight Sharing,ResNet50,Agriculture,87.8,86.4,43.3,15.7,217.8,115.3,20.1,Low-End,Good,Madhya Pradesh
Pruning,MobileNetV2,Healthcare,88.7,87.3,65.9,32.3,420.4,286,12.2,Low-End,Moderate,Rajasthan
Quantization,SqueezeNet,Agriculture,88.2,85.7,80.2,27.5,558.3,350.1,21.4,Low-End,Good,Andhra Pradesh
Knowledge Distillation,EfficientNet,Agriculture,88.3,86.2,36.8,25.2,199.3,101.5,29.2,Mid-Range,Poor,Odisha
Weight Sharing,ResNet50,Education,87.5,86.5,38.4,17.5,570.9,413.9,27.1,Low-End,Poor,Chhattisgarh
Pruning,SqueezeNet,Agriculture,93.9,91.4,32.6,10,181.2,103,17.4,Low-End,Moderate,Bihar
Quantization,ResNet18,Education,83.7,82.3,50,33.3,209.1,157,16.7,Mid-Range,Good,Chhattisgarh
Knowledge Distillation,MobileNet,Healthcare,84.6,82.9,33.1,17.3,446.8,236.5,14.3,Mid-Range,Poor,Tamil Nadu
Weight Sharing,ResNet50,Education,89.7,87.4,11.6,8,513.4,322.1,33.2,Mid-Range,Poor,West Bengal
Pruning,ResNet50,Agriculture,86.5,85.7,66.2,21.3,379.9,281.5,16.6,Mid-Range,Good,Jharkhand
Quantization,EfficientNet,Education,93,91.2,44,21.2,324.6,202.1,25.3,Mid-Range,Moderate,Odisha
Knowledge Distillation,ResNet18,Education,84.2,83.4,12.5,7.4,450.5,356.5,11.3,Mid-Range,Moderate,Jharkhand
Weight Sharing,MobileNetV2,Agriculture,89.2,86.5,96.1,44.5,489.9,337.8,10.5,Low-End,Good,Odisha
Pruning,EfficientNet,Agriculture,89.8,87.1,33.1,11.1,543.6,397.9,39.3,Low-End,Good,Chhattisgarh
Quantization,ResNet50,Healthcare,91.2,89.4,21.4,8.1,464.9,300.7,31.9,Mid-Range,Poor,Bihar
Knowledge Distillation,MobileNet,Agriculture,90.4,89.9,35.9,19.6,337.6,175.9,25.1,Mid-Range,Good,Rajasthan
Weight Sharing,SqueezeNet,Education,92.6,90.9,30.1,16.5,474,352.2,19.3,Low-End,Good,Andhra Pradesh
Pruning,ResNet50,Education,92,89.6,79.9,32.2,193.9,104.2,32.2,Low-End,Moderate,Rajasthan
Quantization,ResNet18,Healthcare,85.1,82.9,85.6,28.9,539.9,300.1,11.2,Low-End,Good,Odisha
Knowledge Distillation,EfficientNet,Agriculture,86.1,83.2,76.1,41.6,391.3,237.7,10,Low-End,Poor,Andhra Pradesh
Weight Sharing,EfficientNet,Education,84.7,83.9,98.8,40.9,429.8,259.6,20.5,Mid-Range,Good,West Bengal
Pruning,ResNet50,Education,89,87.2,63,41.5,270.9,156.6,19.1,Low-End,Good,Jharkhand
Quantization,MobileNet,Healthcare,90.6,89.4,48.8,18.5,154.3,115.3,29.2,Low-End,Poor,Assam
Knowledge Distillation,SqueezeNet,Agriculture,85.7,84.5,28.7,15.4,564.6,392.3,27.6,Low-End,Good,Chhattisgarh
Weight Sharing,ResNet18,Healthcare,87.3,84.8,70.1,34.8,386.2,233.1,21.1,Mid-Range,Moderate,Odisha
Pruning,MobileNetV2,Healthcare,89.7,87.4,71.2,33.6,466.2,330,33.7,Mid-Range,Good,Tamil Nadu
Quantization,EfficientNet,Agriculture,92.9,90.8,26.1,18.1,547.8,388,24.9,Mid-Range,Moderate,Manipur
Knowledge Distillation,SqueezeNet,Healthcare,83.8,82.7,66,46.2,358.6,258.2,26.5,Mid-Range,Poor,Tamil Nadu
Weight Sharing,EfficientNet,Agriculture,84.4,82.7,6.4,2,315.3,245.4,23.1,Low-End,Good,Tamil Nadu
Pruning,SqueezeNet,Healthcare,90.7,88,61.3,23.1,474.1,348.7,26.5,Low-End,Poor,Odisha
Quantization,SqueezeNet,Healthcare,86.5,84.2,23.1,15.1,505.1,347.2,37.4,Low-End,Good,Rajasthan
Knowledge Distillation,ResNet50,Agriculture,92.4,89.7,98.7,37.4,327.8,181.2,20,Low-End,Moderate,Assam
Weight Sharing,MobileNetV2,Healthcare,90.3,89.2,31.2,11,550.6,413.4,11.3,Mid-Range,Moderate,Madhya Pradesh
Pruning,ResNet18,Education,92.5,91.9,6.1,4,518.4,351.9,32.6,Low-End,Moderate,Bihar
Quantization,MobileNet,Education,83.1,80.5,75.4,26.2,236.1,129.9,23.1,Low-End,Poor,West Bengal
Knowledge Distillation,ResNet18,Education,89.8,88,44.7,21.4,504.3,301.7,15.4,Low-End,Poor,Assam
Weight Sharing,SqueezeNet,Agriculture,87.7,85.9,78.1,38.5,417,325.7,37.3,Mid-Range,Moderate,Tamil Nadu
Pruning,ResNet18,Education,88.4,86.9,67.5,41.7,164.5,100.9,35,Low-End,Poor,West Bengal
Quantization,SqueezeNet,Healthcare,89.5,88.7,24.1,10.2,375.3,264.1,16.8,Low-End,Poor,Odisha
Knowledge Distillation,SqueezeNet,Education,88.2,85.9,32.7,21.3,441.4,275.7,20.2,Low-End,Moderate,Rajasthan
Weight Sharing,MobileNet,Education,89.3,88.6,32.4,15.8,475.7,324.9,19.9,Low-End,Moderate,Chhattisgarh
Pruning,ResNet18,Education,93.2,91,34.1,11.6,592.1,338.7,23.5,Low-End,Poor,Rajasthan
Quantization,ResNet18,Agriculture,93.1,90.6,74.2,47.2,179.9,111.8,19.6,Low-End,Poor,Bihar
Knowledge Distillation,MobileNet,Education,91,89.6,72.4,49.2,383.2,257.6,20.5,Mid-Range,Moderate,Rajasthan
Weight Sharing,MobileNetV2,Education,89.2,88.5,80.3,34.4,432.1,328.3,35,Mid-Range,Moderate,Manipur
Pruning,MobileNet,Healthcare,91.4,88.6,94,28.8,369.6,265.6,11.9,Low-End,Moderate,Manipur
Quantization,MobileNet,Agriculture,92,90.5,27,9.5,193,151,34.9,Mid-Range,Good,Rajasthan
Knowledge Distillation,SqueezeNet,Healthcare,83.2,82,85,43,520.1,385,32.6,Low-End,Poor,Chhattisgarh
Weight Sharing,MobileNetV2,Education,93.6,91.8,18.4,7.6,598.7,474.9,28,Mid-Range,Moderate,Madhya Pradesh
Pruning,SqueezeNet,Agriculture,87.3,86.1,85.4,35.6,240.4,137.3,39.9,Mid-Range,Moderate,Bihar
Quantization,MobileNetV2,Agriculture,86.3,84.2,95.1,49.9,491.4,309.5,37.1,Low-End,Poor,Assam
Knowledge Distillation,MobileNet,Healthcare,92.9,90.2,65.5,39.6,479.8,323.9,36,Low-End,Good,Odisha
Weight Sharing,MobileNet,Agriculture,90.3,88.7,57.3,37.4,492,363.4,23.2,Low-End,Good,Tamil Nadu
Pruning,ResNet18,Education,90.6,89.5,59,23.5,490.2,384.1,30.6,Mid-Range,Poor,Assam
Quantization,MobileNet,Education,85,83,12.9,6.8,594.6,369.3,35.9,Low-End,Moderate,Chhattisgarh
Knowledge Distillation,ResNet50,Education,84.3,82.3,36.6,12.1,465,287.8,34.5,Low-End,Moderate,Assam
Weight Sharing,EfficientNet,Agriculture,86.4,83.7,48.6,30.9,587,433.2,34.6,Mid-Range,Good,Uttar Pradesh
Pruning,ResNet18,Education,91.6,90.7,49.8,24.3,570.4,402,39.1,Low-End,Poor,Manipur
Quantization,EfficientNet,Education,86.9,84.5,7.7,4.4,157.8,79,25.3,Mid-Range,Good,West Bengal
Knowledge Distillation,EfficientNet,Healthcare,91,89.5,96,62.9,472.8,353.4,39.2,Low-End,Moderate,Chhattisgarh
Weight Sharing,ResNet18,Agriculture,85.5,82.6,14,7.3,431.7,316.4,30.6,Low-End,Moderate,Madhya Pradesh
Pruning,EfficientNet,Agriculture,91.4,90.7,47.6,21.2,470.4,355.9,24.8,Mid-Range,Moderate,Tamil Nadu
Quantization,ResNet18,Education,89.7,88.2,41.5,22.1,506.1,294,34,Low-End,Moderate,Manipur
Knowledge Distillation,MobileNetV2,Agriculture,93.2,91.5,60.7,21.5,325.6,166.3,36.9,Low-End,Good,Chhattisgarh
Weight Sharing,ResNet50,Healthcare,91,88.2,35.6,11.3,540.3,301,27.4,Mid-Range,Poor,Tamil Nadu
Pruning,MobileNet,Agriculture,93.7,91.6,56.1,17.4,382.8,254.3,15.6,Mid-Range,Good,Jharkhand
Quantization,MobileNetV2,Healthcare,89.3,87.5,95.3,43.4,540.4,306.2,29.9,Low-End,Good,West Bengal
Knowledge Distillation,EfficientNet,Healthcare,93.6,92.2,5.4,1.7,186.1,144.7,15.5,Low-End,Moderate,Odisha
Weight Sharing,ResNet18,Healthcare,88,85.5,71.5,39.1,586.1,436.7,28.6,Low-End,Moderate,Andhra Pradesh
Pruning,ResNet50,Education,87.3,85.6,77.8,44.9,499.3,301.2,23.1,Mid-Range,Moderate,Manipur
Quantization,SqueezeNet,Education,85.3,82.4,46.9,19.3,397.5,231.7,12,Low-End,Moderate,Uttar Pradesh
Knowledge Distillation,EfficientNet,Agriculture,84,81.4,17.3,5.4,235.7,187,23.7,Low-End,Good,Chhattisgarh
Weight Sharing,ResNet18,Education,89.1,86.3,32.8,10.8,389.4,256.6,39.9,Low-End,Moderate,Tamil Nadu
Pruning,SqueezeNet,Healthcare,86.8,85.3,24.9,10.4,220.8,169.9,27.7,Low-End,Poor,Uttar Pradesh
Quantization,SqueezeNet,Education,85.9,83,91.9,40.7,458.7,320.5,34.7,Low-End,Poor,Odisha
Knowledge Distillation,ResNet18,Agriculture,88.7,85.9,54.7,35.6,181,129.2,31.3,Low-End,Poor,Odisha
Weight Sharing,MobileNet,Healthcare,84.2,82.7,24,10.4,520.2,331.8,32.8,Low-End,Moderate,Jharkhand
Pruning,MobileNetV2,Education,92.3,90.5,64.8,33,541.1,429.4,22.8,Low-End,Moderate,Manipur
Quantization,MobileNetV2,Education,92.3,91.1,55.3,21.9,506,301,16.8,Mid-Range,Good,Odisha
Knowledge Distillation,ResNet18,Agriculture,91.8,90.4,25.3,14.8,167.2,112.5,32.2,Mid-Range,Moderate,Uttar Pradesh
Weight Sharing,MobileNet,Agriculture,91.7,90.4,78.3,33.9,290.1,222.3,16,Low-End,Moderate,Rajasthan
Pruning,MobileNet,Agriculture,90.6,88.3,71.6,28.7,330.5,248.3,37.5,Low-End,Moderate,Tamil Nadu
Quantization,MobileNetV2,Agriculture,87.2,86.7,61.7,27.9,441.8,311.7,11.4,Low-End,Good,Madhya Pradesh
Knowledge Distillation,SqueezeNet,Education,85.7,84.6,55.1,25,233.4,140.5,37.4,Mid-Range,Poor,Assam
Weight Sharing,SqueezeNet,Healthcare,91.7,90.7,16.5,10.2,150.2,115.1,17,Mid-Range,Good,Andhra Pradesh
Pruning,SqueezeNet,Agriculture,85.1,83.8,56.3,28.3,410.3,312.3,32.5,Mid-Range,Moderate,Tamil Nadu
Quantization,EfficientNet,Healthcare,86.9,84.7,57,25.8,199.5,118.8,22.3,Low-End,Moderate,Rajasthan
Knowledge Distillation,ResNet50,Healthcare,87.1,86.6,39.4,16.7,244,186.4,15,Mid-Range,Good,Odisha
Weight Sharing,MobileNetV2,Healthcare,89.4,87.7,93.2,59.4,350.9,232.2,35.6,Low-End,Good,Bihar
Pruning,ResNet50,Healthcare,87.8,86.1,98.8,49.6,162.4,104.7,22.3,Low-End,Poor,Uttar Pradesh
Quantization,EfficientNet,Education,87.4,86.9,22.7,8.7,307.7,162,20.4,Mid-Range,Poor,Chhattisgarh
Knowledge Distillation,MobileNetV2,Agriculture,90.7,89.9,36.2,16.3,314.3,231.5,32.6,Low-End,Good,Chhattisgarh
Weight Sharing,MobileNet,Healthcare,91.5,89.6,48.5,19.1,369.2,253.7,35,Mid-Range,Moderate,Madhya Pradesh
Pruning,SqueezeNet,Education,83.7,81.2,61,28,207.9,105.6,29.8,Low-End,Good,Chhattisgarh
Quantization,ResNet18,Agriculture,89.9,89.3,27.1,16.4,193.3,101.5,19.3,Mid-Range,Good,Jharkhand
Knowledge Distillation,SqueezeNet,Education,83.1,80.7,39.3,23.3,272.2,159.6,31.7,Low-End,Good,Jharkhand
Weight Sharing,SqueezeNet,Education,90.6,88.7,77.4,46.2,579.8,377.9,34.2,Mid-Range,Moderate,Chhattisgarh
Pruning,MobileNet,Healthcare,87.7,85.1,26,14.3,568.2,369.6,38.7,Mid-Range,Moderate,West Bengal
Quantization,ResNet18,Education,86,84.3,30.9,13.3,386.2,260.2,22.9,Low-End,Moderate,Odisha
Knowledge Distillation,ResNet18,Agriculture,91.7,89.1,46.5,15.5,282.9,181,21.2,Low-End,Moderate,Uttar Pradesh
Weight Sharing,ResNet50,Agriculture,88.5,87.8,90.1,50.4,542.7,429.4,38.8,Mid-Range,Good,West Bengal
Pruning,MobileNet,Education,90.2,89.1,42.1,14.2,217,136.8,35.2,Low-End,Moderate,Manipur
Quantization,EfficientNet,Agriculture,93,91.6,91.2,61.3,546.1,435.9,34.4,Low-End,Poor,Assam
Knowledge Distillation,MobileNet,Healthcare,90.7,89.7,87.6,56.2,534.6,277.8,16.2,Mid-Range,Moderate,Bihar
Weight Sharing,EfficientNet,Healthcare,89.4,86.5,13.4,8.7,328.1,225.7,37.3,Mid-Range,Good,West Bengal
Pruning,EfficientNet,Agriculture,92.5,90.8,30.5,14,287.7,162.3,24.6,Mid-Range,Good,Tamil Nadu
Quantization,ResNet18,Education,93.6,91.6,63.2,39.3,442.6,304.3,17,Mid-Range,Good,Assam
Knowledge Distillation,MobileNetV2,Healthcare,85.8,83.8,32.6,16.1,497,296.5,29,Low-End,Poor,Jharkhand
Weight Sharing,EfficientNet,Agriculture,86.5,85.1,25.7,16.3,239.1,182.7,10,Low-End,Good,Jharkhand
Pruning,ResNet18,Healthcare,93.1,90.9,31,9.6,433,307.6,16.4,Low-End,Poor,West Bengal
Quantization,EfficientNet,Agriculture,86.1,84.6,32.4,21.2,485.5,348.2,17.8,Mid-Range,Poor,Assam
Knowledge Distillation,MobileNetV2,Healthcare,87.2,85.5,24.3,9.4,569,379.6,32.6,Mid-Range,Poor,West Bengal
Weight Sharing,ResNet18,Healthcare,93.6,91.2,35.2,15.8,213.9,166.7,19.3,Mid-Range,Good,Jharkhand
Pruning,MobileNetV2,Healthcare,91.4,90,69.6,29.4,515.5,372.4,39.7,Low-End,Good,Chhattisgarh
Quantization,EfficientNet,Education,92.6,91,13.6,8.4,471.9,329.4,15.7,Low-End,Moderate,Andhra Pradesh
Knowledge Distillation,SqueezeNet,Education,86.8,86.1,96.7,30.3,156.2,91.2,22.7,Low-End,Good,Uttar Pradesh
Weight Sharing,ResNet50,Healthcare,89.5,88.6,88.1,36.2,579.8,349.6,11.9,Low-End,Good,Rajasthan
Pruning,ResNet18,Education,93.2,92,94.6,34.5,559.6,434.8,21.4,Low-End,Poor,Andhra Pradesh
Quantization,SqueezeNet,Education,83.3,81.7,15.6,10,481.9,267.5,19.1,Low-End,Good,Manipur
Knowledge Distillation,ResNet50,Agriculture,90.9,89.1,81.8,41.7,175.2,135.1,15.1,Mid-Range,Good,Madhya Pradesh
Weight Sharing,ResNet18,Agriculture,83.2,81.8,24.3,7.8,338.9,177.6,21.9,Mid-Range,Moderate,Madhya Pradesh
Pruning,ResNet18,Education,93.9,91.6,69.6,28,363.3,275.1,10.7,Low-End,Moderate,Rajasthan
Quantization,MobileNet,Education,86.8,84.7,25.7,10.2,478.2,364.2,30.8,Low-End,Poor,West Bengal
Knowledge Distillation,EfficientNet,Healthcare,84,82.5,14.1,4.5,445.1,321.5,21.5,Low-End,Good,Manipur
Weight Sharing,ResNet18,Healthcare,83.4,81.6,44,27.7,429,293.5,21.8,Low-End,Poor,Uttar Pradesh
Pruning,MobileNetV2,Education,88.8,86.8,72.2,22.2,429.4,311.5,11.8,Low-End,Poor,Odisha
Quantization,ResNet50,Agriculture,88.3,87.7,9.5,3.2,502.9,368.1,18.1,Low-End,Good,West Bengal
Knowledge Distillation,EfficientNet,Agriculture,92.2,90.5,74.7,26.3,380.4,223.2,39.9,Low-End,Good,Jharkhand
Weight Sharing,MobileNetV2,Healthcare,89.2,87.3,38.6,22,170.4,118.7,33.8,Mid-Range,Moderate,Tamil Nadu
Pruning,SqueezeNet,Healthcare,88,87.1,39.7,27,544.5,344.9,13.9,Low-End,Moderate,Andhra Pradesh
Quantization,ResNet18,Healthcare,93.3,90.8,67.3,32.6,454.6,321.5,17.9,Mid-Range,Good,Manipur
Knowledge Distillation,EfficientNet,Agriculture,83.8,82.5,33.9,19.6,445.3,246.9,19.7,Mid-Range,Moderate,Andhra Pradesh
Weight Sharing,EfficientNet,Healthcare,85.4,82.7,61.8,31.8,162.4,121.4,33.5,Mid-Range,Poor,West Bengal
Pruning,MobileNet,Agriculture,90.8,88.8,83.2,28,196.2,118.7,14.9,Low-End,Good,Rajasthan
Quantization,SqueezeNet,Agriculture,89.5,88,77.6,52.8,217.9,124.6,33.2,Low-End,Good,Bihar
Knowledge Distillation,SqueezeNet,Education,91.5,90.5,96,47.6,260.3,153.1,21.6,Mid-Range,Poor,Rajasthan
Weight Sharing,SqueezeNet,Healthcare,85.2,83.4,44.1,24.8,374.7,271.9,13.5,Mid-Range,Moderate,Odisha
Pruning,EfficientNet,Healthcare,83.9,82.7,55.3,38.6,570.5,395.4,33.7,Low-End,Moderate,Andhra Pradesh
Quantization,MobileNet,Education,87.3,85.8,16,7.7,168.6,94,23.4,Mid-Range,Moderate,Chhattisgarh
Knowledge Distillation,ResNet50,Healthcare,92.9,90.2,74.5,46.8,271.1,174.5,33.2,Low-End,Good,Rajasthan
Weight Sharing,ResNet18,Education,90.6,89.4,53.9,18.4,167.4,132.9,34.7,Mid-Range,Moderate,Bihar
Pruning,MobileNet,Agriculture,86.2,84.1,95,54.3,360.5,183.5,20.1,Mid-Range,Poor,Uttar Pradesh
Quantization,ResNet18,Healthcare,84.4,81.9,9.7,6.7,472.7,356.1,39.7,Mid-Range,Moderate,Chhattisgarh
Knowledge Distillation,ResNet18,Healthcare,92.2,89.5,72.7,46.2,327.1,178.3,34.2,Mid-Range,Poor,Bihar
Weight Sharing,ResNet50,Healthcare,86.7,84.4,37.7,17.9,240.9,137.9,32.3,Mid-Range,Poor,Tamil Nadu
Pruning,ResNet18,Healthcare,89.3,86.5,91.5,62.6,278.1,182.4,19.3,Low-End,Poor,Chhattisgarh
Quantization,EfficientNet,Agriculture,86.1,85.4,86.2,42.2,170.7,118.6,38.6,Mid-Range,Poor,Assam
Knowledge Distillation,SqueezeNet,Agriculture,86.7,84.6,31.2,13.4,457.8,274.6,27.2,Mid-Range,Moderate,Assam
Weight Sharing,EfficientNet,Healthcare,92.7,90.4,93,47.8,568,358.6,35.6,Mid-Range,Poor,Andhra Pradesh
Pruning,MobileNet,Education,91.3,89.3,21.5,13.1,372.9,191.8,14.7,Low-End,Moderate,Assam
Quantization,ResNet50,Agriculture,85.3,83.3,45.8,22.1,476.1,379.5,11.2,Low-End,Moderate,Andhra Pradesh
Knowledge Distillation,MobileNet,Healthcare,93.6,91,96.3,34.5,484.2,375,33.9,Low-End,Moderate,Tamil Nadu
Weight Sharing,MobileNet,Healthcare,83.8,81.9,47.2,16.4,158.4,114.7,35.5,Low-End,Good,Madhya Pradesh
Pruning,ResNet18,Healthcare,91.7,89.8,77.8,26.2,225.5,129.3,14.3,Mid-Range,Poor,Jharkhand
Quantization,MobileNetV2,Education,84.1,81.6,90.7,53.2,464.4,355.3,23.5,Mid-Range,Good,Odisha
Knowledge Distillation,ResNet50,Agriculture,92.2,91.1,47.9,14.5,416.7,256.1,17.4,Low-End,Poor,Jharkhand
Weight Sharing,EfficientNet,Education,88.2,86.2,19.5,9.5,230.4,170,23.8,Low-End,Poor,Jharkhand
Pruning,MobileNetV2,Healthcare,87.4,85.8,84.2,52.3,560.3,386.1,11.8,Low-End,Poor,Madhya Pradesh
Quantization,SqueezeNet,Healthcare,83.5,82,24.4,15.4,442.2,267.5,26.5,Mid-Range,Moderate,Odisha
Knowledge Distillation,MobileNet,Agriculture,89.3,87.1,54.2,22,389.9,205.8,38.8,Mid-Range,Good,Uttar Pradesh
Weight Sharing,ResNet50,Healthcare,90.8,89.9,94.9,60.4,321.1,236.6,12.4,Low-End,Good,Madhya Pradesh
Pruning,SqueezeNet,Education,85.5,82.9,73.7,35.1,486.5,315.4,24.5,Mid-Range,Good,Bihar
Quantization,MobileNetV2,Education,91,89.8,99.9,56.9,584.8,407.4,38.2,Low-End,Poor,Tamil Nadu
Knowledge Distillation,MobileNetV2,Agriculture,84.8,83,31.8,18.7,497.1,323.9,18.6,Mid-Range,Moderate,Manipur
Weight Sharing,SqueezeNet,Education,93.2,91.9,25.9,17.6,154.7,117.7,16.7,Low-End,Good,Andhra Pradesh
Pruning,SqueezeNet,Healthcare,85,82.4,85,31.1,453.7,312.4,19.4,Mid-Range,Moderate,Uttar Pradesh
Quantization,MobileNet,Agriculture,85.8,83.3,51.1,31.6,480.9,319.3,38.6,Mid-Range,Moderate,Assam
Knowledge Distillation,ResNet18,Education,88.8,86.3,6.5,2.4,456.8,338.4,11.3,Low-End,Moderate,Bihar
Weight Sharing,SqueezeNet,Healthcare,93.1,91.5,34.2,17.3,289.5,192.4,27,Mid-Range,Good,Uttar Pradesh
Pruning,SqueezeNet,Healthcare,84.7,82.4,29.7,12.7,358.3,253.4,36.6,Mid-Range,Poor,Tamil Nadu
Quantization,MobileNet,Education,86.5,85.4,34.6,10.4,520,262.1,15.2,Mid-Range,Moderate,Andhra Pradesh
Knowledge Distillation,MobileNet,Education,89.8,88.2,18.4,12.1,570.1,331.3,16.7,Low-End,Good,Manipur
Weight Sharing,EfficientNet,Education,91.5,90.4,58.5,34.9,225.5,157.2,29.6,Low-End,Moderate,Rajasthan
Pruning,ResNet50,Education,88,85.5,83.5,46.4,583.1,316.7,23.7,Low-End,Good,Uttar Pradesh
Quantization,ResNet50,Healthcare,88.3,87,67.1,44.1,469.6,335.2,29.9,Low-End,Moderate,Bihar
Knowledge Distillation,EfficientNet,Education,88.7,87.1,47.1,16.9,409.5,311.6,13.2,Low-End,Moderate,Assam
Weight Sharing,MobileNetV2,Healthcare,88.7,86.5,43.5,21,265.2,192.1,21,Low-End,Good,Tamil Nadu
Pruning,ResNet18,Healthcare,91.9,90.6,83.4,38.9,488.8,265.2,24.6,Mid-Range,Good,Andhra Pradesh
Quantization,EfficientNet,Education,86.8,85.7,79.1,41.2,461.3,330,19.2,Low-End,Poor,Manipur
Knowledge Distillation,SqueezeNet,Healthcare,92.3,90.2,84.4,47.8,561.2,332.5,31.2,Low-End,Poor,Chhattisgarh
Weight Sharing,ResNet18,Education,83.1,81.4,62.5,19.2,569.4,301.4,17.9,Mid-Range,Good,Andhra Pradesh
Pruning,ResNet18,Agriculture,85.1,83.8,85.2,43.9,249.4,153.3,29.9,Mid-Range,Poor,Jharkhand
Quantization,EfficientNet,Healthcare,90.7,88.6,67.7,42.1,332.6,251.7,19,Mid-Range,Good,Jharkhand
Knowledge Distillation,ResNet18,Agriculture,86.9,84.1,95.3,58.6,327.3,169.7,38.4,Mid-Range,Good,Bihar
Weight Sharing,ResNet18,Education,84.8,83.7,85.7,43.5,213.5,114.3,31.3,Low-End,Poor,Jharkhand
Pruning,EfficientNet,Agriculture,87.6,86.9,24,11,540.8,314,30.7,Low-End,Moderate,Bihar
Quantization,EfficientNet,Education,91.5,89.6,50.5,16.3,484.8,262.6,13.4,Mid-Range,Moderate,Tamil Nadu
Knowledge Distillation,ResNet18,Education,83.5,81.7,76.5,30.7,542.8,301.5,36,Mid-Range,Poor,Bihar
Weight Sharing,MobileNetV2,Healthcare,88.6,87.7,60,39.3,557.7,332.8,15.7,Mid-Range,Good,Andhra Pradesh
Pruning,EfficientNet,Agriculture,89.9,87.1,81.8,31.1,256.8,198,32.2,Low-End,Moderate,Madhya Pradesh
Quantization,EfficientNet,Healthcare,92.3,89.7,56.6,36.7,555.1,356.7,33.6,Low-End,Poor,Andhra Pradesh
Knowledge Distillation,MobileNetV2,Education,85.4,83.7,76.9,42.1,348.4,216.7,11.8,Mid-Range,Poor,Odisha
Weight Sharing,EfficientNet,Healthcare,88.3,85.7,73.5,51.3,427.5,295.3,25.1,Mid-Range,Moderate,Uttar Pradesh
Pruning,MobileNetV2,Healthcare,93.3,90.4,6.1,1.9,161.8,89.4,27,Low-End,Good,Madhya Pradesh
Quantization,ResNet18,Agriculture,86.7,85.5,62.7,23.1,429.5,299.4,36.7,Low-End,Poor,Tamil Nadu
Knowledge Distillation,MobileNet,Education,92.1,90.9,53.6,25.9,448.6,272.8,28.1,Low-End,Poor,Bihar
Weight Sharing,ResNet50,Education,86.2,83.4,42.8,18.6,304.6,155.2,16.6,Low-End,Poor,Assam
Pruning,MobileNet,Healthcare,92.7,90.1,83.8,38.5,258.2,149.4,19.5,Low-End,Moderate,Odisha
Quantization,EfficientNet,Agriculture,84.9,84.1,40.1,17.5,284.6,148,38.4,Low-End,Good,Tamil Nadu
Knowledge Distillation,MobileNet,Education,86.1,84.4,69.2,21.2,354.6,220.8,22.6,Low-End,Moderate,Madhya Pradesh
Weight Sharing,MobileNet,Healthcare,89.5,88.3,18.1,9.2,450.5,227.7,22,Mid-Range,Good,West Bengal
Pruning,MobileNetV2,Agriculture,84.5,82.6,56.2,18.9,157.5,96.6,17,Mid-Range,Good,Bihar
Quantization,SqueezeNet,Education,93.3,92,82.7,35.9,368.4,215.6,20.9,Low-End,Good,Uttar Pradesh
Knowledge Distillation,MobileNet,Education,89.1,87.4,61,18.8,534.3,295.8,14.1,Mid-Range,Moderate,Rajasthan
Weight Sharing,SqueezeNet,Healthcare,89.2,87.8,6.2,4.1,472.2,267.7,30.4,Mid-Range,Moderate,Tamil Nadu
Pruning,ResNet18,Healthcare,86.2,84.9,67,21.4,507,372.2,14.5,Mid-Range,Poor,Jharkhand
Quantization,MobileNetV2,Agriculture,91,89.7,68.5,26.7,344.6,194.2,35.8,Mid-Range,Good,Odisha
Knowledge Distillation,ResNet18,Education,90.7,88.9,21.2,14.5,191.2,130.5,13.6,Low-End,Poor,Tamil Nadu
Weight Sharing,MobileNetV2,Agriculture,87.7,86.3,48.8,16.4,351.1,232.5,36.3,Low-End,Poor,Manipur
Pruning,SqueezeNet,Agriculture,93.7,91.8,95.7,51.7,204.4,147.5,23.3,Mid-Range,Good,Jharkhand
Quantization,MobileNetV2,Education,89.5,87.9,86.3,50,466.1,367.2,12.4,Mid-Range,Poor,Manipur
Knowledge Distillation,EfficientNet,Healthcare,84.5,82.6,71.2,30.9,343.7,270.3,33.1,Mid-Range,Poor,Assam
Weight Sharing,ResNet50,Healthcare,92.9,91.3,72.6,42.5,425.8,257.6,16.5,Mid-Range,Good,Uttar Pradesh
Pruning,MobileNetV2,Education,91.4,90.7,77,27.1,436.6,249.7,10.1,Low-End,Moderate,Odisha
Quantization,ResNet18,Education,85.2,84.4,73.3,50,158,100.9,26.2,Low-End,Good,Andhra Pradesh
Knowledge Distillation,SqueezeNet,Education,83.4,82.5,66.3,42,246.9,144.7,25.8,Mid-Range,Good,Tamil Nadu
Weight Sharing,ResNet18,Education,86.9,84,32.7,20.8,388.7,243,26.4,Low-End,Poor,Andhra Pradesh
Pruning,MobileNet,Education,86,84.6,12.7,7.2,368.7,223.4,23.6,Low-End,Good,Jharkhand
Quantization,ResNet50,Education,92.1,91.3,13.9,9.1,585.4,293.5,15.7,Low-End,Moderate,Uttar Pradesh
Knowledge Distillation,ResNet50,Education,85.7,83.8,45.4,23.2,318.9,232.7,35,Low-End,Poor,Uttar Pradesh
Weight Sharing,MobileNetV2,Healthcare,91.9,89.1,46.5,28.1,392.4,201,13.4,Low-End,Good,Uttar Pradesh
Pruning,SqueezeNet,Healthcare,89.9,89.3,35.8,23.1,283.8,150.9,33.8,Mid-Range,Moderate,Chhattisgarh
Quantization,ResNet18,Education,93.5,92.1,89.1,40.8,350.9,177.1,15.7,Low-End,Good,Andhra Pradesh
Knowledge Distillation,MobileNetV2,Education,91.5,90.4,29.3,10.1,462.9,274.1,36.5,Low-End,Moderate,Uttar Pradesh
Weight Sharing,EfficientNet,Agriculture,85.8,83.1,38,24.8,277.6,189.5,29.6,Low-End,Moderate,Odisha
Pruning,ResNet18,Healthcare,83.5,81.2,36.9,16.9,490.1,345.5,39.3,Low-End,Moderate,Uttar Pradesh
Quantization,MobileNet,Education,92.1,90,36.1,24.8,522.2,401.3,21.9,Mid-Range,Good,Rajasthan
Knowledge Distillation,MobileNetV2,Healthcare,83.4,82.6,57.5,29.9,151.7,92.3,14.8,Mid-Range,Poor,Uttar Pradesh
Weight Sharing,SqueezeNet,Healthcare,83.3,81.1,6,2.3,532.9,317.5,15.3,Low-End,Poor,Jharkhand
Pruning,EfficientNet,Healthcare,83.3,80.5,35.3,17,461.7,260.5,11,Low-End,Good,West Bengal
Quantization,MobileNetV2,Healthcare,91.5,91,18.7,9.7,276.9,147.4,39.2,Low-End,Moderate,Madhya Pradesh
Knowledge Distillation,ResNet50,Agriculture,84.4,82.9,79.8,34.8,191.2,126.7,32.4,Low-End,Moderate,Tamil Nadu
Weight Sharing,MobileNet,Education,92.8,90.1,8.5,5.7,268.6,146.6,28.3,Mid-Range,Moderate,Odisha
Pruning,ResNet18,Education,91.5,90.6,77.5,29.9,268,190.4,30.3,Mid-Range,Good,Rajasthan
Quantization,ResNet18,Agriculture,86.8,85.7,17.1,9.9,573.4,403,11.6,Low-End,Good,Uttar Pradesh
Knowledge Distillation,MobileNet,Agriculture,92.9,90.4,89.8,61,168,113.7,34.1,Low-End,Good,Odisha
Weight Sharing,ResNet50,Agriculture,89.3,86.3,85.2,26.5,189.1,136.8,34.5,Mid-Range,Good,Madhya Pradesh
Pruning,ResNet50,Agriculture,93.3,91.4,47.9,19.5,335.3,253.6,14.5,Mid-Range,Moderate,Bihar
Quantization,SqueezeNet,Agriculture,91.2,90.5,67.8,44.1,306.9,235.4,33.5,Low-End,Moderate,Tamil Nadu
Knowledge Distillation,ResNet50,Education,93.3,91.1,7.1,4,497.8,296.1,21.9,Low-End,Poor,Assam
Weight Sharing,ResNet18,Education,90.2,87.2,28.9,14.1,576.4,352.9,26,Mid-Range,Good,Uttar Pradesh
Pruning,ResNet50,Agriculture,89,87.4,55.7,26.2,150.8,97.7,37.6,Low-End,Poor,Uttar Pradesh
Quantization,MobileNet,Education,83.9,81.6,27.6,19.3,289.9,220.4,15.8,Mid-Range,Good,West Bengal
Knowledge Distillation,EfficientNet,Education,91.8,90.9,43.1,22,500.6,394.8,32.1,Low-End,Poor,Odisha
Weight Sharing,ResNet50,Healthcare,86.5,85.1,41.8,27.6,276,155.5,13.2,Low-End,Moderate,Tamil Nadu
Pruning,MobileNet,Agriculture,86.2,85.4,24.2,12.8,334.8,201,14.6,Low-End,Moderate,Odisha
Quantization,MobileNet,Education,89,87.8,5.2,1.7,332,263.2,15.1,Low-End,Poor,Odisha
Knowledge Distillation,EfficientNet,Healthcare,89.3,88.4,4.6,2.8,151.9,79.3,19.1,Low-End,Poor,West Bengal
Weight Sharing,MobileNetV2,Agriculture,86.7,84.7,96,31.5,543.8,365.3,38.5,Mid-Range,Moderate,Chhattisgarh
Pruning,ResNet50,Education,88.1,85.9,64.5,33.4,204.2,149.5,19.2,Low-End,Poor,Jharkhand
Quantization,ResNet18,Agriculture,86.1,83.7,87.3,57.5,559.4,421.4,30.3,Low-End,Good,West Bengal
Knowledge Distillation,EfficientNet,Healthcare,85.6,84.5,89.6,37,188.1,115.2,37.2,Mid-Range,Good,Rajasthan
Weight Sharing,SqueezeNet,Agriculture,84.2,83.6,21.6,9.7,389.9,298.8,25.8,Mid-Range,Moderate,Rajasthan
Pruning,MobileNet,Education,86.9,85.4,29.1,8.9,429.1,230.6,22.6,Low-End,Poor,Odisha
Quantization,SqueezeNet,Education,89.8,87.9,29.3,15.1,314.5,188.9,29.3,Mid-Range,Good,Bihar
Knowledge Distillation,ResNet50,Agriculture,86.7,85.1,52.5,35,469.7,241.8,22.7,Low-End,Good,Assam
Weight Sharing,ResNet18,Healthcare,85.3,84.1,25.7,15.7,539.4,369.3,11.3,Low-End,Good,Rajasthan
Pruning,MobileNetV2,Healthcare,84.2,82,36.3,24.5,206.5,133.6,27.3,Mid-Range,Good,Manipur
Quantization,MobileNet,Healthcare,88.7,86.2,89.9,27.3,361.6,251.1,19.9,Mid-Range,Moderate,Tamil Nadu
Knowledge Distillation,MobileNet,Education,88.2,85.3,42.9,15.7,311.5,192.9,14,Low-End,Moderate,West Bengal
Weight Sharing,MobileNetV2,Healthcare,91.7,88.8,40.4,15,578.5,315.9,31.9,Mid-Range,Moderate,Jharkhand
Pruning,MobileNetV2,Education,93.6,92.9,81.5,51.6,574,411.7,10.8,Mid-Range,Moderate,Madhya Pradesh
Quantization,SqueezeNet,Agriculture,91.7,89.9,18.8,8.9,252.2,142.9,35.8,Low-End,Good,Tamil Nadu
Knowledge Distillation,MobileNet,Healthcare,90.7,89.9,71,21.4,324.4,181.4,29,Mid-Range,Moderate,Assam
Weight Sharing,MobileNet,Healthcare,91.2,88.5,65.1,25.1,421.5,296.6,32.3,Mid-Range,Good,Odisha
Pruning,MobileNet,Education,87.9,86.1,60.4,32,226.2,164.7,19.6,Low-End,Moderate,West Bengal
Quantization,ResNet50,Healthcare,87.3,85.4,18.8,10.3,262.5,207.6,32.4,Mid-Range,Moderate,Jharkhand
Knowledge Distillation,ResNet50,Healthcare,88,86.9,29.9,20.5,343.3,176,37.7,Mid-Range,Moderate,Manipur
Weight Sharing,SqueezeNet,Healthcare,90.8,89.5,99.5,49.5,483.4,356.6,14.3,Mid-Range,Moderate,Bihar
Pruning,EfficientNet,Education,93.7,92.4,16.1,7.4,506.8,285.9,18.8,Low-End,Good,Rajasthan
Quantization,ResNet50,Healthcare,88.4,87.2,11.5,7.6,368.5,241.8,23.6,Low-End,Moderate,Andhra Pradesh
Knowledge Distillation,ResNet50,Healthcare,93.6,90.8,82.8,38.1,351.6,177.4,25.6,Low-End,Poor,Assam
Weight Sharing,SqueezeNet,Agriculture,87,85.8,92.5,48.6,378.9,219.2,32.3,Low-End,Good,Bihar
Pruning,ResNet50,Education,89.1,88.2,78.2,43.3,578,381,17.4,Low-End,Moderate,Rajasthan
Quantization,ResNet50,Agriculture,86.4,84.8,84.3,43.3,296.4,197,32.6,Low-End,Good,Odisha
Knowledge Distillation,SqueezeNet,Education,87.6,86.8,19.1,12.4,594.3,319.3,21,Low-End,Poor,Jharkhand
Weight Sharing,ResNet18,Agriculture,93.4,92.7,33.2,15.1,363.8,250.6,24.4,Low-End,Moderate,Jharkhand
Pruning,EfficientNet,Healthcare,94,93,38.5,12,399.7,240,25.4,Low-End,Moderate,West Bengal
Quantization,ResNet50,Agriculture,89,86.3,61.6,42.8,527.7,315,39.4,Low-End,Poor,Andhra Pradesh
Knowledge Distillation,EfficientNet,Healthcare,84.9,82.7,99.9,40.5,486.1,291.1,25.8,Mid-Range,Good,Chhattisgarh
Weight Sharing,MobileNet,Healthcare,89,87.1,58.2,36.2,321,210.3,34,Low-End,Poor,Madhya Pradesh
Pruning,EfficientNet,Education,84.7,82.8,64.5,38.2,165.6,91.4,13.8,Mid-Range,Good,Andhra Pradesh
Quantization,MobileNetV2,Healthcare,83.1,80.2,99.7,44.1,572.4,396.2,15.5,Low-End,Moderate,Uttar Pradesh
Knowledge Distillation,ResNet18,Healthcare,88.2,87.3,38.6,16.2,239.5,156.9,39.4,Mid-Range,Poor,Bihar
Weight Sharing,ResNet50,Healthcare,92.6,90.4,50.9,26.4,546.6,316.5,10.5,Mid-Range,Poor,West Bengal
Pruning,MobileNet,Healthcare,85.2,83,26,11.9,443.5,230.8,24.8,Low-End,Moderate,Assam
Quantization,ResNet50,Healthcare,84.5,83.6,64.4,33,439.9,266,15.2,Low-End,Moderate,Chhattisgarh
Knowledge Distillation,ResNet18,Healthcare,91.5,89.5,41.5,27.6,286.4,177.1,13.8,Low-End,Good,Madhya Pradesh
Weight Sharing,ResNet50,Healthcare,89.8,88.7,44.4,22.8,407.6,290.8,20.7,Mid-Range,Good,Rajasthan
Pruning,ResNet18,Healthcare,83.8,82.2,89.3,51.4,470.5,282.2,31.7,Mid-Range,Good,Assam
Quantization,SqueezeNet,Healthcare,84.6,81.7,83.8,26,387.1,204.7,11.2,Low-End,Moderate,Tamil Nadu
Knowledge Distillation,ResNet18,Agriculture,85.4,83.5,23.9,14.5,412.5,290.2,18.6,Mid-Range,Moderate,Assam
Weight Sharing,MobileNetV2,Agriculture,84.1,82.1,16.5,7,209.4,120.2,32.9,Mid-Range,Poor,Tamil Nadu
Pruning,EfficientNet,Education,88.4,86.9,39.2,21.1,582.3,324.9,28.6,Low-End,Good,Assam
Quantization,SqueezeNet,Education,89.5,88.8,33,10.5,342.6,185.8,25,Mid-Range,Good,Assam
Knowledge Distillation,ResNet18,Education,86.5,83.9,35.6,21.7,378.7,196.1,32.5,Mid-Range,Good,Madhya Pradesh
Weight Sharing,ResNet18,Healthcare,89.1,86.8,18.2,6.3,578.3,291.2,25.2,Mid-Range,Moderate,Uttar Pradesh
Pruning,SqueezeNet,Education,89,87.4,71.4,36.7,541.7,339.4,37.6,Low-End,Poor,Jharkhand
Quantization,SqueezeNet,Agriculture,91.7,91.2,85.5,27.9,246.9,136.6,19,Mid-Range,Poor,Chhattisgarh
Knowledge Distillation,MobileNetV2,Education,84.4,83.1,27.6,13.7,386.2,282.2,16.4,Low-End,Moderate,Rajasthan
Weight Sharing,MobileNet,Healthcare,86,83.5,28.5,15,396.9,271.8,15.6,Low-End,Moderate,West Bengal
Pruning,ResNet50,Healthcare,93.1,92.2,79.4,34.1,256.8,143.7,11.6,Mid-Range,Poor,Odisha
Quantization,SqueezeNet,Healthcare,84.4,81.7,66.5,41.5,355,227.8,27.7,Low-End,Moderate,Rajasthan
Knowledge Distillation,MobileNetV2,Education,92.3,90.8,39.9,18.5,347.2,180.6,18.3,Low-End,Poor,Uttar Pradesh
Weight Sharing,SqueezeNet,Education,91.7,90.8,35.1,17.3,300.2,191.5,14,Mid-Range,Moderate,Odisha
Pruning,MobileNet,Healthcare,84.9,82,87.2,26.3,186.6,134.2,31.1,Low-End,Poor,Jharkhand
Quantization,ResNet18,Agriculture,87.5,85.8,40.3,17.1,228.7,124.6,30.6,Mid-Range,Poor,Rajasthan
Knowledge Distillation,MobileNetV2,Healthcare,86.3,84.5,9.4,4.6,504.4,260.9,17.6,Mid-Range,Good,Manipur
Weight Sharing,SqueezeNet,Education,87.4,85.6,85.8,52.7,313.3,202.1,18.8,Low-End,Good,Uttar Pradesh
Pruning,ResNet50,Agriculture,87.8,84.8,22.3,10,318.5,246.3,33.6,Mid-Range,Poor,Madhya Pradesh
Quantization,ResNet18,Education,91.2,90.4,34.7,18.5,230.5,180.4,19,Low-End,Good,Odisha
Knowledge Distillation,MobileNetV2,Education,91.8,89,58.9,39.9,298.4,172.3,12.9,Mid-Range,Moderate,Chhattisgarh
Weight Sharing,EfficientNet,Healthcare,89.4,87.5,68.7,43.4,283.6,145.3,36.5,Mid-Range,Poor,Tamil Nadu
Pruning,SqueezeNet,Education,89,86,18.2,11.2,574.5,315.2,11.5,Mid-Range,Good,West Bengal
Quantization,ResNet50,Healthcare,84,82.7,75.6,29.7,270.6,199.8,18.7,Mid-Range,Moderate,Jharkhand
Knowledge Distillation,MobileNetV2,Education,83.2,82.4,96.9,51.7,513.3,359.3,22.9,Low-End,Good,Manipur
Weight Sharing,ResNet18,Healthcare,90.8,89.3,27.7,12.5,190.8,125.5,17.2,Mid-Range,Poor,Assam
Pruning,MobileNet,Agriculture,91.8,91,57,21.3,312,222,33.4,Low-End,Good,Chhattisgarh
Quantization,SqueezeNet,Education,88.6,87.8,9.2,4.8,364.6,277.9,25.3,Mid-Range,Good,Uttar Pradesh
Knowledge Distillation,MobileNet,Healthcare,84.9,82.8,83.4,56.8,162.8,129.1,33.4,Mid-Range,Good,Andhra Pradesh
Weight Sharing,MobileNetV2,Education,91.4,89.2,15.8,7.8,561.5,358,36.2,Mid-Range,Moderate,Manipur
Pruning,EfficientNet,Healthcare,86.9,85.5,74.7,26,243.7,173.3,25.5,Mid-Range,Good,Jharkhand
Quantization,MobileNet,Education,89.2,87.3,23.3,14.2,386.6,232.5,32,Low-End,Poor,Tamil Nadu
Knowledge Distillation,SqueezeNet,Agriculture,92.9,90.8,8.8,3.9,522.7,347.6,39.5,Low-End,Good,Assam
Weight Sharing,ResNet50,Agriculture,90.3,88.8,46.3,19.9,565.3,387.2,34.8,Mid-Range,Poor,Uttar Pradesh
Pruning,ResNet18,Agriculture,91.9,90.2,59.6,36.9,588.4,319.8,17.3,Mid-Range,Poor,Andhra Pradesh
Quantization,ResNet18,Agriculture,85,84.4,90.3,59.7,467.9,313.5,21.7,Mid-Range,Good,Madhya Pradesh
Knowledge Distillation,SqueezeNet,Healthcare,92.6,91.8,70,30.9,299,192.5,17.9,Low-End,Good,Manipur
Weight Sharing,ResNet18,Education,93.9,92.5,98.3,36.7,545.2,430.3,22.2,Low-End,Poor,Tamil Nadu
Pruning,MobileNet,Healthcare,89.1,87.8,77.4,36.4,428.2,322.3,14.6,Mid-Range,Good,Bihar
Quantization,EfficientNet,Healthcare,90,87.1,87.1,55.6,523.9,385.1,15.5,Low-End,Good,Bihar
Knowledge Distillation,EfficientNet,Education,90,89.4,37.1,23.4,409.8,281.5,34.9,Mid-Range,Poor,Uttar Pradesh
Weight Sharing,SqueezeNet,Education,83.9,82,65.9,27.3,479.2,362.8,13.7,Mid-Range,Good,Bihar
Pruning,MobileNetV2,Healthcare,87.6,84.9,70.5,41.3,580.1,422.2,38.5,Low-End,Good,Odisha
Quantization,MobileNet,Healthcare,87.3,84.3,83.4,45.6,468.2,243.2,11.3,Mid-Range,Poor,West Bengal
Knowledge Distillation,MobileNet,Agriculture,92.3,90.3,68.5,36.3,360.2,181.6,26.8,Low-End,Good,Jharkhand
Weight Sharing,ResNet50,Healthcare,83.5,80.9,75.8,25.2,332.9,170.5,26.5,Low-End,Moderate,West Bengal
Pruning,ResNet18,Healthcare,86.1,85,80.3,48.7,574.7,377.3,34.9,Low-End,Poor,Tamil Nadu
Quantization,MobileNet,Healthcare,86.1,84.1,57.4,21.4,196.6,141.8,37.4,Low-End,Moderate,Jharkhand
Knowledge Distillation,SqueezeNet,Education,83.9,82.1,24.8,10.4,561,295.7,26,Mid-Range,Poor,Odisha
Weight Sharing,EfficientNet,Agriculture,88,87.3,99.9,69.5,213.6,138,22,Mid-Range,Moderate,Andhra Pradesh
Pruning,MobileNet,Education,88.2,85.7,54,28.8,162.7,81.4,39.7,Low-End,Poor,Assam
Quantization,EfficientNet,Education,89.8,87.7,11.5,7,373.4,288.9,16.2,Mid-Range,Good,West Bengal
Knowledge Distillation,MobileNetV2,Agriculture,92.1,90.5,18.1,9.6,269.4,200.3,29,Low-End,Good,Tamil Nadu
Weight Sharing,ResNet18,Healthcare,86.6,85.7,14.4,9.3,309.2,231.7,38.8,Mid-Range,Poor,Rajasthan
Pruning,ResNet50,Healthcare,86.7,84.3,5.3,2.6,458.9,239.6,16.6,Mid-Range,Poor,Chhattisgarh
Quantization,MobileNet,Education,93.5,90.7,81.4,31.2,393.3,241.3,17.3,Low-End,Good,Bihar
Knowledge Distillation,EfficientNet,Education,94,92.2,25.4,10.2,566.6,344.8,36.9,Low-End,Moderate,Rajasthan
Weight Sharing,SqueezeNet,Agriculture,92.8,92.1,49.6,19.1,407.1,240.6,25.5,Mid-Range,Moderate,Manipur
Pruning,EfficientNet,Healthcare,91.5,89.4,87.7,34.1,198.9,111.4,22.2,Low-End,Good,Assam
Quantization,MobileNetV2,Agriculture,88.6,87.3,24.6,13.7,483.9,379.1,30.5,Mid-Range,Good,Tamil Nadu
Knowledge Distillation,ResNet50,Education,91.4,90,56.9,35.4,374.4,219.1,25,Mid-Range,Good,Bihar
Weight Sharing,SqueezeNet,Healthcare,90.2,87.7,19.5,8.2,559.6,430.4,37.3,Low-End,Moderate,Madhya Pradesh
Pruning,SqueezeNet,Agriculture,84,81.4,71.7,22.3,266.4,153.3,37.3,Mid-Range,Poor,Chhattisgarh
Quantization,SqueezeNet,Education,85.1,83.7,22.2,8.6,479.5,324.9,14.6,Low-End,Poor,Madhya Pradesh
Knowledge Distillation,ResNet50,Education,86.5,85.6,17,7.7,382.6,250.7,37.9,Low-End,Good,Jharkhand
Weight Sharing,ResNet18,Healthcare,88,85.6,49.4,23.1,311.7,241.2,35.4,Mid-Range,Good,Manipur
Pruning,MobileNet,Education,93.7,93.1,93.2,39,219.8,129.7,18.9,Low-End,Moderate,Manipur
Quantization,ResNet50,Agriculture,91.2,89.7,67.7,23.8,557.6,338,12.5,Mid-Range,Poor,Chhattisgarh
Knowledge Distillation,MobileNetV2,Healthcare,93.3,90.6,13.8,6.5,482.4,366.4,36.5,Mid-Range,Good,Odisha
Weight Sharing,SqueezeNet,Agriculture,87.4,86.2,71.8,28.4,599.1,366.9,21.7,Low-End,Moderate,Madhya Pradesh
Pruning,MobileNetV2,Healthcare,89.1,88,20.8,14.2,405.7,244.7,38.9,Mid-Range,Poor,Odisha
Quantization,MobileNet,Healthcare,86.4,85.6,44.6,14.8,479.8,245.7,13.7,Low-End,Moderate,Rajasthan
Knowledge Distillation,MobileNetV2,Agriculture,93.6,90.7,67.5,36.8,231.5,119,21.7,Low-End,Good,Bihar
Weight Sharing,MobileNetV2,Healthcare,92.9,91.4,79.8,39.9,553.6,308.8,21.7,Mid-Range,Poor,Madhya Pradesh
Pruning,SqueezeNet,Education,89.6,87.9,96,52.7,186.7,108.8,13.7,Low-End,Poor,Assam
Quantization,EfficientNet,Agriculture,93.3,91.6,74.9,48.2,369.3,287.1,28.9,Low-End,Poor,Rajasthan
Knowledge Distillation,ResNet18,Healthcare,93.6,92.9,41.1,27.3,519.8,266.6,39.4,Low-End,Poor,Odisha
Weight Sharing,MobileNetV2,Healthcare,85.9,83.7,95.3,64.5,251.1,153.3,20,Mid-Range,Moderate,Odisha
Pruning,ResNet18,Agriculture,87.4,85.7,86.2,44.4,223.9,156.1,30.5,Mid-Range,Moderate,Odisha
Quantization,EfficientNet,Healthcare,84.4,83.2,97.8,54.9,422.2,287.2,17.1,Mid-Range,Good,Bihar
Knowledge Distillation,EfficientNet,Education,89.7,87.9,82.3,52.7,241.5,145.5,13.2,Low-End,Good,Rajasthan
Weight Sharing,SqueezeNet,Agriculture,92.2,91.4,10.8,3.3,363.3,243.4,35.5,Mid-Range,Good,Uttar Pradesh
Pruning,MobileNet,Education,90,89.4,36,23.3,299.9,202.1,32.9,Low-End,Moderate,Chhattisgarh
Quantization,ResNet18,Agriculture,86.2,83.5,27.8,14.9,307.7,214.2,28.6,Low-End,Good,Tamil Nadu
Knowledge Distillation,ResNet18,Education,90.8,90,92.7,31.1,358.9,242.8,24.4,Low-End,Moderate,Assam
Weight Sharing,ResNet18,Healthcare,83.7,80.7,4.3,2.7,188.4,134.9,27.2,Mid-Range,Moderate,Rajasthan
Pruning,ResNet50,Education,87.7,85.6,21.6,8.7,520.9,300.2,35,Low-End,Good,Bihar
Quantization,SqueezeNet,Agriculture,90.2,89.5,96.4,38.3,201.1,158.2,38.7,Low-End,Poor,Madhya Pradesh
Knowledge Distillation,MobileNetV2,Healthcare,85.1,83.2,92.3,48.2,450.4,267.7,20,Low-End,Good,Jharkhand
Weight Sharing,MobileNetV2,Education,86.1,84.9,29.1,15.4,413.1,226.6,25,Mid-Range,Moderate,Tamil Nadu
Pruning,EfficientNet,Agriculture,88.9,88.2,8.9,5,357,213.5,20.9,Low-End,Poor,Uttar Pradesh
Quantization,ResNet18,Education,83.2,80.8,55.5,37.3,420.3,283.7,22.8,Mid-Range,Good,West Bengal
Knowledge Distillation,SqueezeNet,Healthcare,90.2,88.5,72.9,44.7,559.3,418.1,37.8,Mid-Range,Moderate,West Bengal
Weight Sharing,ResNet50,Agriculture,88.7,87.1,90.7,41.6,552.9,401.4,30.3,Low-End,Poor,Jharkhand
Pruning,ResNet50,Agriculture,83.8,82.8,87.5,45.8,366.7,185.6,17.6,Mid-Range,Good,Bihar
Quantization,MobileNetV2,Education,92.5,90.8,84.9,46.6,551.8,344.5,28,Mid-Range,Poor,Tamil Nadu
Knowledge Distillation,EfficientNet,Agriculture,86.9,86.2,95.1,56.8,433,219.2,35.9,Mid-Range,Moderate,Rajasthan
Weight Sharing,MobileNetV2,Healthcare,91.9,89.9,21.4,10.6,500.4,295.5,16.5,Low-End,Poor,West Bengal
Pruning,ResNet50,Education,93.8,91.7,37.6,11.7,368.1,218.8,18.9,Low-End,Poor,Andhra Pradesh
Quantization,MobileNet,Healthcare,86.7,83.8,54.9,19.1,261.4,181.4,25.2,Mid-Range,Good,Andhra Pradesh
Knowledge Distillation,SqueezeNet,Education,91.9,89,78.2,46.9,417.4,272.2,39.5,Mid-Range,Moderate,Assam
Weight Sharing,MobileNetV2,Education,89.4,88.7,14.5,9.8,207.3,108,20.6,Mid-Range,Poor,Andhra Pradesh
Pruning,ResNet50,Healthcare,88.4,85.8,70.6,47,156.1,80.7,39.6,Mid-Range,Poor,Odisha
Quantization,ResNet18,Agriculture,92,90,17.4,8,211.1,143.9,39.9,Mid-Range,Good,Rajasthan
Knowledge Distillation,MobileNet,Agriculture,88.2,85.8,72.8,30.3,433.7,280,11.8,Mid-Range,Good,Madhya Pradesh
Weight Sharing,SqueezeNet,Agriculture,93.5,92.7,51,23.4,195.7,115.5,27.4,Low-End,Poor,Uttar Pradesh
Pruning,MobileNetV2,Agriculture,89,86.4,17.2,6.1,167.4,118.4,33.4,Mid-Range,Moderate,Rajasthan
Quantization,EfficientNet,Healthcare,91.3,89.5,78.7,41.5,313.4,248.6,10.4,Mid-Range,Good,Bihar
Knowledge Distillation,MobileNetV2,Healthcare,91.2,88.5,53,31.4,288,178.7,19,Low-End,Good,Chhattisgarh
Weight Sharing,MobileNet,Agriculture,93.5,91.6,85.9,35.5,521.2,370.5,37,Low-End,Moderate,Uttar Pradesh
Pruning,SqueezeNet,Education,88.5,85.7,78.4,23.6,295.1,188.1,12.6,Low-End,Good,Rajasthan
Quantization,MobileNetV2,Education,93.9,92.5,49.3,33.1,381.4,250.8,12.6,Low-End,Good,West Bengal
Knowledge Distillation,ResNet18,Education,88.8,86.1,38.7,17,419.3,210.3,28.8,Low-End,Poor,Jharkhand
Weight Sharing,ResNet50,Education,84.3,81.5,86.4,50.8,270.3,149.7,29.4,Mid-Range,Poor,Tamil Nadu
Pruning,MobileNet,Agriculture,93.3,92.7,63.8,26.4,481,329.4,28.1,Low-End,Moderate,Uttar Pradesh
Quantization,ResNet50,Agriculture,84.4,82,78.1,28.2,363.9,246.5,16.4,Low-End,Poor,West Bengal
Knowledge Distillation,SqueezeNet,Agriculture,85.6,85.1,40.3,20.3,573.8,383.9,15.2,Low-End,Poor,Andhra Pradesh
Weight Sharing,MobileNetV2,Healthcare,87.6,86.1,5.9,2.5,382.5,253.2,13.9,Mid-Range,Poor,Andhra Pradesh
Pruning,EfficientNet,Agriculture,92.8,92.3,49.6,27.9,249.5,193.7,21.1,Low-End,Poor,Andhra Pradesh
Quantization,EfficientNet,Healthcare,89.2,87.4,23.8,13.5,282.8,165.5,37.7,Mid-Range,Good,Jharkhand
Knowledge Distillation,SqueezeNet,Education,88.4,87.5,26,14.4,523.6,417.2,12.3,Low-End,Moderate,Madhya Pradesh
Weight Sharing,MobileNetV2,Education,87.9,87.3,32.2,13.3,296.1,214.5,29.7,Mid-Range,Poor,Assam
Pruning,MobileNetV2,Healthcare,93.7,92.6,19.2,7.5,362,263.8,11.5,Low-End,Poor,Rajasthan
Quantization,EfficientNet,Agriculture,90.3,89.4,16.4,10.1,179,97.7,22.4,Mid-Range,Good,Andhra Pradesh
Knowledge Distillation,ResNet50,Agriculture,83.6,80.8,6,2.3,467.7,365.9,13.6,Mid-Range,Good,Tamil Nadu
Weight Sharing,EfficientNet,Education,86.4,83.6,10.4,5.6,556.8,431.7,16.9,Mid-Range,Good,Uttar Pradesh
Pruning,ResNet50,Agriculture,91,88.6,93.7,55,293.8,233.7,38.4,Mid-Range,Poor,Assam
Pruning,ResNet18,Healthcare,84.5,83.7,9.1,3.4,212.5,139.2,20.2,Low-End,Good,Odisha
Quantization,EfficientNet,Healthcare,88.2,87.5,29.7,19.4,541.7,331.7,19.1,Mid-Range,Moderate,Chhattisgarh
Knowledge Distillation,ResNet18,Agriculture,85,83,41.7,25.3,392.5,203.2,16.7,Mid-Range,Moderate,Chhattisgarh
Weight Sharing,EfficientNet,Agriculture,83.7,81.3,98.2,57.2,306.9,241.4,30.4,Mid-Range,Moderate,Chhattisgarh
Pruning,MobileNetV2,Education,89.7,87,86.6,38.1,303.5,168.9,35.5,Mid-Range,Good,Jharkhand
Quantization,ResNet18,Healthcare,88.1,87.3,90,27.2,371.2,244.3,20.3,Low-End,Good,Assam
Knowledge Distillation,SqueezeNet,Agriculture,92,90.9,44.7,21.8,366.4,282.8,22.3,Low-End,Poor,Manipur
Weight Sharing,SqueezeNet,Education,85.9,85.1,37.5,25.6,460.9,349.4,19.1,Mid-Range,Moderate,Jharkhand
Pruning,ResNet18,Agriculture,93.9,93,39.3,17.2,174.2,131.6,37.9,Low-End,Moderate,Jharkhand
Quantization,EfficientNet,Agriculture,91.5,90.8,18.1,11.1,445.9,234.1,26.4,Low-End,Good,Chhattisgarh
Knowledge Distillation,MobileNet,Healthcare,94,91.7,96.9,62,461.5,240.9,23.5,Low-End,Good,Assam
Weight Sharing,SqueezeNet,Healthcare,89.8,87,11.2,7.6,519,288.7,36.4,Low-End,Moderate,Tamil Nadu
Pruning,ResNet50,Healthcare,88.6,87.5,34.8,17.8,503.1,388.6,39.2,Mid-Range,Moderate,Manipur
Quantization,MobileNetV2,Agriculture,86.2,83.5,93.3,46.2,473.7,289.5,27.4,Low-End,Poor,Jharkhand
Knowledge Distillation,EfficientNet,Agriculture,90.3,87.8,42.5,20.9,378.3,261.7,23.4,Mid-Range,Good,Jharkhand
Weight Sharing,MobileNet,Healthcare,89,87.6,35.7,22.2,384.3,250.5,19.8,Low-End,Poor,Rajasthan
Pruning,MobileNet,Education,86.3,84.2,43.3,16.8,447.7,302.1,34.1,Low-End,Poor,Tamil Nadu
Quantization,MobileNet,Healthcare,87.9,86,81.8,37.5,298.9,198.6,18.1,Mid-Range,Good,Andhra Pradesh
Knowledge Distillation,ResNet50,Agriculture,91.9,90.8,54.8,22.9,523.5,328,11.3,Low-End,Moderate,Madhya Pradesh
Weight Sharing,MobileNet,Education,92,90.2,84.8,25.7,337.6,214.6,39.1,Low-End,Good,West Bengal
Pruning,EfficientNet,Healthcare,85.2,82.4,43.2,23,231.8,128.1,17.6,Mid-Range,Poor,West Bengal
Quantization,MobileNetV2,Agriculture,92,91.4,55.3,38.5,554.2,351.4,21.3,Mid-Range,Moderate,Madhya Pradesh
Knowledge Distillation,MobileNetV2,Healthcare,85.9,84.1,79.1,34.1,466.7,254.7,32.2,Low-End,Moderate,Madhya Pradesh
Weight Sharing,EfficientNet,Education,86,84.1,4.5,2.8,247.8,128.8,31.3,Mid-Range,Moderate,Rajasthan
Pruning,SqueezeNet,Healthcare,86.8,85.7,11,4.5,153.1,87.8,30.7,Low-End,Moderate,Madhya Pradesh
Quantization,EfficientNet,Agriculture,92.4,89.5,62.7,43.6,501.5,296.9,32.1,Mid-Range,Good,Bihar
Knowledge Distillation,ResNet50,Healthcare,89.1,86.6,83.2,48.9,359.9,187.6,29.5,Mid-Range,Poor,Assam
Weight Sharing,EfficientNet,Education,88.2,87.5,97.2,60.1,293.3,213.6,27.4,Mid-Range,Poor,Madhya Pradesh
Pruning,MobileNet,Education,93.8,92.3,71.8,49.9,365.6,186.5,16.4,Low-End,Moderate,Chhattisgarh
Quantization,MobileNetV2,Education,91.3,90.1,89,36.8,260.1,144.3,24.6,Mid-Range,Poor,West Bengal
Knowledge Distillation,MobileNetV2,Agriculture,92.4,91.5,61.2,19.6,470.5,341.8,16.8,Low-End,Poor,Assam
Weight Sharing,ResNet18,Education,92.3,91.1,29.2,11.6,370.2,215.2,39.7,Low-End,Poor,West Bengal
Pruning,SqueezeNet,Healthcare,88,87.3,89.1,48.5,527.2,379.8,36,Mid-Range,Good,Jharkhand
Quantization,SqueezeNet,Healthcare,84.9,83.5,79.8,53.6,176.3,94.4,12.4,Low-End,Good,Bihar
Knowledge Distillation,ResNet18,Education,93.8,92.8,15.5,5.9,335,250.1,29.1,Mid-Range,Poor,Rajasthan
Weight Sharing,MobileNetV2,Agriculture,91.5,88.9,74.4,22.5,324.3,171,32.1,Low-End,Moderate,Bihar
Pruning,SqueezeNet,Education,86.3,83.3,94.8,60.2,554.2,361.2,22.9,Mid-Range,Good,Chhattisgarh
Quantization,MobileNetV2,Agriculture,83.3,81.7,7.7,4.6,159.4,83.3,17.6,Low-End,Poor,Jharkhand
Knowledge Distillation,ResNet18,Education,93.5,91.2,36.9,23.5,380.5,243,33.8,Low-End,Good,Chhattisgarh
Weight Sharing,ResNet18,Healthcare,92.7,91.3,55,33.2,180.2,139.6,16.9,Mid-Range,Poor,Madhya Pradesh
Pruning,ResNet50,Healthcare,83.1,80.6,42.9,23.8,269.5,172.7,10,Low-End,Good,Bihar
Quantization,ResNet50,Agriculture,89.7,89.1,47.4,25.9,591.1,309.8,24.3,Mid-Range,Poor,Andhra Pradesh
Knowledge Distillation,MobileNet,Education,92.9,92,86.8,59.2,533.8,400.3,18.6,Low-End,Poor,Andhra Pradesh
Weight Sharing,ResNet50,Education,86.3,84.4,8.8,5.1,494,386.9,22.4,Mid-Range,Poor,Odisha
Pruning,MobileNetV2,Education,92,90.7,50.2,15.8,240.7,139,17,Mid-Range,Moderate,Madhya Pradesh
Quantization,ResNet18,Education,83.5,80.8,54.2,22.9,322.3,213.3,38.3,Mid-Range,Moderate,Manipur
Knowledge Distillation,MobileNetV2,Education,89.6,86.9,97.8,36.9,166.1,105.3,29.3,Mid-Range,Moderate,Odisha
Weight Sharing,ResNet50,Healthcare,92.1,89.7,42.1,14.4,537.8,332.7,33.9,Mid-Range,Good,Uttar Pradesh
Pruning,ResNet50,Healthcare,87.7,86.3,19.6,13.1,302,196,17.1,Low-End,Moderate,Assam
Quantization,MobileNetV2,Education,84.6,82.8,74.9,43,159.8,125.4,34.6,Low-End,Good,Tamil Nadu
Knowledge Distillation,SqueezeNet,Healthcare,91,88.6,64,37.7,342.2,202.1,39.8,Mid-Range,Moderate,West Bengal
Weight Sharing,MobileNetV2,Agriculture,85.4,82.5,32.9,11.4,402.4,259.8,15.8,Low-End,Good,Uttar Pradesh
Pruning,EfficientNet,Education,92.2,91.1,47.4,31.2,214.4,133.1,12.1,Mid-Range,Good,Odisha
Quantization,SqueezeNet,Agriculture,92.6,90.7,22,7.6,329.4,211.2,14,Mid-Range,Good,Manipur
Knowledge Distillation,ResNet18,Education,85.3,82.7,5.9,2.9,375.6,223.2,17.9,Mid-Range,Moderate,West Bengal
Weight Sharing,MobileNet,Healthcare,91.4,89.3,94.1,34,450.7,302.9,12.6,Mid-Range,Poor,Andhra Pradesh
Pruning,ResNet18,Healthcare,83.9,83.1,14.4,9.6,496,358,33.5,Low-End,Good,Madhya Pradesh
Quantization,EfficientNet,Education,86.3,85.1,10.7,5.5,223.5,131.8,11.1,Low-End,Poor,West Bengal
Knowledge Distillation,ResNet18,Education,91.3,89.9,76.9,44.3,283.2,214.7,28.1,Low-End,Poor,Chhattisgarh
Weight Sharing,MobileNetV2,Healthcare,85.2,84.6,28.3,18.6,540.8,388.4,33.2,Low-End,Poor,Chhattisgarh
Pruning,ResNet18,Healthcare,88.6,86.4,68.1,21.2,183.5,131.9,27.6,Low-End,Good,Rajasthan
Quantization,SqueezeNet,Healthcare,87.3,86.8,31.1,16.4,417.1,298.8,15.3,Mid-Range,Moderate,Bihar
Knowledge Distillation,ResNet18,Healthcare,86.5,85,65.9,40.2,304.9,211.2,29.9,Mid-Range,Poor,Andhra Pradesh
Weight Sharing,EfficientNet,Agriculture,86.6,85.7,20.9,12.3,211,157.6,14.2,Low-End,Moderate,West Bengal
Pruning,MobileNet,Education,93.6,92.4,53.5,32.8,159.8,94.9,25.3,Low-End,Poor,Odisha
Quantization,SqueezeNet,Healthcare,90.7,89.4,74,28.6,387.9,250.6,21.1,Low-End,Good,Odisha
Knowledge Distillation,SqueezeNet,Agriculture,83.9,82.3,39.8,16.7,209.3,109,37,Mid-Range,Good,Madhya Pradesh
Weight Sharing,ResNet18,Agriculture,83.5,81.2,83.4,27,552.8,364.1,18.8,Low-End,Poor,Chhattisgarh
Pruning,ResNet18,Healthcare,86.1,84.3,80.3,30.3,553.1,421.1,31.6,Mid-Range,Good,West Bengal
Quantization,MobileNetV2,Agriculture,87.1,85.3,27.6,14.7,303.7,239.8,36.5,Low-End,Poor,Andhra Pradesh
Knowledge Distillation,ResNet18,Education,93,92.2,65.2,45.3,221.9,122,19.5,Low-End,Moderate,West Bengal
Weight Sharing,MobileNet,Healthcare,86.8,85,45.8,15.7,450.7,263.7,21.5,Mid-Range,Good,Uttar Pradesh
Pruning,SqueezeNet,Agriculture,92.1,89.4,12.7,3.9,517.9,359.3,20,Low-End,Good,Madhya Pradesh
Quantization,ResNet18,Agriculture,86.2,83.5,52.4,34.4,502,290.1,23.1,Low-End,Poor,Rajasthan
Knowledge Distillation,SqueezeNet,Education,87.3,85,15.2,10.6,401.8,207,28.7,Mid-Range,Good,Madhya Pradesh
Weight Sharing,ResNet18,Agriculture,92.7,90.3,89.7,30.1,334.2,176.8,27.5,Low-End,Good,Madhya Pradesh
Pruning,EfficientNet,Education,85.2,84.2,38.4,24.9,329.4,257.9,38.2,Low-End,Poor,Andhra Pradesh
Quantization,EfficientNet,Agriculture,83.6,81,37.1,25.5,291.7,150.9,35.6,Mid-Range,Good,West Bengal
Knowledge Distillation,EfficientNet,Education,83.8,82.7,99.6,65.6,330.4,246.2,31.9,Mid-Range,Moderate,Jharkhand
Weight Sharing,EfficientNet,Education,86.7,84.6,97.5,32.9,277.7,167.2,28.2,Mid-Range,Poor,Uttar Pradesh
Pruning,SqueezeNet,Healthcare,85.6,83.9,74.5,28.9,532,421.4,25.8,Low-End,Poor,West Bengal
Quantization,MobileNet,Education,83.3,81.8,58.4,36.9,344.8,175.8,17.1,Mid-Range,Moderate,Rajasthan
Knowledge Distillation,ResNet18,Healthcare,84.9,84.1,34.3,20.1,285.6,225.4,34,Low-End,Good,Madhya Pradesh
Weight Sharing,EfficientNet,Healthcare,91.1,89.8,64.8,40.7,252,159.2,33.6,Low-End,Poor,West Bengal
Pruning,ResNet50,Agriculture,91.2,88.2,70.7,23.1,503.5,380.2,18.2,Mid-Range,Moderate,Madhya Pradesh
Quantization,ResNet18,Agriculture,92.4,90.8,43.9,23.2,246.9,147.7,13.4,Mid-Range,Good,Manipur
Knowledge Distillation,EfficientNet,Agriculture,83.4,81.2,94.6,64.7,431.4,342.6,35.6,Mid-Range,Poor,Assam
Weight Sharing,ResNet18,Healthcare,84.2,83.2,64.3,43.1,372,230.4,34,Low-End,Good,West Bengal
Pruning,ResNet50,Education,88.6,86.3,29.2,19.7,301.3,180.1,29.8,Low-End,Good,Odisha
Quantization,ResNet18,Education,84.5,82.3,97.7,45.6,217.8,118.8,35.6,Mid-Range,Moderate,Madhya Pradesh
Knowledge Distillation,ResNet18,Healthcare,86.7,85.7,33.5,12.6,356.3,232.2,39.3,Low-End,Poor,Rajasthan
Weight Sharing,ResNet18,Agriculture,87.9,86.2,7.9,4.8,521.2,348.4,21.4,Low-End,Poor,Madhya Pradesh
Pruning,MobileNet,Healthcare,93.3,92.3,9.9,3.7,379.7,198.7,30.1,Low-End,Moderate,Rajasthan
Quantization,ResNet18,Agriculture,86.4,84.9,13.6,4.9,366.4,276.1,20.7,Mid-Range,Good,Andhra Pradesh
Knowledge Distillation,EfficientNet,Education,86.2,85.2,57.8,32.3,261.7,186.7,18.8,Mid-Range,Good,Uttar Pradesh
Weight Sharing,EfficientNet,Education,87.2,84.8,40.4,28,253.2,146.5,17.7,Low-End,Poor,Andhra Pradesh
Pruning,MobileNetV2,Education,84.2,82.4,53,27.3,559.3,406.7,34.1,Mid-Range,Good,Jharkhand
Quantization,SqueezeNet,Healthcare,84.2,82.9,8.2,3.7,152.4,97.9,13.6,Mid-Range,Poor,Bihar
Knowledge Distillation,EfficientNet,Healthcare,87.9,86.9,5.2,2.1,189.6,99.8,10.6,Mid-Range,Poor,Rajasthan
Weight Sharing,MobileNet,Education,85.8,83.8,58.1,19.4,578.6,387.6,13.2,Low-End,Good,Rajasthan
Pruning,ResNet50,Healthcare,92.7,91.3,63.1,20.6,198.2,137.6,21.5,Mid-Range,Good,Andhra Pradesh
Quantization,MobileNet,Education,90.5,89.7,74.8,48.7,523.1,328.7,21.5,Mid-Range,Good,Odisha
Knowledge Distillation,ResNet50,Education,84.3,83.6,80.2,46.4,217.7,169.8,37.1,Mid-Range,Good,Uttar Pradesh
Weight Sharing,ResNet18,Agriculture,91.4,90,44.4,17.7,281,180.3,16.6,Mid-Range,Moderate,Tamil Nadu
Pruning,ResNet50,Education,88.4,86.3,34,10.5,477.7,308.3,23.2,Low-End,Moderate,Assam
Quantization,SqueezeNet,Agriculture,83.8,82.4,30.8,11.4,422.8,257.7,17.3,Low-End,Good,Odisha
Knowledge Distillation,SqueezeNet,Education,90.4,88.3,59.5,27.7,258.6,205.2,34.9,Mid-Range,Good,Jharkhand
Weight Sharing,EfficientNet,Healthcare,83.2,80.6,15.4,7.8,321.8,199.2,34.5,Mid-Range,Poor,Tamil Nadu
Pruning,MobileNet,Agriculture,83.1,82.6,11.7,7.7,336.4,227.4,13.6,Low-End,Moderate,Uttar Pradesh
Quantization,EfficientNet,Education,84.7,84,94.9,53.2,546.7,363.3,12.4,Low-End,Moderate,West Bengal
Knowledge Distillation,SqueezeNet,Agriculture,89.2,88.5,92.3,47.1,222.8,164.7,24.6,Mid-Range,Moderate,Andhra Pradesh
Weight Sharing,MobileNetV2,Healthcare,89.9,88.7,12,8.1,395.3,265.6,21.4,Mid-Range,Poor,Andhra Pradesh
Pruning,EfficientNet,Healthcare,87.9,85.2,95.8,53,286.1,169.9,14.4,Mid-Range,Moderate,West Bengal
Quantization,SqueezeNet,Education,85.6,83.8,94.9,54.3,518.3,389.7,25.4,Low-End,Moderate,Uttar Pradesh
Knowledge Distillation,ResNet18,Healthcare,90.9,88.6,84.3,56.2,242,125.6,16.1,Mid-Range,Poor,Chhattisgarh
Weight Sharing,EfficientNet,Healthcare,87.4,86.6,20.7,10.3,276.7,213.1,39.2,Low-End,Poor,Rajasthan
Pruning,ResNet18,Education,87.9,86.1,60,26.7,467.2,360.4,34.8,Mid-Range,Good,Madhya Pradesh
Quantization,ResNet50,Education,86.7,83.8,11.8,4.9,383.1,289.8,15.5,Low-End,Poor,Assam
Knowledge Distillation,SqueezeNet,Agriculture,89,86.5,27.6,17.7,258.4,186,29.7,Mid-Range,Good,Jharkhand
Weight Sharing,MobileNetV2,Education,92.3,90.7,87.5,57.9,244.8,164.9,31.1,Mid-Range,Good,Uttar Pradesh
Pruning,MobileNet,Education,91.3,89.9,80.8,32.4,362.5,241.2,26.7,Low-End,Moderate,Assam
Quantization,MobileNet,Education,93.1,90.9,41.1,28.3,239.2,160.2,30.6,Low-End,Moderate,Chhattisgarh
Knowledge Distillation,EfficientNet,Agriculture,88,86.9,23.1,8.6,212.4,108.3,34.2,Low-End,Poor,Madhya Pradesh
Weight Sharing,MobileNetV2,Education,85.6,84.8,79,46.2,576.3,428.5,39.6,Low-End,Moderate,Manipur
Pruning,ResNet50,Education,86,85.1,8.3,3.9,319,161.3,36.7,Mid-Range,Moderate,Rajasthan
Quantization,SqueezeNet,Agriculture,90.1,89.2,19.5,6.6,520.6,332.6,27.1,Low-End,Poor,Odisha
Knowledge Distillation,ResNet18,Agriculture,85.7,85.2,97.5,52.6,435.6,236.2,16.2,Mid-Range,Moderate,Rajasthan
Weight Sharing,SqueezeNet,Education,86.7,84.9,48.6,14.7,225.7,122.8,39.5,Mid-Range,Poor,Jharkhand
Pruning,MobileNetV2,Agriculture,87.8,86.7,87.3,37.1,440,255.9,33.1,Mid-Range,Good,Bihar
Quantization,ResNet18,Agriculture,83.7,82.7,52.6,34.6,250.4,132.1,33.7,Low-End,Poor,Andhra Pradesh
Knowledge Distillation,EfficientNet,Agriculture,84.3,82.5,24.1,9.1,439.2,240.1,39.5,Low-End,Moderate,Odisha
Weight Sharing,EfficientNet,Agriculture,87.7,84.7,69.1,32.1,476.3,357.8,35,Low-End,Poor,Tamil Nadu
Pruning,ResNet50,Healthcare,88.4,86.3,79,31,305.3,171.8,21.4,Mid-Range,Moderate,Odisha
Quantization,ResNet50,Education,87.1,84.7,87.9,59.9,538.5,350.8,18.8,Mid-Range,Moderate,Chhattisgarh
Knowledge Distillation,SqueezeNet,Healthcare,83.5,82.8,12.4,3.9,569.3,312.9,11.5,Mid-Range,Poor,Odisha
Weight Sharing,ResNet50,Education,85,84.1,56,38.9,481.5,311.9,20.8,Mid-Range,Good,Odisha
Pruning,ResNet50,Agriculture,89,87.3,49.6,31.3,400.7,307.1,23.2,Low-End,Good,Odisha
Quantization,EfficientNet,Education,87.4,85.5,20.9,12.2,488.2,278.7,27.3,Mid-Range,Moderate,Uttar Pradesh
Knowledge Distillation,ResNet50,Healthcare,92.5,89.6,15.6,7.9,167.8,102.8,39.7,Mid-Range,Poor,Manipur
Weight Sharing,SqueezeNet,Agriculture,84.3,82.6,59,24.8,291,151.8,22.4,Low-End,Moderate,Rajasthan
Pruning,ResNet18,Healthcare,90.9,89.1,25.6,8.5,408.4,317.8,28,Low-End,Good,West Bengal
Quantization,ResNet18,Education,87.8,86.8,97.3,61.5,276.3,200.2,14.8,Mid-Range,Good,Uttar Pradesh
Knowledge Distillation,ResNet50,Education,89.8,87.6,82.6,39,416.6,285.7,35.6,Low-End,Moderate,Andhra Pradesh
Weight Sharing,MobileNetV2,Healthcare,89.1,86.8,69.6,30.5,535.2,273,38.2,Low-End,Good,Jharkhand
Pruning,ResNet50,Healthcare,84.5,83.7,10.8,3.8,550.8,330.3,38.1,Low-End,Good,Odisha
Quantization,EfficientNet,Healthcare,86.1,85.3,5.9,3.7,216,127.9,30.7,Low-End,Moderate,West Bengal
Knowledge Distillation,SqueezeNet,Healthcare,89.2,88.6,63.8,30.3,480.8,339.2,11.3,Low-End,Good,Rajasthan
Weight Sharing,SqueezeNet,Healthcare,92,90.3,40.5,25.1,559.4,368.4,15,Low-End,Good,Rajasthan
Pruning,EfficientNet,Healthcare,89.4,88.5,47.7,31.8,366.2,262.4,19.2,Low-End,Good,Manipur
Quantization,MobileNet,Agriculture,85.7,83.8,86.7,27.1,599.7,459.8,14.6,Mid-Range,Poor,Andhra Pradesh
Knowledge Distillation,ResNet18,Education,86.7,84,78.1,42.6,176.1,113,30.8,Low-End,Poor,Rajasthan
Weight Sharing,SqueezeNet,Education,89.9,87.7,53.1,22.4,492.4,279.8,23.9,Mid-Range,Moderate,Manipur
Pruning,MobileNetV2,Agriculture,92.2,90.4,52.7,22,182.9,134.6,39.5,Low-End,Good,Manipur
Quantization,MobileNet,Healthcare,93.7,92.1,5.6,3.2,406.5,214.8,39.6,Mid-Range,Good,Chhattisgarh
Knowledge Distillation,ResNet50,Healthcare,84.3,82.7,49.7,34.2,484.1,254.9,36.8,Mid-Range,Moderate,Assam
Weight Sharing,ResNet50,Agriculture,89.5,88.8,92.5,29.8,185.4,136,18,Low-End,Moderate,Rajasthan
Pruning,MobileNet,Agriculture,84.2,81.4,48.3,33.2,463,257,32.2,Low-End,Moderate,Assam
Quantization,ResNet50,Education,84.4,83,96.1,34.3,155.8,118.8,22.3,Low-End,Good,West Bengal
Knowledge Distillation,MobileNet,Healthcare,89.6,87.5,59.9,18.6,242.7,149.7,11.3,Low-End,Poor,Andhra Pradesh
Weight Sharing,ResNet18,Education,93.7,92.6,53.7,30.4,564.3,340.4,39,Mid-Range,Moderate,Tamil Nadu
Pruning,SqueezeNet,Education,90.8,89.8,51.9,21.3,267.4,159.7,19.8,Low-End,Moderate,Tamil Nadu
Quantization,EfficientNet,Education,85.6,84.9,91.3,40.2,175.3,127.8,20.4,Low-End,Moderate,Bihar
Knowledge Distillation,MobileNetV2,Healthcare,87.4,86.8,64.9,21.3,192.8,121.1,19.5,Low-End,Moderate,Chhattisgarh
Weight Sharing,EfficientNet,Education,87.1,84.6,70.4,21.2,536,361.5,27.8,Low-End,Moderate,Madhya Pradesh
Pruning,EfficientNet,Healthcare,85.1,83.4,43.5,17.1,378.6,266.2,23.6,Low-End,Poor,Odisha
Quantization,MobileNet,Agriculture,84.2,82.6,6.1,4.3,357.5,273.5,18.7,Mid-Range,Moderate,Assam
Knowledge Distillation,SqueezeNet,Education,83.9,81,41,13.4,252,152.2,32,Low-End,Good,Odisha
Weight Sharing,EfficientNet,Healthcare,92.8,92.1,47.3,23.5,507.1,319.2,37.1,Mid-Range,Good,Uttar Pradesh
Pruning,MobileNet,Agriculture,84,83,54.3,17.8,218.6,173.3,18,Mid-Range,Moderate,Andhra Pradesh
Quantization,SqueezeNet,Education,86.2,83.7,74.5,39.4,312.4,242.8,25.2,Mid-Range,Good,Assam
Knowledge Distillation,MobileNet,Agriculture,83.1,81,27,12.6,389.4,304.8,33.7,Low-End,Moderate,Tamil Nadu
Weight Sharing,ResNet18,Healthcare,83.6,81.4,84.2,29,438.4,312,29.6,Low-End,Moderate,Uttar Pradesh
Pruning,MobileNet,Healthcare,83.1,82.4,13.1,6.4,527.3,406.2,30.6,Low-End,Poor,Rajasthan
Quantization,ResNet50,Agriculture,91.7,89.7,51.5,21.7,340.8,257.6,39.7,Mid-Range,Moderate,Jharkhand
Knowledge Distillation,ResNet18,Education,91.8,90.8,79.1,27.9,266,188.6,38.5,Mid-Range,Moderate,Andhra Pradesh
Weight Sharing,ResNet50,Education,89.5,88.1,68.4,24.3,522.1,347.8,37.8,Mid-Range,Poor,Uttar Pradesh
Pruning,SqueezeNet,Education,88,86.9,96.4,39.5,466.1,319.3,38.8,Low-End,Good,Rajasthan
Quantization,MobileNetV2,Education,90.4,87.5,47.1,23.9,521.2,295.6,29.9,Mid-Range,Moderate,Odisha
Knowledge Distillation,MobileNet,Agriculture,86.2,85.3,37.8,22.7,541.2,411.5,17.3,Mid-Range,Poor,Rajasthan
Weight Sharing,EfficientNet,Education,92.6,90.6,95.1,52.8,165.8,129,38.1,Low-End,Poor,Tamil Nadu
Pruning,EfficientNet,Education,93.8,92.4,97.5,37.2,549.7,363.8,35.5,Low-End,Poor,Rajasthan
Quantization,ResNet50,Education,88.4,86.4,94.1,61.7,344.4,212.5,37.6,Mid-Range,Moderate,Jharkhand
Knowledge Distillation,SqueezeNet,Agriculture,88.2,85.7,54.4,22.4,251.4,157.8,39.8,Mid-Range,Moderate,Chhattisgarh
Weight Sharing,ResNet18,Healthcare,88.4,85.9,27.6,15.8,467.6,308.6,18.3,Mid-Range,Moderate,Jharkhand
Pruning,ResNet50,Education,92,90.7,50.2,26.3,499.1,382,14,Low-End,Good,West Bengal
Quantization,EfficientNet,Agriculture,84.7,84.1,28.4,9.9,216.8,163.8,19.2,Low-End,Poor,Assam
Knowledge Distillation,ResNet18,Education,91.5,90.3,60.1,40.2,304.5,225.9,35.8,Mid-Range,Poor,West Bengal
Weight Sharing,ResNet18,Education,83.5,81.7,37.6,23.2,498.2,280.8,27,Mid-Range,Good,Uttar Pradesh
Pruning,ResNet18,Education,89.6,87.6,10.3,3.4,182,91.7,23.9,Mid-Range,Poor,Rajasthan
Quantization,ResNet50,Agriculture,93.1,90.7,92.5,42.5,463.4,265.6,38.3,Mid-Range,Good,West Bengal
Knowledge Distillation,ResNet50,Agriculture,93.5,92.3,25.5,13,474,302.6,32.2,Low-End,Poor,Rajasthan
Weight Sharing,MobileNet,Agriculture,93.5,91.4,57.5,19.5,408,302,31,Low-End,Moderate,Uttar Pradesh
Pruning,ResNet50,Education,86.4,83.8,75.2,46.1,537.5,389.8,38.1,Mid-Range,Good,Tamil Nadu
Quantization,ResNet50,Agriculture,86,83.8,52.3,16.5,176.9,122.6,26.1,Low-End,Poor,Manipur
Knowledge Distillation,MobileNetV2,Healthcare,90.1,87.4,60.4,23.6,187.7,106,12.4,Mid-Range,Poor,Jharkhand
Weight Sharing,EfficientNet,Education,85.4,84.5,45.5,30.7,378.4,200.1,34.9,Mid-Range,Good,Bihar
Pruning,SqueezeNet,Healthcare,88.6,86.2,33,18.7,320.3,189.2,37.2,Mid-Range,Moderate,West Bengal
Quantization,MobileNet,Agriculture,92.7,90.8,83.2,25.6,262.3,152.3,11.9,Mid-Range,Poor,Chhattisgarh
Knowledge Distillation,MobileNetV2,Education,86.1,85.1,96.1,49.5,194.3,122.5,34.8,Mid-Range,Good,Tamil Nadu
Weight Sharing,MobileNetV2,Education,88.7,88,76.9,24,268.9,150.8,23.9,Mid-Range,Moderate,Odisha
Pruning,ResNet50,Education,88.8,86.5,30.8,10.6,531.3,272.5,30.9,Low-End,Poor,Odisha
Quantization,EfficientNet,Agriculture,84,81.9,70.1,28.7,164.4,118.4,15.4,Mid-Range,Good,Tamil Nadu
Knowledge Distillation,MobileNetV2,Agriculture,86.7,86.1,54.6,30.1,588.6,332.5,32,Low-End,Poor,Odisha
Weight Sharing,MobileNetV2,Healthcare,84.2,83,46.4,17.7,431.7,255.3,25.8,Low-End,Moderate,Uttar Pradesh
Pruning,SqueezeNet,Agriculture,90.7,90,87.2,60.6,212.8,121.2,28.1,Mid-Range,Poor,Andhra Pradesh
Quantization,EfficientNet,Healthcare,90.8,89.6,8.7,4.5,438.6,278.6,31.4,Low-End,Good,Chhattisgarh
Knowledge Distillation,ResNet18,Education,85.1,83.9,70.2,48.8,506.5,311.8,39.7,Low-End,Poor,Manipur
Weight Sharing,MobileNetV2,Education,88.4,86.5,8.2,5.4,567.6,429.4,33.3,Low-End,Poor,Madhya Pradesh
Pruning,MobileNetV2,Education,88,86.8,69.8,30.1,219.3,163.2,25.1,Low-End,Moderate,Bihar
Quantization,MobileNet,Education,90.5,89,83,46.2,187.1,120.8,39.3,Low-End,Good,Assam
Knowledge Distillation,MobileNet,Agriculture,91.8,89,23.1,13.4,194.6,121,28,Mid-Range,Good,Rajasthan
Weight Sharing,MobileNet,Healthcare,84.7,81.7,34.8,15.5,223.5,124.3,36.2,Mid-Range,Moderate,Tamil Nadu
Pruning,MobileNet,Agriculture,87.6,87,59.6,29.5,523.2,306,23.3,Mid-Range,Moderate,Manipur
Quantization,MobileNetV2,Education,89.8,88.9,25.6,10.1,593,461.1,13.8,Low-End,Poor,Bihar
Knowledge Distillation,ResNet50,Agriculture,90.3,89.6,59.5,36,179.6,120.5,20.5,Mid-Range,Good,Manipur
Weight Sharing,ResNet18,Healthcare,91.2,88.4,58.3,35.5,277.9,170.7,35.9,Mid-Range,Good,Madhya Pradesh
Pruning,EfficientNet,Healthcare,83.2,82.5,41.1,22.4,598.2,321.3,15.6,Mid-Range,Moderate,Chhattisgarh
Quantization,EfficientNet,Healthcare,89.2,86.2,46.3,20.2,576.6,444.6,21,Low-End,Poor,Uttar Pradesh
Knowledge Distillation,MobileNetV2,Education,90.9,89.7,41.5,20.7,332.6,187.8,19.4,Mid-Range,Moderate,Andhra Pradesh
Weight Sharing,ResNet18,Education,89.4,87.5,17.9,5.9,455.8,228,13.1,Mid-Range,Poor,Chhattisgarh
Pruning,MobileNetV2,Agriculture,91.2,88.7,98.9,31.8,426.8,279.7,13.2,Low-End,Good,Rajasthan
Quantization,EfficientNet,Healthcare,91.3,89.4,54.3,29.4,447,232.1,30.5,Low-End,Moderate,Madhya Pradesh
Knowledge Distillation,EfficientNet,Healthcare,84.4,82.3,80.3,28.7,372.5,260.4,16.9,Low-End,Good,Chhattisgarh
Weight Sharing,SqueezeNet,Agriculture,91.6,90.2,7.1,4.6,521.8,391.3,19.2,Mid-Range,Good,Rajasthan
Pruning,ResNet18,Healthcare,84.7,83.9,27.4,15.3,500.7,374.6,10.8,Mid-Range,Poor,Uttar Pradesh
Quantization,SqueezeNet,Agriculture,91.6,89.7,85.4,28.6,587,294,16.7,Mid-Range,Moderate,Manipur
Knowledge Distillation,MobileNet,Healthcare,93.8,93,17.4,7.5,164.8,90.9,33.9,Low-End,Poor,Uttar Pradesh
Weight Sharing,SqueezeNet,Healthcare,92.6,90.1,76.3,31,596.2,401.1,16.9,Low-End,Good,Bihar
Pruning,MobileNetV2,Education,88.1,86.8,7.9,2.8,322.8,229.7,30.3,Mid-Range,Moderate,Andhra Pradesh
Quantization,SqueezeNet,Healthcare,85.3,83.5,54.1,31.7,218.4,167.1,30.5,Mid-Range,Poor,Madhya Pradesh
Knowledge Distillation,ResNet18,Education,84.7,83.5,60.3,21.1,331.8,219.1,11.2,Low-End,Moderate,Rajasthan
Weight Sharing,EfficientNet,Healthcare,83.5,80.7,43.9,24.4,224.8,126.8,26.1,Low-End,Moderate,Tamil Nadu
Pruning,SqueezeNet,Healthcare,88.8,87.6,99.1,48.1,525.3,414.2,23.8,Mid-Range,Poor,Odisha
Quantization,EfficientNet,Education,87.8,87,71.3,43.1,278.1,172.7,31.6,Mid-Range,Poor,Bihar
Knowledge Distillation,MobileNet,Agriculture,84.7,83.2,64.5,24.4,198.1,147.9,28.4,Low-End,Moderate,West Bengal
Weight Sharing,SqueezeNet,Education,88.9,86.5,49.2,26,310.6,238.9,18,Low-End,Poor,Assam
Pruning,MobileNetV2,Education,85.8,83.6,71.9,36.9,243.9,189.8,13.3,Mid-Range,Moderate,Bihar
Quantization,MobileNet,Agriculture,87.9,86.2,53.9,36.6,558.4,391.4,19.7,Mid-Range,Poor,West Bengal
Knowledge Distillation,MobileNetV2,Agriculture,83,82.2,92.3,30,214.2,117.5,37.2,Mid-Range,Good,Uttar Pradesh
Weight Sharing,EfficientNet,Education,91,89.7,62.7,22.5,239.6,180.3,29.6,Mid-Range,Good,Chhattisgarh
Pruning,ResNet18,Education,85.8,84.3,91.7,57.1,280.8,165.8,37.9,Low-End,Good,Madhya Pradesh
Quantization,SqueezeNet,Agriculture,86,84.3,83.8,54.8,199.8,113.9,12.6,Low-End,Good,Tamil Nadu
Knowledge Distillation,ResNet18,Agriculture,85.5,83.6,22,8.8,560.6,348.3,15.9,Mid-Range,Good,Madhya Pradesh
Weight Sharing,MobileNetV2,Education,84.1,82.9,39.7,16.4,333,192.3,33.9,Mid-Range,Poor,Bihar
Pruning,ResNet50,Education,89.3,88.6,96.8,49.2,162.7,99.5,21.6,Mid-Range,Moderate,Madhya Pradesh
Quantization,MobileNet,Healthcare,90.6,88.1,73.4,40.7,533.3,412.2,24.1,Low-End,Good,Uttar Pradesh
Knowledge Distillation,MobileNetV2,Education,89.4,87.8,51.7,16,310.6,201.6,24.4,Low-End,Moderate,Tamil Nadu
Weight Sharing,MobileNet,Healthcare,89.2,88.4,13.4,5.3,168.2,130.1,36.1,Low-End,Poor,Rajasthan
Pruning,SqueezeNet,Education,90.2,89.5,25,10.2,538.7,298.6,10.5,Mid-Range,Moderate,Chhattisgarh
Quantization,MobileNetV2,Healthcare,86.6,84.3,79.1,24,437.2,293.9,20,Low-End,Poor,Tamil Nadu
Knowledge Distillation,MobileNetV2,Agriculture,90.3,88.5,16.2,5.5,206.5,133.2,13.7,Mid-Range,Moderate,Manipur
Weight Sharing,ResNet50,Education,86.9,86.1,97.2,55.8,454.5,274.3,19.1,Low-End,Poor,Chhattisgarh
Pruning,MobileNet,Healthcare,85.5,84,61.5,25.4,427.5,340.4,27.1,Mid-Range,Good,Assam
Quantization,EfficientNet,Agriculture,85.2,84.5,69.5,37.9,267.8,170.7,33.9,Low-End,Poor,Uttar Pradesh
Knowledge Distillation,SqueezeNet,Healthcare,90.7,88.1,86,51.3,264.7,192.7,15,Low-End,Moderate,Chhattisgarh
Weight Sharing,MobileNetV2,Education,87.2,84.4,67.5,34.8,396.2,240.9,29.9,Low-End,Good,Jharkhand
Pruning,MobileNet,Healthcare,83.5,80.5,83.5,50.1,540.2,397.4,15.5,Mid-Range,Poor,Odisha
Quantization,ResNet18,Education,89.5,88.5,31.2,18.9,238.6,183.6,20.8,Mid-Range,Good,Madhya Pradesh
Knowledge Distillation,MobileNetV2,Education,84.8,83.5,46.5,19.8,197.8,137.7,15.5,Mid-Range,Good,West Bengal
Weight Sharing,ResNet50,Education,88.4,87.7,99.3,33.7,500.8,322.8,30.2,Mid-Range,Good,Assam
Pruning,ResNet50,Agriculture,91.6,89.9,31.2,11.6,413.6,320.1,29.3,Low-End,Poor,Odisha
Quantization,EfficientNet,Education,91.7,89.3,77.2,25.7,595.8,394.2,21.8,Mid-Range,Good,Rajasthan
Knowledge Distillation,ResNet18,Healthcare,86.9,84.2,5.9,4,574.8,353.4,31.8,Low-End,Good,Odisha
Weight Sharing,SqueezeNet,Agriculture,83.4,82.1,63.8,24.6,329.4,190.4,33.6,Mid-Range,Moderate,Uttar Pradesh
Pruning,ResNet18,Education,85.7,84.4,8,3.2,517.8,264.5,17.8,Mid-Range,Good,Rajasthan
Quantization,ResNet50,Agriculture,92.7,90,63,42.8,244.5,141.5,14.8,Mid-Range,Moderate,West Bengal
Knowledge Distillation,ResNet50,Healthcare,92.4,91.5,55.4,21.9,307.5,159,12.9,Mid-Range,Poor,Assam
Weight Sharing,ResNet18,Agriculture,92.6,90.2,25.3,17.3,484.1,342.2,21.3,Low-End,Poor,Madhya Pradesh
Pruning,MobileNet,Agriculture,84.9,82.1,42.5,25.6,389.4,237.4,15.3,Mid-Range,Moderate,Bihar
Quantization,EfficientNet,Education,88,85.8,27.3,18.4,513.1,372.3,13.6,Low-End,Moderate,Tamil Nadu
Knowledge Distillation,ResNet50,Agriculture,93.4,92,50.2,28.1,532.4,276.2,22.8,Mid-Range,Poor,Odisha
Weight Sharing,MobileNet,Education,91.8,90.9,25.7,13.9,511.4,383.6,15.9,Mid-Range,Good,Jharkhand
Pruning,ResNet50,Education,90.6,88.8,50.6,31.7,232.6,132.5,13.5,Low-End,Poor,Bihar
Quantization,SqueezeNet,Education,91.2,90.6,55.2,20.7,242.8,126.6,37.2,Mid-Range,Poor,West Bengal
Knowledge Distillation,MobileNet,Agriculture,89.8,87,43.3,17.3,283.9,203.4,35.5,Low-End,Good,Bihar
Weight Sharing,MobileNet,Agriculture,83.7,81.9,55.8,22.4,430.9,312.3,10.2,Mid-Range,Good,Andhra Pradesh
Pruning,EfficientNet,Agriculture,90.5,89.3,87.8,48.6,489.8,273.9,15.5,Low-End,Poor,Uttar Pradesh
Quantization,ResNet50,Agriculture,83.1,81.1,92.4,32.4,417.8,304.1,17.9,Mid-Range,Moderate,West Bengal
Knowledge Distillation,MobileNetV2,Education,85.7,82.9,65.5,23.5,427,231.6,15,Low-End,Poor,Tamil Nadu
Weight Sharing,ResNet50,Healthcare,92.5,90.7,63.5,25,231.9,152.2,34.2,Mid-Range,Poor,Chhattisgarh
Pruning,ResNet18,Agriculture,88.8,86.5,88.3,54.6,423.1,275.5,11.8,Mid-Range,Poor,Andhra Pradesh
Quantization,MobileNetV2,Education,87.5,86.2,76.1,24.3,193.9,153.2,17.8,Low-End,Moderate,Uttar Pradesh
Knowledge Distillation,SqueezeNet,Education,89.4,88,58.2,28.9,510.6,378.9,38.3,Mid-Range,Poor,Jharkhand
Weight Sharing,MobileNetV2,Education,88.5,87.7,5.2,2.8,305.3,173.8,15.5,Low-End,Good,Chhattisgarh
Pruning,SqueezeNet,Healthcare,87.5,85.5,22.3,8.6,375.1,273.6,15.1,Mid-Range,Poor,Chhattisgarh
Quantization,ResNet50,Agriculture,93,91.1,24.8,16.4,395.6,296,22.3,Mid-Range,Good,Madhya Pradesh
Knowledge Distillation,ResNet18,Agriculture,91,90.1,48.2,15.3,437.5,269.3,22.6,Low-End,Good,Tamil Nadu
Weight Sharing,MobileNetV2,Agriculture,83.8,81.6,8.1,4.8,426.3,247,23.4,Mid-Range,Good,West Bengal
Pruning,SqueezeNet,Agriculture,92.6,91.2,20.7,6.8,490,370.7,24.4,Low-End,Good,West Bengal
Quantization,SqueezeNet,Agriculture,83.2,80.3,7.9,4,394.2,299.6,31.2,Mid-Range,Poor,West Bengal
Knowledge Distillation,SqueezeNet,Education,92,89.9,86.9,52.9,449.7,238.4,12.2,Low-End,Poor,Chhattisgarh
Weight Sharing,ResNet50,Healthcare,91.6,89.3,87,40.4,441.9,291.8,22.4,Mid-Range,Poor,Andhra Pradesh
Pruning,SqueezeNet,Agriculture,83.3,81.5,59.4,34.9,411.5,282.1,23.2,Mid-Range,Good,Madhya Pradesh
Quantization,ResNet50,Agriculture,85.4,83.1,25.3,14.5,499,346.4,23.2,Low-End,Good,Bihar
Knowledge Distillation,MobileNetV2,Education,84.1,82.3,32.2,21,195.3,129.7,10.6,Low-End,Poor,Tamil Nadu
Weight Sharing,SqueezeNet,Agriculture,87.6,85.3,75,49.8,493.1,280.1,15.1,Low-End,Poor,Andhra Pradesh
Pruning,SqueezeNet,Education,89.5,87.7,64.5,21.8,208.4,153,13,Mid-Range,Moderate,Uttar Pradesh
Quantization,MobileNetV2,Education,83.7,81.5,67.1,41.8,221.1,166.8,11,Mid-Range,Good,Jharkhand
Knowledge Distillation,SqueezeNet,Education,91.6,88.8,89.2,41,314.5,184,22.1,Low-End,Good,Rajasthan
Weight Sharing,ResNet18,Education,90.1,87.7,52,22.9,433,267.4,31.7,Mid-Range,Poor,Tamil Nadu
Pruning,ResNet50,Healthcare,91.1,90.1,83,44.1,156,109,23,Low-End,Good,Rajasthan
Quantization,ResNet50,Healthcare,89.6,86.6,35.7,13.7,306.8,234.8,39.2,Mid-Range,Moderate,Bihar
Knowledge Distillation,MobileNet,Agriculture,85.9,83.1,86.7,28.2,247,151.4,35,Low-End,Poor,Rajasthan
Weight Sharing,EfficientNet,Healthcare,83.4,82.6,53.8,32.1,183.3,133.4,32.8,Low-End,Poor,Assam
Pruning,MobileNet,Healthcare,92.1,89.1,74.7,44.7,340,268,30.6,Low-End,Poor,Jharkhand
Quantization,ResNet18,Education,88.3,86.4,64.2,38.9,349.3,278.2,28.4,Mid-Range,Good,Rajasthan
Knowledge Distillation,MobileNet,Healthcare,87.7,85.7,48.5,27.4,317.3,221.4,14.3,Mid-Range,Moderate,Uttar Pradesh
Weight Sharing,ResNet50,Agriculture,84,83.1,89.3,35.2,271,145.3,22.5,Mid-Range,Good,Chhattisgarh
Pruning,MobileNet,Healthcare,84,82.3,67.3,34.2,462.2,295.7,12.5,Mid-Range,Good,Chhattisgarh
Quantization,SqueezeNet,Education,86.7,85.2,5,1.8,590.2,437.4,35.6,Mid-Range,Good,Jharkhand
Knowledge Distillation,EfficientNet,Healthcare,85.1,83.9,42.7,24.5,356.6,242.8,18.8,Low-End,Poor,West Bengal
Weight Sharing,ResNet50,Education,91.4,89,80.3,53.2,281.7,181,36.8,Low-End,Poor,Bihar
Pruning,ResNet18,Education,86,85.2,40.3,12.8,163.8,116.9,13.6,Low-End,Moderate,Rajasthan
Quantization,MobileNetV2,Agriculture,91.4,89.1,66.6,35.5,415.7,323.9,33.3,Mid-Range,Good,Jharkhand
Knowledge Distillation,EfficientNet,Healthcare,93,91.2,73.7,34.1,523.6,266.6,33.6,Low-End,Good,Madhya Pradesh
Weight Sharing,MobileNet,Education,90.3,88.3,76.9,31.3,474.6,336,18.3,Mid-Range,Good,Rajasthan
Pruning,EfficientNet,Healthcare,90.3,89.3,36.2,24.3,525.3,344.2,14.8,Mid-Range,Moderate,Chhattisgarh
Quantization,ResNet50,Healthcare,85.4,83.7,7.9,2.4,488.3,302.6,32.5,Low-End,Poor,Madhya Pradesh
Knowledge Distillation,ResNet50,Agriculture,88.5,86,88.8,60.9,181.1,107.1,15.9,Low-End,Moderate,Assam
Weight Sharing,ResNet18,Agriculture,90.2,88.7,95.9,66.4,375.5,267.9,16.9,Low-End,Good,West Bengal
Pruning,ResNet18,Education,88.4,87.3,30.7,12.6,403.3,271.3,38.5,Low-End,Moderate,Madhya Pradesh
Quantization,MobileNetV2,Education,88.8,86,84.6,25.5,214.1,119.8,33.8,Low-End,Poor,Odisha
Knowledge Distillation,ResNet18,Education,87.8,85,83.3,44.9,564.8,345.8,34.6,Low-End,Good,Chhattisgarh
Weight Sharing,ResNet50,Healthcare,92.1,90.6,90.7,28.5,363.6,268.6,36.1,Low-End,Good,Assam
Pruning,SqueezeNet,Agriculture,87.5,85.1,33.7,22.6,514.4,294.8,13.5,Low-End,Good,Andhra Pradesh
Quantization,SqueezeNet,Education,84.8,82.9,46.2,17.3,498.2,311.7,27,Low-End,Moderate,Manipur
Knowledge Distillation,MobileNet,Education,84.9,83.7,86.7,37.3,538.4,327.2,38.3,Low-End,Poor,Bihar
Weight Sharing,EfficientNet,Healthcare,89.7,86.7,72.1,23.4,256.9,164,29.3,Low-End,Moderate,Rajasthan
Pruning,ResNet50,Healthcare,90.2,88,67.4,39.5,502.3,266.2,10.3,Low-End,Good,Tamil Nadu
Quantization,MobileNet,Agriculture,85.6,83,88.5,29.3,369,232.4,34.6,Low-End,Moderate,Odisha
Knowledge Distillation,MobileNetV2,Healthcare,93.7,92.3,31.8,21.8,285.9,154.4,36.8,Mid-Range,Poor,Andhra Pradesh
Weight Sharing,EfficientNet,Education,91.6,91,72.7,27.6,152.1,77.4,10.2,Mid-Range,Moderate,Chhattisgarh
Pruning,ResNet18,Healthcare,88.6,86.4,21.3,14.8,272.5,186.9,17.1,Mid-Range,Good,Chhattisgarh
Quantization,SqueezeNet,Healthcare,87.6,85.7,16.9,8.6,536.5,298.5,14.1,Low-End,Poor,Jharkhand
Knowledge Distillation,MobileNet,Healthcare,87.5,84.8,32.4,12.4,315.9,223,28.5,Low-End,Poor,Manipur
Weight Sharing,MobileNet,Healthcare,87.2,86.4,50.5,25.3,549,340.2,32,Low-End,Good,Assam
Pruning,MobileNet,Healthcare,87.8,85.3,30,9.9,222.1,168.9,11.4,Mid-Range,Good,Tamil Nadu
Quantization,EfficientNet,Healthcare,84.4,83.1,56.1,18.8,218.1,165.7,11.3,Mid-Range,Good,Rajasthan
Knowledge Distillation,SqueezeNet,Education,92.7,91.4,52.9,26.2,571.7,442.9,21,Low-End,Moderate,Bihar
Weight Sharing,ResNet50,Education,84.1,81.2,51.6,28.5,193.9,151.3,35.9,Mid-Range,Poor,Bihar
Pruning,SqueezeNet,Education,85.5,83.3,45.3,14.3,295.5,173.4,21.3,Mid-Range,Moderate,Odisha
Quantization,ResNet50,Education,88.9,86.3,87.4,48.2,198.3,100.9,27.2,Mid-Range,Moderate,West Bengal
Knowledge Distillation,SqueezeNet,Agriculture,85.5,83.6,62.8,36.6,257.8,130,21.8,Mid-Range,Good,Rajasthan
Weight Sharing,EfficientNet,Agriculture,88.1,86,98.5,46.1,202.5,151.4,24.8,Mid-Range,Good,Bihar
Pruning,MobileNetV2,Education,86.2,84.4,30.5,10,396.7,250.5,17.9,Mid-Range,Poor,Odisha
Quantization,ResNet50,Healthcare,83.9,81,96.4,61.5,334.2,242.4,19.8,Low-End,Good,Rajasthan
Knowledge Distillation,MobileNet,Agriculture,83.2,81.7,70.7,27,557.2,378.9,32.2,Mid-Range,Poor,Tamil Nadu
Weight Sharing,MobileNet,Education,86.4,84.7,17.3,7.8,451.5,241.8,33.7,Mid-Range,Poor,Uttar Pradesh
Pruning,ResNet18,Education,87.4,84.9,30.6,19.7,414.9,217.7,18.3,Low-End,Moderate,Uttar Pradesh
Quantization,ResNet18,Healthcare,85.8,84.3,23.3,14.2,305.5,214,26.2,Low-End,Good,Assam
Knowledge Distillation,MobileNetV2,Healthcare,88.4,85.7,30.9,15.8,208,108.2,11.6,Mid-Range,Good,Chhattisgarh
Weight Sharing,MobileNetV2,Education,85.3,83.2,59.1,25.2,376.9,277.2,15.1,Mid-Range,Moderate,Odisha
Pruning,MobileNetV2,Education,92.4,90.5,84.6,52,496.8,332.5,26.5,Low-End,Good,Tamil Nadu
Quantization,ResNet18,Education,85.8,83.8,33.2,15.4,168.7,124.4,18.6,Low-End,Good,West Bengal
Knowledge Distillation,ResNet50,Agriculture,88.8,88.3,54.4,34.7,151.2,101.7,20.3,Low-End,Moderate,Madhya Pradesh
Weight Sharing,ResNet50,Agriculture,86.6,83.9,58.4,21,196.6,148.5,11,Mid-Range,Poor,West Bengal
Pruning,SqueezeNet,Healthcare,93,92,47.8,28.9,207.3,123.4,12,Mid-Range,Moderate,Andhra Pradesh
Quantization,ResNet18,Healthcare,90,88.2,77.9,38.3,435.9,309.6,27.4,Low-End,Moderate,Rajasthan
Knowledge Distillation,MobileNet,Healthcare,83.8,81.5,87.4,35.6,412.2,327.6,34.7,Mid-Range,Poor,Assam
Weight Sharing,MobileNet,Healthcare,87.4,86.2,5.3,2.1,365.3,200.3,16.4,Mid-Range,Moderate,Madhya Pradesh
Pruning,SqueezeNet,Healthcare,93,90.5,9.7,3.6,414.6,329.8,15,Low-End,Good,Madhya Pradesh
Quantization,SqueezeNet,Healthcare,91.3,89.9,40,22.9,180.7,130.2,14,Mid-Range,Good,Madhya Pradesh
Knowledge Distillation,SqueezeNet,Agriculture,84.5,82,83.7,39,295.4,231.5,22.6,Mid-Range,Poor,Madhya Pradesh
Weight Sharing,EfficientNet,Agriculture,92.6,90.3,59.3,19.1,283.5,204.7,32.5,Mid-Range,Good,Uttar Pradesh
Pruning,ResNet50,Healthcare,85.8,84.4,48.8,26.4,573.5,376.8,34.5,Mid-Range,Moderate,West Bengal
Quantization,MobileNetV2,Agriculture,87.6,86.2,25.3,9.5,331.9,171.5,26.1,Mid-Range,Poor,Andhra Pradesh
Knowledge Distillation,EfficientNet,Education,92.8,90.7,88,35.7,500.6,272,21,Low-End,Moderate,Uttar Pradesh
Weight Sharing,SqueezeNet,Healthcare,90,87.2,88.4,43,446.3,254.5,20.3,Mid-Range,Good,Andhra Pradesh
Pruning,MobileNet,Education,91.9,91.2,68.9,28.1,217.7,168.6,27.7,Low-End,Poor,Andhra Pradesh
Quantization,SqueezeNet,Healthcare,87.6,86.9,49.2,27.7,460.7,288.6,19.1,Mid-Range,Poor,Odisha
Knowledge Distillation,ResNet50,Healthcare,89.9,87.9,16,10.6,345.5,212.6,17,Low-End,Poor,Assam
Weight Sharing,MobileNetV2,Agriculture,89.8,87.5,11.6,6.6,539.6,305.4,11.2,Mid-Range,Good,Odisha
Pruning,MobileNet,Education,88.9,88.3,14.1,6.8,474,323.1,18.9,Low-End,Poor,Tamil Nadu
Quantization,ResNet18,Education,88.8,86,80.3,50.3,373.1,200.8,16.4,Mid-Range,Poor,Andhra Pradesh
Knowledge Distillation,MobileNetV2,Education,87.7,85.3,89.8,50.8,250.3,128.9,39.4,Low-End,Moderate,Jharkhand
Weight Sharing,MobileNet,Education,88,87.2,35,11,362.7,230.5,37,Low-End,Poor,Rajasthan
Pruning,ResNet18,Agriculture,88.3,86,34.7,18.8,403,288.5,14.6,Low-End,Moderate,Tamil Nadu
Quantization,EfficientNet,Healthcare,93.9,92.3,47.8,24.4,555.1,427.5,32.9,Mid-Range,Good,Uttar Pradesh
Knowledge Distillation,ResNet18,Agriculture,90,87.1,54.3,38,464.4,274.7,13.9,Low-End,Good,Assam
Weight Sharing,ResNet18,Healthcare,88.8,86.1,77.6,43.5,364.4,286.9,34.3,Low-End,Good,Tamil Nadu
Pruning,MobileNetV2,Education,93.7,92.5,63.7,34,257.3,189,11.8,Low-End,Good,Odisha
Quantization,SqueezeNet,Agriculture,89.4,87.1,35.8,13.4,192,121.7,30.4,Low-End,Good,Uttar Pradesh
Knowledge Distillation,MobileNetV2,Education,92.4,91.6,97.4,53.9,422.3,222.8,12.5,Low-End,Good,Assam
Weight Sharing,EfficientNet,Education,87.8,85.9,92.6,27.9,590.2,305.9,33.3,Low-End,Good,West Bengal
Pruning,ResNet50,Agriculture,86.5,84,88.7,35,376.2,259.2,34.1,Low-End,Poor,Uttar Pradesh
Quantization,MobileNet,Healthcare,93.7,91.1,29.5,20.2,412.6,287.9,32.2,Mid-Range,Good,Bihar
Knowledge Distillation,MobileNetV2,Healthcare,90.6,89.9,30.6,20.5,263.2,149,20.7,Mid-Range,Good,Odisha
Weight Sharing,ResNet50,Healthcare,88.3,87.5,64.7,22.2,314.9,217,34.7,Low-End,Good,Andhra Pradesh
Pruning,MobileNet,Education,83.1,82,66.7,20.6,591.3,458.6,18,Low-End,Good,Assam
Quantization,ResNet50,Agriculture,93,91.3,17.5,9.5,203.9,153.1,38.4,Low-End,Good,Tamil Nadu
Knowledge Distillation,MobileNetV2,Education,89.9,88,34.1,16.6,428.2,263.7,10.9,Low-End,Good,Chhattisgarh
Weight Sharing,EfficientNet,Education,90.2,87.5,81.8,49.4,312.5,164.4,13.2,Low-End,Moderate,Madhya Pradesh
Pruning,ResNet50,Healthcare,86.9,84.2,14.2,4.9,338.7,177.7,11.8,Low-End,Moderate,Uttar Pradesh
Quantization,MobileNetV2,Agriculture,83.4,81.6,77.7,52.5,503.1,372.7,29.2,Low-End,Poor,Assam
Knowledge Distillation,SqueezeNet,Healthcare,93.2,91.3,47.5,16.6,402,210.9,27.2,Mid-Range,Good,Assam
Weight Sharing,ResNet50,Healthcare,88.6,86,22.1,11.8,408.7,240.8,38.3,Mid-Range,Moderate,Madhya Pradesh
Pruning,EfficientNet,Education,84.7,84.1,16.5,6.7,491.5,258.7,36.7,Mid-Range,Good,Odisha
Quantization,ResNet18,Education,88.1,87.6,99.7,69.2,299.5,176.3,16.9,Mid-Range,Good,Andhra Pradesh
Knowledge Distillation,EfficientNet,Education,86.8,85.8,17.7,6.4,151,92.7,12.2,Low-End,Good,Tamil Nadu
Weight Sharing,MobileNetV2,Healthcare,89.1,86.7,6.7,3.2,368.5,234,33.8,Low-End,Good,Jharkhand
Pruning,MobileNet,Healthcare,92.1,90.4,17.9,6.2,355.9,267.3,35.2,Low-End,Moderate,Odisha
Quantization,ResNet18,Agriculture,90.1,87.8,79.1,52.1,464.8,279.6,10.2,Mid-Range,Poor,West Bengal
Knowledge Distillation,EfficientNet,Education,87.1,85.2,4.1,2.9,179.1,137.1,30.5,Mid-Range,Poor,Bihar
Weight Sharing,EfficientNet,Education,88.1,85.4,38.7,19.8,233.1,140.9,34.2,Mid-Range,Good,Andhra Pradesh
Pruning,ResNet18,Agriculture,84.9,82.7,36.5,25.1,382.6,195.5,13.8,Low-End,Good,Tamil Nadu
Quantization,SqueezeNet,Education,93.2,92.6,25.8,17.5,204.8,124.4,36.4,Mid-Range,Poor,Manipur
Knowledge Distillation,ResNet18,Education,90.9,88.5,56.9,24,188.7,103.8,22.7,Mid-Range,Moderate,Andhra Pradesh
Weight Sharing,EfficientNet,Agriculture,92.5,90.3,35.3,23,452.1,347.8,21.5,Mid-Range,Poor,Jharkhand
Pruning,MobileNet,Agriculture,87.8,86.7,21.1,12.3,167.6,91.7,14.9,Low-End,Poor,Jharkhand
Quantization,EfficientNet,Agriculture,83.2,81.3,16.5,10.2,223.1,164.5,28.3,Low-End,Moderate,Assam
Knowledge Distillation,EfficientNet,Healthcare,89.7,87.3,86.2,51.4,189.5,136.9,25.4,Mid-Range,Moderate,West Bengal
Weight Sharing,ResNet18,Agriculture,90.8,90.1,43.3,21.2,169.1,100.5,13.3,Low-End,Moderate,Assam
Pruning,EfficientNet,Agriculture,91.1,88.7,87.2,48.7,369.9,274.3,22,Mid-Range,Moderate,West Bengal
Quantization,ResNet18,Healthcare,84.9,82.1,76.3,45,403.7,248.2,29,Mid-Range,Good,Manipur
Knowledge Distillation,MobileNetV2,Healthcare,89.5,88.6,54.7,20.7,279.8,147,23,Low-End,Moderate,Manipur
Weight Sharing,MobileNetV2,Education,84.7,82.5,72.5,47.4,288.7,226.4,32.5,Mid-Range,Moderate,Andhra Pradesh
Pruning,MobileNet,Agriculture,93.2,90.5,84.8,57.3,189.2,99.3,16.3,Mid-Range,Good,Assam
Quantization,ResNet18,Education,92.1,90.3,15.1,8.4,347,199.7,35.1,Low-End,Moderate,Odisha
Knowledge Distillation,ResNet18,Healthcare,84.1,82.1,8.8,6,192.9,148.3,12.1,Low-End,Poor,Uttar Pradesh
Weight Sharing,EfficientNet,Agriculture,87,84.9,77.2,41.5,413.6,257.6,21.2,Low-End,Poor,Rajasthan
Pruning,ResNet18,Education,84.2,82.5,29.6,19.6,538.9,328.6,14.6,Low-End,Moderate,Rajasthan
Quantization,EfficientNet,Education,91.2,90.6,79.6,25.1,487.1,322.8,37.9,Mid-Range,Good,Chhattisgarh
Knowledge Distillation,SqueezeNet,Agriculture,85.2,84.3,22,8.1,574.9,304,21.8,Mid-Range,Moderate,Chhattisgarh
Weight Sharing,ResNet50,Education,86.4,85.7,67.8,29.7,432.2,299.7,21.6,Low-End,Good,Chhattisgarh
Pruning,EfficientNet,Agriculture,89,86.6,66.8,30,493.2,349.8,29.7,Low-End,Moderate,Assam
Quantization,ResNet50,Healthcare,91.7,90.2,52.8,26.6,390.4,202.4,38,Low-End,Moderate,Tamil Nadu
Knowledge Distillation,SqueezeNet,Agriculture,89.9,87.3,11.3,4.8,466,362.8,30.8,Low-End,Moderate,Tamil Nadu
Weight Sharing,MobileNet,Healthcare,86.6,83.8,32.5,17.5,369.5,267.2,37.6,Low-End,Good,Andhra Pradesh
Pruning,SqueezeNet,Education,89.7,89.1,57.1,26.9,196.2,144.4,33.3,Mid-Range,Moderate,Manipur
Quantization,SqueezeNet,Agriculture,91.9,89.7,60.6,27.1,397.7,248.3,20.6,Low-End,Poor,Rajasthan
Knowledge Distillation,MobileNetV2,Education,91.2,89.2,6.9,3.8,385.6,299.8,11.8,Mid-Range,Good,Rajasthan
Weight Sharing,MobileNet,Agriculture,86.4,83.5,89.1,41.2,586.2,356.2,30.4,Mid-Range,Poor,Uttar Pradesh
Pruning,MobileNetV2,Healthcare,86.2,85.1,33.3,20.6,411.6,245.7,33,Low-End,Poor,Odisha
Quantization,MobileNetV2,Agriculture,89.3,87.3,60.6,35.6,214.5,159.4,38.6,Mid-Range,Good,Andhra Pradesh
Knowledge Distillation,SqueezeNet,Healthcare,92.8,90,93.6,55.8,461,288.4,26.2,Low-End,Poor,Uttar Pradesh
Weight Sharing,ResNet18,Healthcare,86,83.1,81,27.8,587,403.7,34.3,Low-End,Good,Jharkhand
Pruning,MobileNet,Education,92.1,89.5,33.7,22.4,536.5,422,12.9,Mid-Range,Poor,Madhya Pradesh
Quantization,MobileNet,Agriculture,87.9,85.8,82.7,50.1,530.5,390,18.3,Low-End,Moderate,Odisha
Knowledge Distillation,SqueezeNet,Agriculture,86.6,84.1,6.3,2,599.1,409.6,12.1,Mid-Range,Moderate,Rajasthan
Weight Sharing,SqueezeNet,Healthcare,87.3,85,15.6,6,299.8,168.9,10.8,Low-End,Poor,Tamil Nadu
Pruning,MobileNetV2,Healthcare,88.1,85.6,15,7,279.5,214.9,32.1,Low-End,Poor,Odisha
Quantization,ResNet50,Education,91.7,89.8,38.8,16.7,387.1,218.7,25.6,Mid-Range,Moderate,Assam
Knowledge Distillation,SqueezeNet,Healthcare,86.4,84.5,56.6,31.8,341.8,187.8,34.6,Mid-Range,Moderate,Jharkhand
Weight Sharing,MobileNetV2,Healthcare,90.8,89.4,29.9,15.5,281.5,193.5,38.1,Mid-Range,Moderate,West Bengal
Pruning,SqueezeNet,Agriculture,84.5,82.4,38.9,14.2,590.2,327.6,19,Mid-Range,Poor,Rajasthan
Quantization,EfficientNet,Education,90,87.6,45.8,25,286.2,210.1,14.5,Mid-Range,Moderate,Tamil Nadu
Knowledge Distillation,ResNet18,Education,89,88.2,26.5,13.5,390.8,297.5,34.5,Mid-Range,Moderate,Andhra Pradesh
Weight Sharing,MobileNetV2,Education,86.9,85.9,45.8,29.6,298.6,170.2,21.4,Mid-Range,Moderate,Rajasthan
Pruning,MobileNetV2,Agriculture,89.2,86.9,91.7,35.9,270,144.5,28.4,Low-End,Poor,Manipur
Quantization,EfficientNet,Agriculture,85.1,83.7,5.4,2.4,215.5,138.5,20.9,Low-End,Moderate,Andhra Pradesh
Knowledge Distillation,ResNet18,Agriculture,89.8,88.3,72.7,30.1,420.7,272.5,30.6,Low-End,Good,Tamil Nadu
Weight Sharing,MobileNetV2,Agriculture,94,93.4,54,32.8,182.6,143,35.8,Low-End,Moderate,Andhra Pradesh
Pruning,EfficientNet,Healthcare,88,86.8,37.4,11.6,444.9,242.7,22.8,Mid-Range,Moderate,Tamil Nadu
Quantization,EfficientNet,Agriculture,90.6,89.4,67.5,33,599.9,421.1,27.6,Mid-Range,Poor,Assam
Knowledge Distillation,SqueezeNet,Education,88.5,85.7,76.5,52.3,586.6,416.8,29.5,Low-End,Moderate,Chhattisgarh
Weight Sharing,SqueezeNet,Healthcare,86.5,83.8,44.4,15.6,298.9,219,24.8,Low-End,Moderate,Uttar Pradesh
Pruning,SqueezeNet,Agriculture,94,93,65.3,45.4,222.3,150.1,27.7,Mid-Range,Poor,Odisha
Quantization,SqueezeNet,Education,85.6,82.8,32.1,19,529.3,417.8,26.3,Mid-Range,Moderate,Madhya Pradesh
Knowledge Distillation,MobileNetV2,Healthcare,83.3,82.3,12.3,5.4,257.2,138.4,32.1,Mid-Range,Good,Bihar
Weight Sharing,MobileNet,Education,90,89.1,90.3,49,381.7,211.5,12.3,Mid-Range,Moderate,Assam
Pruning,EfficientNet,Healthcare,87.2,86.6,12.2,5.8,298.6,166.7,14.3,Low-End,Poor,Odisha
Quantization,MobileNet,Healthcare,87.2,86.3,64.3,21.7,162.6,108.5,26.1,Mid-Range,Good,West Bengal
Knowledge Distillation,ResNet50,Education,85.7,85.2,80.4,56.3,299.5,162.9,29.8,Mid-Range,Moderate,Jharkhand
Weight Sharing,ResNet18,Healthcare,84.9,83,47.3,28.5,309.6,215.5,12.8,Mid-Range,Moderate,Madhya Pradesh
Pruning,ResNet18,Healthcare,92.3,90.2,71,46.7,271.2,162.3,19.1,Mid-Range,Good,West Bengal
Quantization,ResNet18,Agriculture,93.6,91.6,34,10.2,182.6,116.3,27.2,Low-End,Moderate,Andhra Pradesh
Knowledge Distillation,MobileNetV2,Agriculture,88.3,86.8,84.2,49.5,453.6,257.1,12.8,Low-End,Poor,Bihar
Weight Sharing,ResNet18,Education,87.4,85.1,29.5,17.2,344.5,212.2,17.4,Mid-Range,Moderate,Odisha
Pruning,EfficientNet,Agriculture,92.3,89.9,65.2,25,528.5,382.5,35,Mid-Range,Moderate,Rajasthan
Quantization,MobileNetV2,Agriculture,88.8,87.9,70.8,27.6,233.1,147.5,11.1,Mid-Range,Moderate,Uttar Pradesh
Knowledge Distillation,ResNet18,Healthcare,90.3,89.2,44.7,27.1,305.6,242.4,12.2,Mid-Range,Good,Madhya Pradesh
Weight Sharing,SqueezeNet,Education,91.5,89.3,52.6,27.7,311.8,230.9,11,Low-End,Moderate,Assam
Pruning,SqueezeNet,Education,90.6,88.8,95.8,44.2,513.5,276.2,39.7,Low-End,Moderate,Manipur
Quantization,ResNet18,Healthcare,92.7,90.7,74.9,36,368.4,254.7,35.8,Mid-Range,Good,Manipur
Knowledge Distillation,MobileNet,Healthcare,86.1,84.4,87,54.4,368.5,223.4,39.2,Mid-Range,Moderate,Uttar Pradesh
Weight Sharing,ResNet50,Healthcare,93.6,91.9,37.2,16.2,409.2,314.8,35.4,Mid-Range,Good,Madhya Pradesh
Pruning,MobileNetV2,Agriculture,89.5,88.4,87.1,29.1,550.4,401.6,24.5,Mid-Range,Good,Andhra Pradesh
Quantization,ResNet50,Agriculture,83.4,81.7,40.6,22.5,568.5,381.3,27.8,Low-End,Good,Andhra Pradesh
Knowledge Distillation,MobileNetV2,Agriculture,87,84.2,38.6,15,448.6,333,15.6,Low-End,Poor,Jharkhand
Weight Sharing,MobileNet,Education,87.3,84.3,43.2,19,296.4,155.8,18.9,Mid-Range,Poor,Odisha
Pruning,ResNet18,Agriculture,84.7,83.7,62.7,19,568.8,311.4,24.9,Low-End,Good,Tamil Nadu
Quantization,SqueezeNet,Healthcare,88.5,85.6,58.8,21.4,447.9,309.8,23.5,Low-End,Moderate,West Bengal
Knowledge Distillation,ResNet18,Healthcare,88.6,87.3,25.1,13,216.7,138,21.1,Low-End,Moderate,Madhya Pradesh
Weight Sharing,ResNet18,Education,90.5,88.1,44.2,26.3,425.9,213,10.3,Mid-Range,Moderate,Chhattisgarh
Pruning,ResNet18,Education,90.2,87.3,49.3,15,562.9,440.3,28.8,Low-End,Moderate,Assam
Quantization,SqueezeNet,Agriculture,86.5,84.8,40.5,20,399.9,271,25.5,Low-End,Good,Manipur
Knowledge Distillation,ResNet18,Agriculture,89.7,89,71.2,43.3,220.5,126.4,39.5,Mid-Range,Good,Uttar Pradesh
Weight Sharing,SqueezeNet,Healthcare,93.5,90.6,21.9,9.7,185.2,113,26.8,Mid-Range,Good,Rajasthan
Pruning,EfficientNet,Healthcare,91.9,90.6,16.1,9.6,327.7,251,22.5,Mid-Range,Moderate,Tamil Nadu
Quantization,SqueezeNet,Healthcare,92.6,90.5,74.6,43.2,150.6,116.2,31.3,Mid-Range,Poor,Odisha
Knowledge Distillation,ResNet18,Agriculture,91.8,91.1,78.2,48.4,249.2,195.6,38.4,Low-End,Poor,Rajasthan
Weight Sharing,MobileNetV2,Agriculture,83.8,82.9,47.7,24.8,553,353.6,26.1,Low-End,Moderate,Assam
Pruning,ResNet50,Education,92.3,91.3,51.3,26.9,262.2,173.4,29.2,Low-End,Good,Andhra Pradesh
Quantization,EfficientNet,Healthcare,90.3,87.6,9.4,5.8,207.8,126.7,25.7,Mid-Range,Good,Odisha
Knowledge Distillation,ResNet50,Agriculture,84.2,83,58.8,18.9,470.1,369,15.1,Low-End,Poor,Andhra Pradesh
Weight Sharing,MobileNetV2,Agriculture,88.1,86.7,70.5,23.1,586.5,328.5,36.5,Low-End,Good,Manipur
Pruning,ResNet18,Agriculture,88,85.2,40,24.6,332.6,239,20.5,Low-End,Good,Jharkhand
Quantization,SqueezeNet,Healthcare,84.9,83.8,77.8,49.9,546.6,313.6,15.8,Low-End,Moderate,Odisha
Knowledge Distillation,EfficientNet,Agriculture,84.1,82.8,53.8,17.6,570,378.4,38.2,Low-End,Good,West Bengal
Weight Sharing,EfficientNet,Agriculture,90,87.3,75.3,40.2,265.7,211,14.8,Mid-Range,Poor,Bihar
Pruning,ResNet50,Agriculture,83.5,82.5,63,32.1,296.6,156,30.3,Low-End,Moderate,Rajasthan
Quantization,ResNet50,Education,88,86.1,12.3,7.2,264.9,139,16.7,Low-End,Poor,Assam
Knowledge Distillation,ResNet18,Education,89.8,87,57.8,24.1,579,455.7,39.7,Low-End,Poor,Uttar Pradesh
Weight Sharing,MobileNetV2,Healthcare,83.2,82.5,61.4,25,208.4,131.1,25.6,Low-End,Moderate,West Bengal
Pruning,ResNet18,Education,83.5,81.7,24.9,11.9,552,398.7,32.4,Mid-Range,Good,Tamil Nadu
Quantization,MobileNet,Agriculture,87.4,84.6,78.5,41.8,355.2,182.4,21.3,Low-End,Moderate,Madhya Pradesh
Knowledge Distillation,MobileNet,Education,86.9,86,72.9,24.8,569.3,422.2,25.8,Mid-Range,Poor,Chhattisgarh
Weight Sharing,MobileNet,Education,93.2,92.3,29.4,20.4,238.5,144.3,38.6,Mid-Range,Moderate,Madhya Pradesh
Pruning,MobileNet,Healthcare,84.9,84.1,90.2,37.5,272.9,146.5,22.9,Low-End,Poor,Andhra Pradesh
Quantization,ResNet50,Agriculture,84.5,81.7,92.9,37.3,577.3,407,37.6,Low-End,Good,Chhattisgarh
Knowledge Distillation,MobileNet,Agriculture,86.2,83.4,15.7,6.8,265.3,149.3,39.5,Low-End,Moderate,Rajasthan
Weight Sharing,EfficientNet,Agriculture,90.8,90.1,11.3,5.6,535,294,17.3,Low-End,Poor,Chhattisgarh
Pruning,EfficientNet,Agriculture,85.2,83.6,84.4,42.3,183.9,98.2,20.3,Mid-Range,Good,Madhya Pradesh
Quantization,MobileNetV2,Agriculture,84.9,83,59.7,24.5,579.4,303.9,28.2,Low-End,Moderate,West Bengal
Knowledge Distillation,ResNet50,Agriculture,84.3,82,52.8,25.5,184,124,14.4,Low-End,Moderate,Chhattisgarh
Weight Sharing,MobileNetV2,Agriculture,86,85,87.9,28.1,322.3,171.6,35.4,Low-End,Good,Bihar
Pruning,EfficientNet,Healthcare,91.5,89.4,54.2,23.2,488.2,313.2,26.6,Low-End,Moderate,Bihar
Quantization,MobileNet,Education,91.9,90.7,90.2,47.8,359.7,258.2,39.1,Low-End,Moderate,Manipur
Knowledge Distillation,ResNet18,Agriculture,93.9,92.2,21,7.6,264.1,195.5,24.3,Mid-Range,Good,Manipur
Weight Sharing,MobileNetV2,Healthcare,84.7,83.6,84.1,53.6,546.3,422.9,18.8,Mid-Range,Poor,Manipur
Pruning,EfficientNet,Agriculture,90,89.5,76.1,34.1,204.3,124,35.9,Mid-Range,Good,Rajasthan
Quantization,MobileNetV2,Education,88.4,86.9,6.8,2.4,557.9,328.8,29,Low-End,Poor,Chhattisgarh
Knowledge Distillation,ResNet50,Education,87,85.2,73,27.6,220.5,132.9,10.3,Mid-Range,Good,Bihar
Weight Sharing,MobileNetV2,Agriculture,84.1,83.6,41.9,24.6,262.4,195.5,15.6,Mid-Range,Moderate,Rajasthan
Pruning,SqueezeNet,Education,91.4,89.7,29,15.9,258.2,145.6,35.7,Low-End,Moderate,Andhra Pradesh
Quantization,EfficientNet,Agriculture,89.5,88.9,69.1,37.3,475.8,261.9,32.7,Mid-Range,Moderate,Chhattisgarh
Knowledge Distillation,EfficientNet,Agriculture,88.8,87.5,85.3,54.6,561.1,446.5,22.3,Mid-Range,Good,Tamil Nadu
Weight Sharing,MobileNet,Healthcare,89,86.9,12.8,8.3,575.9,334.3,15.1,Mid-Range,Good,Tamil Nadu
Pruning,EfficientNet,Education,93.1,91.3,62.5,41.9,583,460.2,36.2,Low-End,Good,Andhra Pradesh
Quantization,ResNet50,Agriculture,90.6,89.1,25.4,14.9,393,249,27.2,Mid-Range,Moderate,Bihar
Knowledge Distillation,MobileNet,Healthcare,93.4,91.8,33.1,22.9,278.7,174.8,36.3,Mid-Range,Good,Jharkhand
Weight Sharing,SqueezeNet,Agriculture,91.1,89.7,49.2,24.9,356.9,214.9,25.1,Low-End,Moderate,Jharkhand
Pruning,ResNet50,Healthcare,91.9,90.4,36,24.5,421.4,269,26.4,Mid-Range,Poor,Bihar
Quantization,MobileNetV2,Healthcare,92.7,91.7,65.8,37.3,432.9,279.7,25.9,Mid-Range,Moderate,Odisha
Knowledge Distillation,ResNet18,Healthcare,91.1,89.1,22.5,10.3,526,273.2,19.7,Mid-Range,Poor,Tamil Nadu
Weight Sharing,SqueezeNet,Healthcare,84.5,82.7,75.8,25.1,213.2,119.9,27,Mid-Range,Good,Odisha
Pruning,ResNet50,Education,86,84.8,17.6,6.3,574,386.3,39.5,Mid-Range,Good,Chhattisgarh
Quantization,EfficientNet,Agriculture,84.2,82.8,93.1,58.6,453.1,335.4,23.2,Mid-Range,Good,Jharkhand
Knowledge Distillation,SqueezeNet,Agriculture,83.7,82.3,9.9,5.9,268.3,143,34.2,Mid-Range,Poor,Chhattisgarh
Weight Sharing,ResNet50,Education,84.7,84,87.4,40.1,176.6,133.6,29.8,Low-End,Good,West Bengal
Pruning,EfficientNet,Agriculture,85,83.4,24.2,15.6,238.7,178.8,29.3,Mid-Range,Good,Andhra Pradesh
Quantization,ResNet50,Education,92.8,92.1,49.6,28.7,248.8,173.6,22.3,Low-End,Good,Assam
Knowledge Distillation,SqueezeNet,Agriculture,83.5,82.8,97.2,42.3,238.6,160.6,37.4,Low-End,Poor,Bihar
Weight Sharing,MobileNetV2,Education,87.4,86.2,73.2,30.1,199.4,112.3,26.6,Mid-Range,Moderate,Manipur
Pruning,SqueezeNet,Healthcare,91.9,89.4,28.9,13.2,557,368,16,Low-End,Poor,Madhya Pradesh
Quantization,ResNet50,Education,93.5,90.8,92,59,550.4,356.3,34.3,Low-End,Poor,Assam
Knowledge Distillation,SqueezeNet,Education,91.6,90.9,64.7,22.8,467,356.2,24.9,Low-End,Moderate,Madhya Pradesh
Weight Sharing,MobileNetV2,Education,83.2,82.3,92.8,64,513.8,291.8,35.1,Mid-Range,Moderate,Odisha
Pruning,ResNet50,Healthcare,90.5,90,77.2,50.7,286.3,197.5,24,Low-End,Poor,Andhra Pradesh
Quantization,MobileNetV2,Healthcare,89.7,88.6,58.5,32,488.5,272.4,20.8,Low-End,Good,Assam
Knowledge Distillation,MobileNet,Education,91.5,89.5,56.5,30.1,445.3,240.8,24.4,Low-End,Poor,Bihar
Weight Sharing,ResNet18,Agriculture,93.4,90.4,97.8,41.7,322.4,221.2,37.6,Low-End,Moderate,Rajasthan
Pruning,EfficientNet,Education,93.8,92.8,74.6,31.4,319.9,191.6,30.3,Mid-Range,Poor,Jharkhand
Quantization,EfficientNet,Healthcare,92.9,90.1,74,36.4,483,346.2,17.5,Mid-Range,Moderate,Madhya Pradesh
Knowledge Distillation,MobileNetV2,Healthcare,87.5,85.5,70.6,35.6,275.5,164.4,27.2,Low-End,Good,West Bengal
Weight Sharing,SqueezeNet,Agriculture,85.3,83.7,36.9,24,475.8,288.7,16.6,Low-End,Moderate,Jharkhand
Pruning,ResNet50,Education,87.1,85.9,13.1,8.4,391.5,263,17.1,Mid-Range,Poor,Andhra Pradesh
Quantization,SqueezeNet,Agriculture,86.3,84,7.5,4.7,204.3,113.6,24.1,Mid-Range,Poor,Odisha
Knowledge Distillation,ResNet50,Education,93.8,92.8,86.8,30.7,408.3,210.6,21.5,Mid-Range,Good,Jharkhand
Weight Sharing,ResNet18,Healthcare,93.8,92.7,17,7.2,544,408.5,13.4,Low-End,Good,Chhattisgarh
Pruning,ResNet18,Healthcare,86.3,84.1,61.5,36.1,596.8,359.7,39.8,Low-End,Moderate,Assam
Quantization,EfficientNet,Education,93.8,91.8,51.1,16.5,301,207.7,13.5,Low-End,Good,Jharkhand
Knowledge Distillation,ResNet18,Education,89.5,87.9,59.9,23.8,524.7,371,39.4,Low-End,Moderate,Assam
Weight Sharing,ResNet50,Healthcare,84.8,83.5,13.8,5.7,403.7,265.4,24,Mid-Range,Poor,Assam
Pruning,ResNet50,Education,88.3,87.4,61.3,26.4,327.6,245.1,13,Mid-Range,Moderate,Tamil Nadu
Quantization,MobileNetV2,Healthcare,84.6,82.5,24.2,11.8,191.8,140.1,20,Mid-Range,Good,Tamil Nadu
Knowledge Distillation,MobileNetV2,Agriculture,83.3,81.1,77.1,37.2,515,411.6,19.9,Low-End,Moderate,Bihar
Weight Sharing,SqueezeNet,Healthcare,89.7,88.8,42.7,27.1,480.4,257.7,33.4,Mid-Range,Poor,Manipur
Pruning,MobileNetV2,Education,93.4,90.5,24.6,8.5,269.4,135.3,38,Low-End,Good,Odisha
Quantization,EfficientNet,Agriculture,83.4,81.9,29.8,17.7,276,168,29.2,Mid-Range,Poor,Tamil Nadu
Knowledge Distillation,MobileNet,Education,91.9,90.9,75.3,31.6,343.7,248,33.3,Mid-Range,Good,Tamil Nadu
Weight Sharing,MobileNet,Agriculture,85.9,83.1,51.6,16.7,418.8,321.9,17.5,Low-End,Good,Andhra Pradesh
Pruning,ResNet18,Education,87.7,86.4,72.5,34,481.8,291.6,23.7,Mid-Range,Good,Jharkhand
Quantization,EfficientNet,Education,86.3,85.4,30.6,17.2,186.9,98.4,36.9,Mid-Range,Good,Bihar
Knowledge Distillation,EfficientNet,Education,85.8,85,91.6,56.9,384.7,292,21.4,Mid-Range,Moderate,Andhra Pradesh
Weight Sharing,SqueezeNet,Agriculture,86.6,85.5,77.8,30.1,391,243.5,19.9,Low-End,Poor,Assam
Pruning,MobileNetV2,Healthcare,90.7,89.4,57.6,20.5,152.9,95.5,35.3,Mid-Range,Good,Andhra Pradesh
Quantization,ResNet18,Education,90.9,89.7,41.2,25.8,497.3,335.8,11.2,Low-End,Moderate,Manipur
Knowledge Distillation,MobileNetV2,Agriculture,93.7,92.7,14.9,8.9,391.2,305.5,36.4,Low-End,Poor,Manipur
Weight Sharing,MobileNet,Agriculture,87.2,85.4,48.7,32.8,195.6,154.9,28.6,Mid-Range,Moderate,Uttar Pradesh
Pruning,ResNet18,Agriculture,87.8,86.8,26.3,11.4,595.1,412.6,20.5,Low-End,Poor,Jharkhand
Quantization,ResNet18,Agriculture,92.7,90.4,93.6,63.8,235.3,119,39.9,Low-End,Moderate,Tamil Nadu
Knowledge Distillation,MobileNetV2,Education,87.7,86.1,36.5,24.6,410.8,317.7,37.4,Mid-Range,Moderate,Rajasthan
Weight Sharing,SqueezeNet,Healthcare,87.4,84.7,35.2,13.4,369,253.1,29.7,Low-End,Moderate,Bihar
Pruning,MobileNet,Education,85.5,84,83,41,283.3,190.8,14.5,Mid-Range,Poor,West Bengal
Quantization,EfficientNet,Education,93.9,91.8,14.9,7.8,300.5,199.7,29.9,Low-End,Good,Assam
Knowledge Distillation,ResNet50,Education,90.8,88.3,19.3,11.6,162.9,83.8,22.8,Mid-Range,Poor,Andhra Pradesh
Weight Sharing,ResNet50,Agriculture,93,90.2,92.9,36.6,367.4,258.5,36.4,Mid-Range,Poor,Rajasthan
Pruning,ResNet50,Education,85.5,84.5,18.6,10.4,289.4,181.3,14.4,Low-End,Poor,Odisha
Quantization,ResNet50,Education,93.8,91.1,48.9,19.8,225.3,140.4,29,Mid-Range,Poor,Andhra Pradesh
Knowledge Distillation,SqueezeNet,Agriculture,89.8,87.3,68.6,23.5,598.5,319.3,28.6,Mid-Range,Poor,Manipur
Weight Sharing,MobileNetV2,Education,90.1,88.8,77.2,41.2,193.7,101.6,11.4,Mid-Range,Good,Odisha
Pruning,ResNet50,Education,85,83.6,91.8,27.6,234.7,146.2,19.1,Low-End,Moderate,Rajasthan
Quantization,ResNet18,Healthcare,84.5,83.8,76.8,36.8,577.7,348.2,20.3,Mid-Range,Poor,Chhattisgarh
Knowledge Distillation,EfficientNet,Education,88.4,86.3,28.7,14.7,386.4,308.6,32,Mid-Range,Moderate,Chhattisgarh
Weight Sharing,ResNet50,Education,93.3,91.2,65,45.4,418.1,244.9,28.7,Mid-Range,Good,West Bengal
Pruning,ResNet50,Agriculture,92.8,90.8,53.1,31.4,249,152.6,27.9,Low-End,Moderate,Tamil Nadu
Quantization,ResNet50,Education,87.8,87.1,42.3,13,494.9,374,28.4,Mid-Range,Moderate,Andhra Pradesh
Knowledge Distillation,MobileNet,Agriculture,93.7,92.4,70.4,46.9,456.9,315.3,34.4,Mid-Range,Moderate,Rajasthan
Weight Sharing,ResNet50,Healthcare,89.1,88.3,40.8,19.5,471,253,36.7,Mid-Range,Poor,Chhattisgarh
Pruning,ResNet18,Agriculture,84.7,82,23.8,10.1,575.9,429.4,23.8,Low-End,Poor,West Bengal
Quantization,MobileNetV2,Agriculture,84.2,82,72,40,158,110.4,22.6,Low-End,Poor,Rajasthan
Knowledge Distillation,ResNet50,Education,88.6,86,70.4,33.8,522.5,300.7,38.8,Low-End,Moderate,Jharkhand
Weight Sharing,MobileNetV2,Agriculture,87.5,85,12.3,5,400.4,253.6,14.1,Low-End,Good,West Bengal
Pruning,MobileNet,Healthcare,87.8,84.9,59.8,28.4,486.5,250.3,25.4,Mid-Range,Good,Chhattisgarh
Quantization,MobileNetV2,Agriculture,85.8,82.9,5.9,2.1,474.5,352.4,25.9,Low-End,Good,Andhra Pradesh
Knowledge Distillation,MobileNet,Healthcare,83.1,82.3,42.5,24.9,234,157.4,33.3,Low-End,Poor,Andhra Pradesh
Weight Sharing,EfficientNet,Healthcare,87.5,86.7,86.7,30.2,305.8,202.1,37,Mid-Range,Good,Tamil Nadu
Pruning,EfficientNet,Education,87.6,85.2,77.9,39.1,347.1,213.8,20.7,Low-End,Poor,Odisha
Quantization,SqueezeNet,Education,90,88,19.4,7.8,441.2,305.8,27.1,Mid-Range,Moderate,Andhra Pradesh
Knowledge Distillation,ResNet18,Education,90,89.1,15.9,7.3,254.2,145.8,25.4,Mid-Range,Poor,Assam
Weight Sharing,EfficientNet,Agriculture,87.5,86.3,95.3,42.5,413.4,248.3,27.6,Mid-Range,Good,Manipur
Pruning,MobileNet,Education,93,91.6,26.9,9.7,256.2,156,20.9,Mid-Range,Moderate,Madhya Pradesh
Quantization,ResNet50,Agriculture,93.2,91.4,57.2,27.3,401.2,277.2,30.1,Mid-Range,Good,Madhya Pradesh
Knowledge Distillation,SqueezeNet,Education,87.7,85.7,87.5,31.6,312.5,206.4,38.8,Mid-Range,Moderate,Odisha
Weight Sharing,MobileNetV2,Education,88.5,85.9,97.9,33,531.8,285,33.2,Mid-Range,Good,Madhya Pradesh
Pruning,ResNet18,Healthcare,87.6,84.7,84.8,33.1,163.3,127.1,34.7,Mid-Range,Moderate,Tamil Nadu
Quantization,MobileNetV2,Healthcare,90.9,90.3,38.7,15.9,474.6,319.8,36.6,Low-End,Poor,Uttar Pradesh
Knowledge Distillation,ResNet18,Agriculture,84.9,83.2,65.1,44.2,162.2,125.1,17.2,Low-End,Good,West Bengal
Weight Sharing,EfficientNet,Education,86.1,83.1,23.8,10,471.4,304.9,37.3,Low-End,Moderate,West Bengal
Pruning,ResNet18,Healthcare,84.2,83,30.7,13.1,158.1,100,26.9,Mid-Range,Good,Madhya Pradesh
Quantization,ResNet18,Healthcare,83.2,81.9,24.2,11.4,414.8,285.8,33.4,Low-End,Moderate,West Bengal
Knowledge Distillation,SqueezeNet,Education,84.4,83.2,58,22.8,474.9,258.7,22.5,Mid-Range,Poor,Uttar Pradesh
Weight Sharing,MobileNet,Healthcare,87.3,86.4,69.1,40.3,238.8,182.6,14.3,Mid-Range,Good,Jharkhand
Pruning,SqueezeNet,Agriculture,86,85.4,19,7.4,346.1,208.3,30.7,Mid-Range,Moderate,Madhya Pradesh
Quantization,ResNet50,Education,87.1,84.4,96.7,56.7,598.4,369.2,33.2,Low-End,Moderate,Tamil Nadu
Knowledge Distillation,ResNet18,Healthcare,87.4,86.4,34.2,10.6,163.7,91.8,10.2,Low-End,Good,Andhra Pradesh
Weight Sharing,MobileNetV2,Education,91.2,90.3,61,23.8,384.5,192.3,38.2,Mid-Range,Poor,Jharkhand
Pruning,SqueezeNet,Healthcare,88.3,86.9,60,21.2,594.3,418.5,31.7,Low-End,Poor,Madhya Pradesh
Quantization,EfficientNet,Education,90,88.3,63.4,44.3,321.5,174.3,15.6,Mid-Range,Good,Jharkhand
Knowledge Distillation,EfficientNet,Education,87.6,86,30.4,18.7,505.4,370.1,16.1,Mid-Range,Moderate,Andhra Pradesh
Weight Sharing,MobileNetV2,Education,86.5,85.1,29.7,14.9,283.6,174.1,26.2,Mid-Range,Good,Assam
Pruning,MobileNet,Healthcare,88.2,87.2,61.1,31.1,418.9,318.2,25.8,Low-End,Poor,Madhya Pradesh
Quantization,ResNet18,Agriculture,89.4,87.5,95.9,50.5,357.2,223.2,27.7,Low-End,Moderate,Madhya Pradesh
Knowledge Distillation,ResNet50,Agriculture,89.7,88.6,72.6,24.7,519.7,412,22.5,Low-End,Good,Tamil Nadu
Weight Sharing,MobileNetV2,Agriculture,83.6,81.4,91.5,49.6,184.9,122.5,24.4,Mid-Range,Moderate,Odisha
Pruning,ResNet18,Education,88.6,86.4,43.1,23.3,155,100.7,13.3,Low-End,Poor,Manipur
Quantization,MobileNet,Healthcare,86.1,84.5,44,15.2,411.6,218.1,30.5,Low-End,Poor,Manipur
Knowledge Distillation,ResNet50,Education,93,90.9,28.4,12.6,526.3,412.4,31.2,Mid-Range,Moderate,Jharkhand
Weight Sharing,EfficientNet,Healthcare,86.3,85.6,81.8,27.1,570,289.7,29.4,Mid-Range,Moderate,Assam
Pruning,ResNet50,Education,84.8,83.6,38.8,19.3,441.8,294.7,19.9,Mid-Range,Good,Odisha
Quantization,MobileNetV2,Agriculture,85.7,83.8,18.3,12.2,456.6,317.9,36.3,Low-End,Poor,Madhya Pradesh
Knowledge Distillation,EfficientNet,Education,83,81.2,60.7,31,247.3,154.9,11,Mid-Range,Poor,Manipur
Weight Sharing,MobileNetV2,Agriculture,93.1,91.7,30.8,21,515.4,384.8,22.1,Mid-Range,Moderate,Bihar
Pruning,ResNet18,Healthcare,92.6,90.9,97,40,453.7,295.5,13.9,Mid-Range,Moderate,Bihar
Quantization,MobileNetV2,Education,83.4,82.6,72.8,43.2,165.2,114.3,19.6,Low-End,Moderate,Assam
Knowledge Distillation,MobileNet,Agriculture,83.5,81.6,93.5,57.2,369,247.4,35.3,Low-End,Poor,Bihar
Weight Sharing,SqueezeNet,Healthcare,85.7,82.9,20.7,11.3,242.1,139.6,18.6,Low-End,Poor,Odisha
Pruning,ResNet18,Agriculture,87.7,85.8,73.9,39,402.6,260.1,22.4,Low-End,Good,West Bengal
Quantization,MobileNet,Education,83.1,81.3,39.7,25,421.4,336,39.1,Low-End,Moderate,Chhattisgarh
Knowledge Distillation,SqueezeNet,Agriculture,93.2,91.8,70.2,45.1,381.8,260.1,13.5,Mid-Range,Moderate,Manipur
Weight Sharing,EfficientNet,Agriculture,85,84.4,28.3,14.8,498.4,390.5,14.5,Low-End,Good,Assam
Pruning,ResNet18,Healthcare,91.6,90.5,77.7,47.4,184.1,130.5,13.4,Mid-Range,Poor,West Bengal
Quantization,ResNet50,Healthcare,90.8,88.6,68.3,34.9,341.7,233.7,27.9,Mid-Range,Poor,Manipur
Knowledge Distillation,EfficientNet,Healthcare,86.1,84.1,53.7,25.7,505.1,396.3,33.4,Low-End,Good,Assam
Weight Sharing,ResNet50,Agriculture,84.6,83.2,52.4,31.2,303.4,180.5,39.6,Low-End,Poor,Odisha
Pruning,MobileNet,Agriculture,88.1,85.1,31.2,12.2,363.4,224.4,32.5,Mid-Range,Good,Uttar Pradesh
Quantization,EfficientNet,Agriculture,85.2,83.6,68.8,25,455.3,318.6,34.3,Low-End,Poor,Bihar
Knowledge Distillation,ResNet18,Agriculture,90.6,88.4,9.2,3.9,228.5,182.3,18.2,Mid-Range,Moderate,West Bengal
Weight Sharing,ResNet18,Healthcare,86.6,85.4,88.3,45.2,481.4,350.8,23.8,Mid-Range,Good,Assam
Pruning,ResNet50,Agriculture,86.2,83.7,85.5,44.4,399.5,202.5,36.7,Mid-Range,Moderate,Chhattisgarh
Quantization,EfficientNet,Agriculture,84.5,84,68.5,43.5,457.5,261.1,26.6,Low-End,Good,West Bengal
Knowledge Distillation,MobileNetV2,Education,87.6,86.9,29.3,18.3,452.4,282,34.7,Low-End,Good,Manipur
Weight Sharing,MobileNetV2,Education,87.7,86.3,35.5,24.3,544,413.6,10.5,Mid-Range,Good,Odisha
Pruning,MobileNet,Agriculture,84.2,83,71.1,27.1,290.6,232.4,26,Low-End,Moderate,Uttar Pradesh
Quantization,MobileNetV2,Education,92.6,91.1,38.2,13.3,575.6,340.2,33.8,Low-End,Poor,West Bengal
Knowledge Distillation,ResNet18,Education,84.3,81.7,88.8,34.7,164.9,93.4,31.6,Low-End,Poor,Andhra Pradesh
Weight Sharing,ResNet18,Agriculture,91.6,90.4,44.7,30.7,447.1,238.6,14.3,Low-End,Moderate,Odisha
Pruning,MobileNetV2,Healthcare,84.4,81.5,83.8,57.1,579.7,371.3,19.1,Mid-Range,Poor,Madhya Pradesh
Quantization,MobileNet,Agriculture,93.2,91.8,39.2,16.5,358.7,221,32.6,Mid-Range,Poor,Uttar Pradesh
Knowledge Distillation,SqueezeNet,Healthcare,85.3,84,11.4,4.1,527.7,333.3,11.9,Mid-Range,Good,Chhattisgarh
Weight Sharing,MobileNet,Healthcare,85.2,83.9,81.2,53.5,420.3,307.8,35.5,Low-End,Good,Andhra Pradesh
Pruning,MobileNet,Agriculture,87.7,85.5,14.2,4.8,556.8,412.7,39.3,Mid-Range,Good,Odisha
Quantization,MobileNetV2,Healthcare,88.5,88,46.5,23.8,592,338.6,39.1,Low-End,Moderate,West Bengal
Knowledge Distillation,SqueezeNet,Agriculture,91.9,89.5,63.6,41.3,403.3,236.3,39.1,Low-End,Moderate,West Bengal
Weight Sharing,SqueezeNet,Education,88.4,86.4,5.7,3.6,538.9,383.8,23.3,Mid-Range,Poor,Assam
Pruning,MobileNetV2,Healthcare,94,93.1,62.4,19.7,354.1,242.8,21.3,Mid-Range,Poor,Odisha
Quantization,SqueezeNet,Agriculture,90.1,88.9,39.6,17.1,549.1,309.9,24.2,Mid-Range,Moderate,Bihar
Knowledge Distillation,MobileNet,Healthcare,87.8,87.2,76.9,40.8,557.5,360.2,23.7,Mid-Range,Moderate,West Bengal
Weight Sharing,MobileNetV2,Healthcare,88.6,86.8,20.4,9.9,341.9,247.4,39.4,Low-End,Poor,Madhya Pradesh
Pruning,ResNet50,Healthcare,90.9,89.1,12,4.9,362.8,230,31.9,Mid-Range,Good,Chhattisgarh
Quantization,SqueezeNet,Education,91.8,90.3,32.7,17.2,344.4,251,18.6,Low-End,Good,Manipur
Knowledge Distillation,SqueezeNet,Healthcare,89.3,86.4,56,37.2,170.2,108.3,33.6,Mid-Range,Poor,Manipur
Weight Sharing,SqueezeNet,Healthcare,85.8,83.9,12.4,5.6,542.7,309.6,21.2,Low-End,Moderate,Rajasthan
Pruning,ResNet18,Agriculture,88,87.1,54.5,32,457.7,290.3,13.3,Mid-Range,Moderate,Chhattisgarh
Quantization,EfficientNet,Agriculture,86.5,83.7,38.9,12.8,542.6,291.8,31,Mid-Range,Good,Chhattisgarh
Knowledge Distillation,EfficientNet,Healthcare,88.1,85.8,84.1,28.3,536.1,329,35.9,Mid-Range,Poor,Assam
Weight Sharing,MobileNet,Education,87.9,86.4,13.2,7.7,420.5,291.2,38.6,Low-End,Moderate,Madhya Pradesh
Pruning,EfficientNet,Healthcare,92.5,91.4,51.5,28.3,528.3,325.9,25.6,Low-End,Good,West Bengal
Quantization,MobileNetV2,Education,85.1,84.3,96.8,59.1,417.5,302.5,34,Low-End,Poor,Assam
Knowledge Distillation,ResNet50,Education,93.4,91.8,76.1,29.7,331.4,225.5,13.9,Mid-Range,Good,Bihar
Weight Sharing,EfficientNet,Education,89.7,87.8,6,3.4,438.5,250.1,39.8,Mid-Range,Good,Uttar Pradesh
Pruning,MobileNet,Healthcare,87.9,86.6,13.6,4.1,376.6,256.1,39.8,Mid-Range,Good,West Bengal
Quantization,EfficientNet,Education,91.5,88.9,6.3,3.7,214.2,130.1,26.8,Low-End,Poor,Tamil Nadu
Knowledge Distillation,MobileNet,Education,91.6,89.3,54.4,23.7,464.2,305.2,13.9,Mid-Range,Poor,West Bengal
Weight Sharing,MobileNet,Healthcare,86.4,84,50.2,24.7,218.4,129.5,24.5,Mid-Range,Poor,Rajasthan
Pruning,SqueezeNet,Healthcare,87.6,86,59,30.3,248.5,158.2,14.1,Mid-Range,Moderate,Andhra Pradesh
Quantization,MobileNet,Healthcare,84.8,82.8,24.5,16.9,546.2,403.4,34.9,Low-End,Moderate,Madhya Pradesh
Knowledge Distillation,MobileNetV2,Agriculture,87.6,85,19.5,12.8,205.5,158.4,38.9,Mid-Range,Good,Uttar Pradesh
Weight Sharing,ResNet18,Healthcare,90,89.3,74.4,52,411.3,318.4,22.8,Mid-Range,Good,Chhattisgarh
Pruning,ResNet50,Healthcare,86.6,83.7,24.3,9.8,206.1,122.5,30.4,Low-End,Poor,Andhra Pradesh
Quantization,MobileNet,Agriculture,88.9,87.4,22.5,15.6,470.6,372.6,11.1,Mid-Range,Moderate,Rajasthan
Knowledge Distillation,ResNet50,Agriculture,88.4,86.5,21.9,7.3,543.7,302.2,35.3,Mid-Range,Good,Madhya Pradesh
Weight Sharing,ResNet18,Education,85.4,84.1,67.5,38.4,432.6,275.9,11.6,Low-End,Poor,Jharkhand
Pruning,MobileNet,Education,88.6,88.1,83.4,27.2,320.7,223.8,32.6,Low-End,Moderate,Andhra Pradesh
Quantization,ResNet18,Agriculture,89.1,86.2,49.2,15.9,422.7,308,28.4,Low-End,Moderate,Odisha
Knowledge Distillation,SqueezeNet,Education,84.7,82.9,43.8,20.1,590.3,307.9,24.9,Mid-Range,Moderate,Assam
Weight Sharing,MobileNet,Agriculture,84,82.4,65.9,34,377,242.8,28.2,Low-End,Moderate,Assam
Pruning,MobileNetV2,Healthcare,85,84.2,67.1,21,288.2,178.7,39.7,Low-End,Moderate,Uttar Pradesh
Quantization,SqueezeNet,Healthcare,87.1,84.2,56.5,33.7,302.5,213.9,10,Mid-Range,Moderate,Bihar
Knowledge Distillation,MobileNet,Agriculture,89.6,88.2,82,45.6,259.4,136.1,36,Mid-Range,Moderate,Tamil Nadu
Weight Sharing,ResNet50,Healthcare,91,88.7,97.4,40.2,295.9,164.3,29.5,Mid-Range,Poor,Manipur
Pruning,MobileNetV2,Healthcare,86.1,85.4,20,6.6,423.8,315.8,23.4,Mid-Range,Moderate,Tamil Nadu
Quantization,SqueezeNet,Healthcare,86.2,84,19.7,10.7,363.4,256.4,20.5,Mid-Range,Good,Odisha
Knowledge Distillation,MobileNet,Education,89.7,87.6,77.3,50.7,167.6,107.1,38.2,Mid-Range,Moderate,Tamil Nadu
Weight Sharing,ResNet50,Agriculture,87.8,86.4,43.3,15.7,217.8,115.3,20.1,Low-End,Good,Madhya Pradesh
Pruning,MobileNetV2,Healthcare,88.7,87.3,65.9,32.3,420.4,286,12.2,Low-End,Moderate,Rajasthan
Quantization,SqueezeNet,Agriculture,88.2,85.7,80.2,27.5,558.3,350.1,21.4,Low-End,Good,Andhra Pradesh
Knowledge Distillation,EfficientNet,Agriculture,88.3,86.2,36.8,25.2,199.3,101.5,29.2,Mid-Range,Poor,Odisha
Weight Sharing,ResNet50,Education,87.5,86.5,38.4,17.5,570.9,413.9,27.1,Low-End,Poor,Chhattisgarh
Pruning,SqueezeNet,Agriculture,93.9,91.4,32.6,10,181.2,103,17.4,Low-End,Moderate,Bihar
Quantization,ResNet18,Education,83.7,82.3,50,33.3,209.1,157,16.7,Mid-Range,Good,Chhattisgarh
Knowledge Distillation,MobileNet,Healthcare,84.6,82.9,33.1,17.3,446.8,236.5,14.3,Mid-Range,Poor,Tamil Nadu
Weight Sharing,ResNet50,Education,89.7,87.4,11.6,8,513.4,322.1,33.2,Mid-Range,Poor,West Bengal
Pruning,ResNet50,Agriculture,86.5,85.7,66.2,21.3,379.9,281.5,16.6,Mid-Range,Good,Jharkhand
Quantization,EfficientNet,Education,93,91.2,44,21.2,324.6,202.1,25.3,Mid-Range,Moderate,Odisha
Knowledge Distillation,ResNet18,Education,84.2,83.4,12.5,7.4,450.5,356.5,11.3,Mid-Range,Moderate,Jharkhand
Weight Sharing,MobileNetV2,Agriculture,89.2,86.5,96.1,44.5,489.9,337.8,10.5,Low-End,Good,Odisha
Pruning,EfficientNet,Agriculture,89.8,87.1,33.1,11.1,543.6,397.9,39.3,Low-End,Good,Chhattisgarh
Quantization,ResNet50,Healthcare,91.2,89.4,21.4,8.1,464.9,300.7,31.9,Mid-Range,Poor,Bihar
Knowledge Distillation,MobileNet,Agriculture,90.4,89.9,35.9,19.6,337.6,175.9,25.1,Mid-Range,Good,Rajasthan
Weight Sharing,SqueezeNet,Education,92.6,90.9,30.1,16.5,474,352.2,19.3,Low-End,Good,Andhra Pradesh
Pruning,ResNet50,Education,92,89.6,79.9,32.2,193.9,104.2,32.2,Low-End,Moderate,Rajasthan
Quantization,ResNet18,Healthcare,85.1,82.9,85.6,28.9,539.9,300.1,11.2,Low-End,Good,Odisha
Knowledge Distillation,EfficientNet,Agriculture,86.1,83.2,76.1,41.6,391.3,237.7,10,Low-End,Poor,Andhra Pradesh
Weight Sharing,EfficientNet,Education,84.7,83.9,98.8,40.9,429.8,259.6,20.5,Mid-Range,Good,West Bengal
Pruning,ResNet50,Education,89,87.2,63,41.5,270.9,156.6,19.1,Low-End,Good,Jharkhand
Quantization,MobileNet,Healthcare,90.6,89.4,48.8,18.5,154.3,115.3,29.2,Low-End,Poor,Assam
Knowledge Distillation,SqueezeNet,Agriculture,85.7,84.5,28.7,15.4,564.6,392.3,27.6,Low-End,Good,Chhattisgarh
Weight Sharing,ResNet18,Healthcare,87.3,84.8,70.1,34.8,386.2,233.1,21.1,Mid-Range,Moderate,Odisha
Pruning,MobileNetV2,Healthcare,89.7,87.4,71.2,33.6,466.2,330,33.7,Mid-Range,Good,Tamil Nadu
Quantization,EfficientNet,Agriculture,92.9,90.8,26.1,18.1,547.8,388,24.9,Mid-Range,Moderate,Manipur
Knowledge Distillation,SqueezeNet,Healthcare,83.8,82.7,66,46.2,358.6,258.2,26.5,Mid-Range,Poor,Tamil Nadu
Weight Sharing,EfficientNet,Agriculture,84.4,82.7,6.4,2,315.3,245.4,23.1,Low-End,Good,Tamil Nadu
Pruning,SqueezeNet,Healthcare,90.7,88,61.3,23.1,474.1,348.7,26.5,Low-End,Poor,Odisha
Quantization,SqueezeNet,Healthcare,86.5,84.2,23.1,15.1,505.1,347.2,37.4,Low-End,Good,Rajasthan
Knowledge Distillation,ResNet50,Agriculture,92.4,89.7,98.7,37.4,327.8,181.2,20,Low-End,Moderate,Assam
Weight Sharing,MobileNetV2,Healthcare,90.3,89.2,31.2,11,550.6,413.4,11.3,Mid-Range,Moderate,Madhya Pradesh
Pruning,ResNet18,Education,92.5,91.9,6.1,4,518.4,351.9,32.6,Low-End,Moderate,Bihar
Quantization,MobileNet,Education,83.1,80.5,75.4,26.2,236.1,129.9,23.1,Low-End,Poor,West Bengal
Knowledge Distillation,ResNet18,Education,89.8,88,44.7,21.4,504.3,301.7,15.4,Low-End,Poor,Assam
Weight Sharing,SqueezeNet,Agriculture,87.7,85.9,78.1,38.5,417,325.7,37.3,Mid-Range,Moderate,Tamil Nadu
Pruning,ResNet18,Education,88.4,86.9,67.5,41.7,164.5,100.9,35,Low-End,Poor,West Bengal
Quantization,SqueezeNet,Healthcare,89.5,88.7,24.1,10.2,375.3,264.1,16.8,Low-End,Poor,Odisha
Knowledge Distillation,SqueezeNet,Education,88.2,85.9,32.7,21.3,441.4,275.7,20.2,Low-End,Moderate,Rajasthan
Weight Sharing,MobileNet,Education,89.3,88.6,32.4,15.8,475.7,324.9,19.9,Low-End,Moderate,Chhattisgarh
Pruning,ResNet18,Education,93.2,91,34.1,11.6,592.1,338.7,23.5,Low-End,Poor,Rajasthan
Quantization,ResNet18,Agriculture,93.1,90.6,74.2,47.2,179.9,111.8,19.6,Low-End,Poor,Bihar
Knowledge Distillation,MobileNet,Education,91,89.6,72.4,49.2,383.2,257.6,20.5,Mid-Range,Moderate,Rajasthan
Weight Sharing,MobileNetV2,Education,89.2,88.5,80.3,34.4,432.1,328.3,35,Mid-Range,Moderate,Manipur
Pruning,MobileNet,Healthcare,91.4,88.6,94,28.8,369.6,265.6,11.9,Low-End,Moderate,Manipur
Quantization,MobileNet,Agriculture,92,90.5,27,9.5,193,151,34.9,Mid-Range,Good,Rajasthan
Knowledge Distillation,SqueezeNet,Healthcare,83.2,82,85,43,520.1,385,32.6,Low-End,Poor,Chhattisgarh
Weight Sharing,MobileNetV2,Education,93.6,91.8,18.4,7.6,598.7,474.9,28,Mid-Range,Moderate,Madhya Pradesh
Pruning,SqueezeNet,Agriculture,87.3,86.1,85.4,35.6,240.4,137.3,39.9,Mid-Range,Moderate,Bihar
Quantization,MobileNetV2,Agriculture,86.3,84.2,95.1,49.9,491.4,309.5,37.1,Low-End,Poor,Assam
Knowledge Distillation,MobileNet,Healthcare,92.9,90.2,65.5,39.6,479.8,323.9,36,Low-End,Good,Odisha
Weight Sharing,MobileNet,Agriculture,90.3,88.7,57.3,37.4,492,363.4,23.2,Low-End,Good,Tamil Nadu
Pruning,ResNet18,Education,90.6,89.5,59,23.5,490.2,384.1,30.6,Mid-Range,Poor,Assam
Quantization,MobileNet,Education,85,83,12.9,6.8,594.6,369.3,35.9,Low-End,Moderate,Chhattisgarh
Knowledge Distillation,ResNet50,Education,84.3,82.3,36.6,12.1,465,287.8,34.5,Low-End,Moderate,Assam
Weight Sharing,EfficientNet,Agriculture,86.4,83.7,48.6,30.9,587,433.2,34.6,Mid-Range,Good,Uttar Pradesh
Pruning,ResNet18,Education,91.6,90.7,49.8,24.3,570.4,402,39.1,Low-End,Poor,Manipur
Quantization,EfficientNet,Education,86.9,84.5,7.7,4.4,157.8,79,25.3,Mid-Range,Good,West Bengal
Knowledge Distillation,EfficientNet,Healthcare,91,89.5,96,62.9,472.8,353.4,39.2,Low-End,Moderate,Chhattisgarh
Weight Sharing,ResNet18,Agriculture,85.5,82.6,14,7.3,431.7,316.4,30.6,Low-End,Moderate,Madhya Pradesh
Pruning,EfficientNet,Agriculture,91.4,90.7,47.6,21.2,470.4,355.9,24.8,Mid-Range,Moderate,Tamil Nadu
Quantization,ResNet18,Education,89.7,88.2,41.5,22.1,506.1,294,34,Low-End,Moderate,Manipur
Knowledge Distillation,MobileNetV2,Agriculture,93.2,91.5,60.7,21.5,325.6,166.3,36.9,Low-End,Good,Chhattisgarh
Weight Sharing,ResNet50,Healthcare,91,88.2,35.6,11.3,540.3,301,27.4,Mid-Range,Poor,Tamil Nadu
Pruning,MobileNet,Agriculture,93.7,91.6,56.1,17.4,382.8,254.3,15.6,Mid-Range,Good,Jharkhand
Quantization,MobileNetV2,Healthcare,89.3,87.5,95.3,43.4,540.4,306.2,29.9,Low-End,Good,West Bengal
Knowledge Distillation,EfficientNet,Healthcare,93.6,92.2,5.4,1.7,186.1,144.7,15.5,Low-End,Moderate,Odisha
Weight Sharing,ResNet18,Healthcare,88,85.5,71.5,39.1,586.1,436.7,28.6,Low-End,Moderate,Andhra Pradesh
Pruning,ResNet50,Education,87.3,85.6,77.8,44.9,499.3,301.2,23.1,Mid-Range,Moderate,Manipur
Quantization,SqueezeNet,Education,85.3,82.4,46.9,19.3,397.5,231.7,12,Low-End,Moderate,Uttar Pradesh
Knowledge Distillation,EfficientNet,Agriculture,84,81.4,17.3,5.4,235.7,187,23.7,Low-End,Good,Chhattisgarh
Weight Sharing,ResNet18,Education,89.1,86.3,32.8,10.8,389.4,256.6,39.9,Low-End,Moderate,Tamil Nadu
Pruning,SqueezeNet,Healthcare,86.8,85.3,24.9,10.4,220.8,169.9,27.7,Low-End,Poor,Uttar Pradesh
Quantization,SqueezeNet,Education,85.9,83,91.9,40.7,458.7,320.5,34.7,Low-End,Poor,Odisha
Knowledge Distillation,ResNet18,Agriculture,88.7,85.9,54.7,35.6,181,129.2,31.3,Low-End,Poor,Odisha
Weight Sharing,MobileNet,Healthcare,84.2,82.7,24,10.4,520.2,331.8,32.8,Low-End,Moderate,Jharkhand
Pruning,MobileNetV2,Education,92.3,90.5,64.8,33,541.1,429.4,22.8,Low-End,Moderate,Manipur
Quantization,MobileNetV2,Education,92.3,91.1,55.3,21.9,506,301,16.8,Mid-Range,Good,Odisha
Knowledge Distillation,ResNet18,Agriculture,91.8,90.4,25.3,14.8,167.2,112.5,32.2,Mid-Range,Moderate,Uttar Pradesh
Weight Sharing,MobileNet,Agriculture,91.7,90.4,78.3,33.9,290.1,222.3,16,Low-End,Moderate,Rajasthan
Pruning,MobileNet,Agriculture,90.6,88.3,71.6,28.7,330.5,248.3,37.5,Low-End,Moderate,Tamil Nadu
Quantization,MobileNetV2,Agriculture,87.2,86.7,61.7,27.9,441.8,311.7,11.4,Low-End,Good,Madhya Pradesh
Knowledge Distillation,SqueezeNet,Education,85.7,84.6,55.1,25,233.4,140.5,37.4,Mid-Range,Poor,Assam
Weight Sharing,SqueezeNet,Healthcare,91.7,90.7,16.5,10.2,150.2,115.1,17,Mid-Range,Good,Andhra Pradesh
Pruning,SqueezeNet,Agriculture,85.1,83.8,56.3,28.3,410.3,312.3,32.5,Mid-Range,Moderate,Tamil Nadu
Quantization,EfficientNet,Healthcare,86.9,84.7,57,25.8,199.5,118.8,22.3,Low-End,Moderate,Rajasthan
Knowledge Distillation,ResNet50,Healthcare,87.1,86.6,39.4,16.7,244,186.4,15,Mid-Range,Good,Odisha
Weight Sharing,MobileNetV2,Healthcare,89.4,87.7,93.2,59.4,350.9,232.2,35.6,Low-End,Good,Bihar
Pruning,ResNet50,Healthcare,87.8,86.1,98.8,49.6,162.4,104.7,22.3,Low-End,Poor,Uttar Pradesh
Quantization,EfficientNet,Education,87.4,86.9,22.7,8.7,307.7,162,20.4,Mid-Range,Poor,Chhattisgarh
Knowledge Distillation,MobileNetV2,Agriculture,90.7,89.9,36.2,16.3,314.3,231.5,32.6,Low-End,Good,Chhattisgarh
Weight Sharing,MobileNet,Healthcare,91.5,89.6,48.5,19.1,369.2,253.7,35,Mid-Range,Moderate,Madhya Pradesh
Pruning,SqueezeNet,Education,83.7,81.2,61,28,207.9,105.6,29.8,Low-End,Good,Chhattisgarh
Quantization,ResNet18,Agriculture,89.9,89.3,27.1,16.4,193.3,101.5,19.3,Mid-Range,Good,Jharkhand
Knowledge Distillation,SqueezeNet,Education,83.1,80.7,39.3,23.3,272.2,159.6,31.7,Low-End,Good,Jharkhand
Weight Sharing,SqueezeNet,Education,90.6,88.7,77.4,46.2,579.8,377.9,34.2,Mid-Range,Moderate,Chhattisgarh
Pruning,MobileNet,Healthcare,87.7,85.1,26,14.3,568.2,369.6,38.7,Mid-Range,Moderate,West Bengal
Quantization,ResNet18,Education,86,84.3,30.9,13.3,386.2,260.2,22.9,Low-End,Moderate,Odisha
Knowledge Distillation,ResNet18,Agriculture,91.7,89.1,46.5,15.5,282.9,181,21.2,Low-End,Moderate,Uttar Pradesh
Weight Sharing,ResNet50,Agriculture,88.5,87.8,90.1,50.4,542.7,429.4,38.8,Mid-Range,Good,West Bengal
Pruning,MobileNet,Education,90.2,89.1,42.1,14.2,217,136.8,35.2,Low-End,Moderate,Manipur
Quantization,EfficientNet,Agriculture,93,91.6,91.2,61.3,546.1,435.9,34.4,Low-End,Poor,Assam
Knowledge Distillation,MobileNet,Healthcare,90.7,89.7,87.6,56.2,534.6,277.8,16.2,Mid-Range,Moderate,Bihar
Weight Sharing,EfficientNet,Healthcare,89.4,86.5,13.4,8.7,328.1,225.7,37.3,Mid-Range,Good,West Bengal
Pruning,EfficientNet,Agriculture,92.5,90.8,30.5,14,287.7,162.3,24.6,Mid-Range,Good,Tamil Nadu
Quantization,ResNet18,Education,93.6,91.6,63.2,39.3,442.6,304.3,17,Mid-Range,Good,Assam
Knowledge Distillation,MobileNetV2,Healthcare,85.8,83.8,32.6,16.1,497,296.5,29,Low-End,Poor,Jharkhand
Weight Sharing,EfficientNet,Agriculture,86.5,85.1,25.7,16.3,239.1,182.7,10,Low-End,Good,Jharkhand
Pruning,ResNet18,Healthcare,93.1,90.9,31,9.6,433,307.6,16.4,Low-End,Poor,West Bengal
Quantization,EfficientNet,Agriculture,86.1,84.6,32.4,21.2,485.5,348.2,17.8,Mid-Range,Poor,Assam
Knowledge Distillation,MobileNetV2,Healthcare,87.2,85.5,24.3,9.4,569,379.6,32.6,Mid-Range,Poor,West Bengal
Weight Sharing,ResNet18,Healthcare,93.6,91.2,35.2,15.8,213.9,166.7,19.3,Mid-Range,Good,Jharkhand
Pruning,MobileNetV2,Healthcare,91.4,90,69.6,29.4,515.5,372.4,39.7,Low-End,Good,Chhattisgarh
Quantization,EfficientNet,Education,92.6,91,13.6,8.4,471.9,329.4,15.7,Low-End,Moderate,Andhra Pradesh
Knowledge Distillation,SqueezeNet,Education,86.8,86.1,96.7,30.3,156.2,91.2,22.7,Low-End,Good,Uttar Pradesh
Weight Sharing,ResNet50,Healthcare,89.5,88.6,88.1,36.2,579.8,349.6,11.9,Low-End,Good,Rajasthan
Pruning,ResNet18,Education,93.2,92,94.6,34.5,559.6,434.8,21.4,Low-End,Poor,Andhra Pradesh
Quantization,SqueezeNet,Education,83.3,81.7,15.6,10,481.9,267.5,19.1,Low-End,Good,Manipur
Knowledge Distillation,ResNet50,Agriculture,90.9,89.1,81.8,41.7,175.2,135.1,15.1,Mid-Range,Good,Madhya Pradesh
Weight Sharing,ResNet18,Agriculture,83.2,81.8,24.3,7.8,338.9,177.6,21.9,Mid-Range,Moderate,Madhya Pradesh
Pruning,ResNet18,Education,93.9,91.6,69.6,28,363.3,275.1,10.7,Low-End,Moderate,Rajasthan
Quantization,MobileNet,Education,86.8,84.7,25.7,10.2,478.2,364.2,30.8,Low-End,Poor,West Bengal
Knowledge Distillation,EfficientNet,Healthcare,84,82.5,14.1,4.5,445.1,321.5,21.5,Low-End,Good,Manipur
Weight Sharing,ResNet18,Healthcare,83.4,81.6,44,27.7,429,293.5,21.8,Low-End,Poor,Uttar Pradesh
Pruning,MobileNetV2,Education,88.8,86.8,72.2,22.2,429.4,311.5,11.8,Low-End,Poor,Odisha
Quantization,ResNet50,Agriculture,88.3,87.7,9.5,3.2,502.9,368.1,18.1,Low-End,Good,West Bengal
Knowledge Distillation,EfficientNet,Agriculture,92.2,90.5,74.7,26.3,380.4,223.2,39.9,Low-End,Good,Jharkhand
Weight Sharing,MobileNetV2,Healthcare,89.2,87.3,38.6,22,170.4,118.7,33.8,Mid-Range,Moderate,Tamil Nadu
Pruning,SqueezeNet,Healthcare,88,87.1,39.7,27,544.5,344.9,13.9,Low-End,Moderate,Andhra Pradesh
Quantization,ResNet18,Healthcare,93.3,90.8,67.3,32.6,454.6,321.5,17.9,Mid-Range,Good,Manipur
Knowledge Distillation,EfficientNet,Agriculture,83.8,82.5,33.9,19.6,445.3,246.9,19.7,Mid-Range,Moderate,Andhra Pradesh
Weight Sharing,EfficientNet,Healthcare,85.4,82.7,61.8,31.8,162.4,121.4,33.5,Mid-Range,Poor,West Bengal
Pruning,MobileNet,Agriculture,90.8,88.8,83.2,28,196.2,118.7,14.9,Low-End,Good,Rajasthan
Quantization,SqueezeNet,Agriculture,89.5,88,77.6,52.8,217.9,124.6,33.2,Low-End,Good,Bihar
Knowledge Distillation,SqueezeNet,Education,91.5,90.5,96,47.6,260.3,153.1,21.6,Mid-Range,Poor,Rajasthan
Weight Sharing,SqueezeNet,Healthcare,85.2,83.4,44.1,24.8,374.7,271.9,13.5,Mid-Range,Moderate,Odisha
Pruning,EfficientNet,Healthcare,83.9,82.7,55.3,38.6,570.5,395.4,33.7,Low-End,Moderate,Andhra Pradesh
Quantization,MobileNet,Education,87.3,85.8,16,7.7,168.6,94,23.4,Mid-Range,Moderate,Chhattisgarh
Knowledge Distillation,ResNet50,Healthcare,92.9,90.2,74.5,46.8,271.1,174.5,33.2,Low-End,Good,Rajasthan
Weight Sharing,ResNet18,Education,90.6,89.4,53.9,18.4,167.4,132.9,34.7,Mid-Range,Moderate,Bihar
Pruning,MobileNet,Agriculture,86.2,84.1,95,54.3,360.5,183.5,20.1,Mid-Range,Poor,Uttar Pradesh
Quantization,ResNet18,Healthcare,84.4,81.9,9.7,6.7,472.7,356.1,39.7,Mid-Range,Moderate,Chhattisgarh
Knowledge Distillation,ResNet18,Healthcare,92.2,89.5,72.7,46.2,327.1,178.3,34.2,Mid-Range,Poor,Bihar
Weight Sharing,ResNet50,Healthcare,86.7,84.4,37.7,17.9,240.9,137.9,32.3,Mid-Range,Poor,Tamil Nadu
Pruning,ResNet18,Healthcare,89.3,86.5,91.5,62.6,278.1,182.4,19.3,Low-End,Poor,Chhattisgarh
Quantization,EfficientNet,Agriculture,86.1,85.4,86.2,42.2,170.7,118.6,38.6,Mid-Range,Poor,Assam
Knowledge Distillation,SqueezeNet,Agriculture,86.7,84.6,31.2,13.4,457.8,274.6,27.2,Mid-Range,Moderate,Assam
Weight Sharing,EfficientNet,Healthcare,92.7,90.4,93,47.8,568,358.6,35.6,Mid-Range,Poor,Andhra Pradesh
Pruning,MobileNet,Education,91.3,89.3,21.5,13.1,372.9,191.8,14.7,Low-End,Moderate,Assam
Quantization,ResNet50,Agriculture,85.3,83.3,45.8,22.1,476.1,379.5,11.2,Low-End,Moderate,Andhra Pradesh
Knowledge Distillation,MobileNet,Healthcare,93.6,91,96.3,34.5,484.2,375,33.9,Low-End,Moderate,Tamil Nadu
Weight Sharing,MobileNet,Healthcare,83.8,81.9,47.2,16.4,158.4,114.7,35.5,Low-End,Good,Madhya Pradesh
Pruning,ResNet18,Healthcare,91.7,89.8,77.8,26.2,225.5,129.3,14.3,Mid-Range,Poor,Jharkhand
Quantization,MobileNetV2,Education,84.1,81.6,90.7,53.2,464.4,355.3,23.5,Mid-Range,Good,Odisha
Knowledge Distillation,ResNet50,Agriculture,92.2,91.1,47.9,14.5,416.7,256.1,17.4,Low-End,Poor,Jharkhand
Weight Sharing,EfficientNet,Education,88.2,86.2,19.5,9.5,230.4,170,23.8,Low-End,Poor,Jharkhand
Pruning,MobileNetV2,Healthcare,87.4,85.8,84.2,52.3,560.3,386.1,11.8,Low-End,Poor,Madhya Pradesh
Quantization,SqueezeNet,Healthcare,83.5,82,24.4,15.4,442.2,267.5,26.5,Mid-Range,Moderate,Odisha
Knowledge Distillation,MobileNet,Agriculture,89.3,87.1,54.2,22,389.9,205.8,38.8,Mid-Range,Good,Uttar Pradesh
Weight Sharing,ResNet50,Healthcare,90.8,89.9,94.9,60.4,321.1,236.6,12.4,Low-End,Good,Madhya Pradesh
Pruning,SqueezeNet,Education,85.5,82.9,73.7,35.1,486.5,315.4,24.5,Mid-Range,Good,Bihar
Quantization,MobileNetV2,Education,91,89.8,99.9,56.9,584.8,407.4,38.2,Low-End,Poor,Tamil Nadu
Knowledge Distillation,MobileNetV2,Agriculture,84.8,83,31.8,18.7,497.1,323.9,18.6,Mid-Range,Moderate,Manipur
Weight Sharing,SqueezeNet,Education,93.2,91.9,25.9,17.6,154.7,117.7,16.7,Low-End,Good,Andhra Pradesh
Pruning,SqueezeNet,Healthcare,85,82.4,85,31.1,453.7,312.4,19.4,Mid-Range,Moderate,Uttar Pradesh
Quantization,MobileNet,Agriculture,85.8,83.3,51.1,31.6,480.9,319.3,38.6,Mid-Range,Moderate,Assam
Knowledge Distillation,ResNet18,Education,88.8,86.3,6.5,2.4,456.8,338.4,11.3,Low-End,Moderate,Bihar
Weight Sharing,SqueezeNet,Healthcare,93.1,91.5,34.2,17.3,289.5,192.4,27,Mid-Range,Good,Uttar Pradesh
Pruning,SqueezeNet,Healthcare,84.7,82.4,29.7,12.7,358.3,253.4,36.6,Mid-Range,Poor,Tamil Nadu
Quantization,MobileNet,Education,86.5,85.4,34.6,10.4,520,262.1,15.2,Mid-Range,Moderate,Andhra Pradesh
Knowledge Distillation,MobileNet,Education,89.8,88.2,18.4,12.1,570.1,331.3,16.7,Low-End,Good,Manipur
Weight Sharing,EfficientNet,Education,91.5,90.4,58.5,34.9,225.5,157.2,29.6,Low-End,Moderate,Rajasthan
Pruning,ResNet50,Education,88,85.5,83.5,46.4,583.1,316.7,23.7,Low-End,Good,Uttar Pradesh
Quantization,ResNet50,Healthcare,88.3,87,67.1,44.1,469.6,335.2,29.9,Low-End,Moderate,Bihar
Knowledge Distillation,EfficientNet,Education,88.7,87.1,47.1,16.9,409.5,311.6,13.2,Low-End,Moderate,Assam
Weight Sharing,MobileNetV2,Healthcare,88.7,86.5,43.5,21,265.2,192.1,21,Low-End,Good,Tamil Nadu
Pruning,ResNet18,Healthcare,91.9,90.6,83.4,38.9,488.8,265.2,24.6,Mid-Range,Good,Andhra Pradesh
Quantization,EfficientNet,Education,86.8,85.7,79.1,41.2,461.3,330,19.2,Low-End,Poor,Manipur
Knowledge Distillation,SqueezeNet,Healthcare,92.3,90.2,84.4,47.8,561.2,332.5,31.2,Low-End,Poor,Chhattisgarh
Weight Sharing,ResNet18,Education,83.1,81.4,62.5,19.2,569.4,301.4,17.9,Mid-Range,Good,Andhra Pradesh
Pruning,ResNet18,Agriculture,85.1,83.8,85.2,43.9,249.4,153.3,29.9,Mid-Range,Poor,Jharkhand
Quantization,EfficientNet,Healthcare,90.7,88.6,67.7,42.1,332.6,251.7,19,Mid-Range,Good,Jharkhand
Knowledge Distillation,ResNet18,Agriculture,86.9,84.1,95.3,58.6,327.3,169.7,38.4,Mid-Range,Good,Bihar
Weight Sharing,ResNet18,Education,84.8,83.7,85.7,43.5,213.5,114.3,31.3,Low-End,Poor,Jharkhand
Pruning,EfficientNet,Agriculture,87.6,86.9,24,11,540.8,314,30.7,Low-End,Moderate,Bihar
Quantization,EfficientNet,Education,91.5,89.6,50.5,16.3,484.8,262.6,13.4,Mid-Range,Moderate,Tamil Nadu
Knowledge Distillation,ResNet18,Education,83.5,81.7,76.5,30.7,542.8,301.5,36,Mid-Range,Poor,Bihar
Weight Sharing,MobileNetV2,Healthcare,88.6,87.7,60,39.3,557.7,332.8,15.7,Mid-Range,Good,Andhra Pradesh
Pruning,EfficientNet,Agriculture,89.9,87.1,81.8,31.1,256.8,198,32.2,Low-End,Moderate,Madhya Pradesh
Quantization,EfficientNet,Healthcare,92.3,89.7,56.6,36.7,555.1,356.7,33.6,Low-End,Poor,Andhra Pradesh
Knowledge Distillation,MobileNetV2,Education,85.4,83.7,76.9,42.1,348.4,216.7,11.8,Mid-Range,Poor,Odisha
Weight Sharing,EfficientNet,Healthcare,88.3,85.7,73.5,51.3,427.5,295.3,25.1,Mid-Range,Moderate,Uttar Pradesh
Pruning,MobileNetV2,Healthcare,93.3,90.4,6.1,1.9,161.8,89.4,27,Low-End,Good,Madhya Pradesh
Quantization,ResNet18,Agriculture,86.7,85.5,62.7,23.1,429.5,299.4,36.7,Low-End,Poor,Tamil Nadu
Knowledge Distillation,MobileNet,Education,92.1,90.9,53.6,25.9,448.6,272.8,28.1,Low-End,Poor,Bihar
Weight Sharing,ResNet50,Education,86.2,83.4,42.8,18.6,304.6,155.2,16.6,Low-End,Poor,Assam
Pruning,MobileNet,Healthcare,92.7,90.1,83.8,38.5,258.2,149.4,19.5,Low-End,Moderate,Odisha
Quantization,EfficientNet,Agriculture,84.9,84.1,40.1,17.5,284.6,148,38.4,Low-End,Good,Tamil Nadu
Knowledge Distillation,MobileNet,Education,86.1,84.4,69.2,21.2,354.6,220.8,22.6,Low-End,Moderate,Madhya Pradesh
Weight Sharing,MobileNet,Healthcare,89.5,88.3,18.1,9.2,450.5,227.7,22,Mid-Range,Good,West Bengal
Pruning,MobileNetV2,Agriculture,84.5,82.6,56.2,18.9,157.5,96.6,17,Mid-Range,Good,Bihar
Quantization,SqueezeNet,Education,93.3,92,82.7,35.9,368.4,215.6,20.9,Low-End,Good,Uttar Pradesh
Knowledge Distillation,MobileNet,Education,89.1,87.4,61,18.8,534.3,295.8,14.1,Mid-Range,Moderate,Rajasthan
Weight Sharing,SqueezeNet,Healthcare,89.2,87.8,6.2,4.1,472.2,267.7,30.4,Mid-Range,Moderate,Tamil Nadu
Pruning,ResNet18,Healthcare,86.2,84.9,67,21.4,507,372.2,14.5,Mid-Range,Poor,Jharkhand
Quantization,MobileNetV2,Agriculture,91,89.7,68.5,26.7,344.6,194.2,35.8,Mid-Range,Good,Odisha
Knowledge Distillation,ResNet18,Education,90.7,88.9,21.2,14.5,191.2,130.5,13.6,Low-End,Poor,Tamil Nadu
Weight Sharing,MobileNetV2,Agriculture,87.7,86.3,48.8,16.4,351.1,232.5,36.3,Low-End,Poor,Manipur
Pruning,SqueezeNet,Agriculture,93.7,91.8,95.7,51.7,204.4,147.5,23.3,Mid-Range,Good,Jharkhand
Quantization,MobileNetV2,Education,89.5,87.9,86.3,50,466.1,367.2,12.4,Mid-Range,Poor,Manipur
Knowledge Distillation,EfficientNet,Healthcare,84.5,82.6,71.2,30.9,343.7,270.3,33.1,Mid-Range,Poor,Assam
Weight Sharing,ResNet50,Healthcare,92.9,91.3,72.6,42.5,425.8,257.6,16.5,Mid-Range,Good,Uttar Pradesh
Pruning,MobileNetV2,Education,91.4,90.7,77,27.1,436.6,249.7,10.1,Low-End,Moderate,Odisha
Quantization,ResNet18,Education,85.2,84.4,73.3,50,158,100.9,26.2,Low-End,Good,Andhra Pradesh
Knowledge Distillation,SqueezeNet,Education,83.4,82.5,66.3,42,246.9,144.7,25.8,Mid-Range,Good,Tamil Nadu
Weight Sharing,ResNet18,Education,86.9,84,32.7,20.8,388.7,243,26.4,Low-End,Poor,Andhra Pradesh
Pruning,MobileNet,Education,86,84.6,12.7,7.2,368.7,223.4,23.6,Low-End,Good,Jharkhand
Quantization,ResNet50,Education,92.1,91.3,13.9,9.1,585.4,293.5,15.7,Low-End,Moderate,Uttar Pradesh
Knowledge Distillation,ResNet50,Education,85.7,83.8,45.4,23.2,318.9,232.7,35,Low-End,Poor,Uttar Pradesh
Weight Sharing,MobileNetV2,Healthcare,91.9,89.1,46.5,28.1,392.4,201,13.4,Low-End,Good,Uttar Pradesh
Pruning,SqueezeNet,Healthcare,89.9,89.3,35.8,23.1,283.8,150.9,33.8,Mid-Range,Moderate,Chhattisgarh
Quantization,ResNet18,Education,93.5,92.1,89.1,40.8,350.9,177.1,15.7,Low-End,Good,Andhra Pradesh
Knowledge Distillation,MobileNetV2,Education,91.5,90.4,29.3,10.1,462.9,274.1,36.5,Low-End,Moderate,Uttar Pradesh
Weight Sharing,EfficientNet,Agriculture,85.8,83.1,38,24.8,277.6,189.5,29.6,Low-End,Moderate,Odisha
Pruning,ResNet18,Healthcare,83.5,81.2,36.9,16.9,490.1,345.5,39.3,Low-End,Moderate,Uttar Pradesh
Quantization,MobileNet,Education,92.1,90,36.1,24.8,522.2,401.3,21.9,Mid-Range,Good,Rajasthan
Knowledge Distillation,MobileNetV2,Healthcare,83.4,82.6,57.5,29.9,151.7,92.3,14.8,Mid-Range,Poor,Uttar Pradesh
Weight Sharing,SqueezeNet,Healthcare,83.3,81.1,6,2.3,532.9,317.5,15.3,Low-End,Poor,Jharkhand
Pruning,EfficientNet,Healthcare,83.3,80.5,35.3,17,461.7,260.5,11,Low-End,Good,West Bengal
Quantization,MobileNetV2,Healthcare,91.5,91,18.7,9.7,276.9,147.4,39.2,Low-End,Moderate,Madhya Pradesh
Knowledge Distillation,ResNet50,Agriculture,84.4,82.9,79.8,34.8,191.2,126.7,32.4,Low-End,Moderate,Tamil Nadu
Weight Sharing,MobileNet,Education,92.8,90.1,8.5,5.7,268.6,146.6,28.3,Mid-Range,Moderate,Odisha
Pruning,ResNet18,Education,91.5,90.6,77.5,29.9,268,190.4,30.3,Mid-Range,Good,Rajasthan
Quantization,ResNet18,Agriculture,86.8,85.7,17.1,9.9,573.4,403,11.6,Low-End,Good,Uttar Pradesh
Knowledge Distillation,MobileNet,Agriculture,92.9,90.4,89.8,61,168,113.7,34.1,Low-End,Good,Odisha
Weight Sharing,ResNet50,Agriculture,89.3,86.3,85.2,26.5,189.1,136.8,34.5,Mid-Range,Good,Madhya Pradesh
Pruning,ResNet50,Agriculture,93.3,91.4,47.9,19.5,335.3,253.6,14.5,Mid-Range,Moderate,Bihar
Quantization,SqueezeNet,Agriculture,91.2,90.5,67.8,44.1,306.9,235.4,33.5,Low-End,Moderate,Tamil Nadu
Knowledge Distillation,ResNet50,Education,93.3,91.1,7.1,4,497.8,296.1,21.9,Low-End,Poor,Assam
Weight Sharing,ResNet18,Education,90.2,87.2,28.9,14.1,576.4,352.9,26,Mid-Range,Good,Uttar Pradesh
Pruning,ResNet50,Agriculture,89,87.4,55.7,26.2,150.8,97.7,37.6,Low-End,Poor,Uttar Pradesh
Quantization,MobileNet,Education,83.9,81.6,27.6,19.3,289.9,220.4,15.8,Mid-Range,Good,West Bengal
Knowledge Distillation,EfficientNet,Education,91.8,90.9,43.1,22,500.6,394.8,32.1,Low-End,Poor,Odisha
Weight Sharing,ResNet50,Healthcare,86.5,85.1,41.8,27.6,276,155.5,13.2,Low-End,Moderate,Tamil Nadu
Pruning,MobileNet,Agriculture,86.2,85.4,24.2,12.8,334.8,201,14.6,Low-End,Moderate,Odisha
Quantization,MobileNet,Education,89,87.8,5.2,1.7,332,263.2,15.1,Low-End,Poor,Odisha
Knowledge Distillation,EfficientNet,Healthcare,89.3,88.4,4.6,2.8,151.9,79.3,19.1,Low-End,Poor,West Bengal
Weight Sharing,MobileNetV2,Agriculture,86.7,84.7,96,31.5,543.8,365.3,38.5,Mid-Range,Moderate,Chhattisgarh
Pruning,ResNet50,Education,88.1,85.9,64.5,33.4,204.2,149.5,19.2,Low-End,Poor,Jharkhand
Quantization,ResNet18,Agriculture,86.1,83.7,87.3,57.5,559.4,421.4,30.3,Low-End,Good,West Bengal
Knowledge Distillation,EfficientNet,Healthcare,85.6,84.5,89.6,37,188.1,115.2,37.2,Mid-Range,Good,Rajasthan
Weight Sharing,SqueezeNet,Agriculture,84.2,83.6,21.6,9.7,389.9,298.8,25.8,Mid-Range,Moderate,Rajasthan
Pruning,MobileNet,Education,86.9,85.4,29.1,8.9,429.1,230.6,22.6,Low-End,Poor,Odisha
Quantization,SqueezeNet,Education,89.8,87.9,29.3,15.1,314.5,188.9,29.3,Mid-Range,Good,Bihar
Knowledge Distillation,ResNet50,Agriculture,86.7,85.1,52.5,35,469.7,241.8,22.7,Low-End,Good,Assam
Weight Sharing,ResNet18,Healthcare,85.3,84.1,25.7,15.7,539.4,369.3,11.3,Low-End,Good,Rajasthan
Pruning,MobileNetV2,Healthcare,84.2,82,36.3,24.5,206.5,133.6,27.3,Mid-Range,Good,Manipur
Quantization,MobileNet,Healthcare,88.7,86.2,89.9,27.3,361.6,251.1,19.9,Mid-Range,Moderate,Tamil Nadu
Knowledge Distillation,MobileNet,Education,88.2,85.3,42.9,15.7,311.5,192.9,14,Low-End,Moderate,West Bengal
Weight Sharing,MobileNetV2,Healthcare,91.7,88.8,40.4,15,578.5,315.9,31.9,Mid-Range,Moderate,Jharkhand
Pruning,MobileNetV2,Education,93.6,92.9,81.5,51.6,574,411.7,10.8,Mid-Range,Moderate,Madhya Pradesh
Quantization,SqueezeNet,Agriculture,91.7,89.9,18.8,8.9,252.2,142.9,35.8,Low-End,Good,Tamil Nadu
Knowledge Distillation,MobileNet,Healthcare,90.7,89.9,71,21.4,324.4,181.4,29,Mid-Range,Moderate,Assam
Weight Sharing,MobileNet,Healthcare,91.2,88.5,65.1,25.1,421.5,296.6,32.3,Mid-Range,Good,Odisha
Pruning,MobileNet,Education,87.9,86.1,60.4,32,226.2,164.7,19.6,Low-End,Moderate,West Bengal
Quantization,ResNet50,Healthcare,87.3,85.4,18.8,10.3,262.5,207.6,32.4,Mid-Range,Moderate,Jharkhand
Knowledge Distillation,ResNet50,Healthcare,88,86.9,29.9,20.5,343.3,176,37.7,Mid-Range,Moderate,Manipur
Weight Sharing,SqueezeNet,Healthcare,90.8,89.5,99.5,49.5,483.4,356.6,14.3,Mid-Range,Moderate,Bihar
Pruning,EfficientNet,Education,93.7,92.4,16.1,7.4,506.8,285.9,18.8,Low-End,Good,Rajasthan
Quantization,ResNet50,Healthcare,88.4,87.2,11.5,7.6,368.5,241.8,23.6,Low-End,Moderate,Andhra Pradesh
Knowledge Distillation,ResNet50,Healthcare,93.6,90.8,82.8,38.1,351.6,177.4,25.6,Low-End,Poor,Assam
Weight Sharing,SqueezeNet,Agriculture,87,85.8,92.5,48.6,378.9,219.2,32.3,Low-End,Good,Bihar
Pruning,ResNet50,Education,89.1,88.2,78.2,43.3,578,381,17.4,Low-End,Moderate,Rajasthan
Quantization,ResNet50,Agriculture,86.4,84.8,84.3,43.3,296.4,197,32.6,Low-End,Good,Odisha
Knowledge Distillation,SqueezeNet,Education,87.6,86.8,19.1,12.4,594.3,319.3,21,Low-End,Poor,Jharkhand
Weight Sharing,ResNet18,Agriculture,93.4,92.7,33.2,15.1,363.8,250.6,24.4,Low-End,Moderate,Jharkhand
Pruning,EfficientNet,Healthcare,94,93,38.5,12,399.7,240,25.4,Low-End,Moderate,West Bengal
Quantization,ResNet50,Agriculture,89,86.3,61.6,42.8,527.7,315,39.4,Low-End,Poor,Andhra Pradesh
Knowledge Distillation,EfficientNet,Healthcare,84.9,82.7,99.9,40.5,486.1,291.1,25.8,Mid-Range,Good,Chhattisgarh
Weight Sharing,MobileNet,Healthcare,89,87.1,58.2,36.2,321,210.3,34,Low-End,Poor,Madhya Pradesh
Pruning,EfficientNet,Education,84.7,82.8,64.5,38.2,165.6,91.4,13.8,Mid-Range,Good,Andhra Pradesh
Quantization,MobileNetV2,Healthcare,83.1,80.2,99.7,44.1,572.4,396.2,15.5,Low-End,Moderate,Uttar Pradesh
Knowledge Distillation,ResNet18,Healthcare,88.2,87.3,38.6,16.2,239.5,156.9,39.4,Mid-Range,Poor,Bihar
Weight Sharing,ResNet50,Healthcare,92.6,90.4,50.9,26.4,546.6,316.5,10.5,Mid-Range,Poor,West Bengal
Pruning,MobileNet,Healthcare,85.2,83,26,11.9,443.5,230.8,24.8,Low-End,Moderate,Assam
Quantization,ResNet50,Healthcare,84.5,83.6,64.4,33,439.9,266,15.2,Low-End,Moderate,Chhattisgarh
Knowledge Distillation,ResNet18,Healthcare,91.5,89.5,41.5,27.6,286.4,177.1,13.8,Low-End,Good,Madhya Pradesh
Weight Sharing,ResNet50,Healthcare,89.8,88.7,44.4,22.8,407.6,290.8,20.7,Mid-Range,Good,Rajasthan
Pruning,ResNet18,Healthcare,83.8,82.2,89.3,51.4,470.5,282.2,31.7,Mid-Range,Good,Assam
Quantization,SqueezeNet,Healthcare,84.6,81.7,83.8,26,387.1,204.7,11.2,Low-End,Moderate,Tamil Nadu
Knowledge Distillation,ResNet18,Agriculture,85.4,83.5,23.9,14.5,412.5,290.2,18.6,Mid-Range,Moderate,Assam
Weight Sharing,MobileNetV2,Agriculture,84.1,82.1,16.5,7,209.4,120.2,32.9,Mid-Range,Poor,Tamil Nadu
Pruning,EfficientNet,Education,88.4,86.9,39.2,21.1,582.3,324.9,28.6,Low-End,Good,Assam
Quantization,SqueezeNet,Education,89.5,88.8,33,10.5,342.6,185.8,25,Mid-Range,Good,Assam
Knowledge Distillation,ResNet18,Education,86.5,83.9,35.6,21.7,378.7,196.1,32.5,Mid-Range,Good,Madhya Pradesh
Weight Sharing,ResNet18,Healthcare,89.1,86.8,18.2,6.3,578.3,291.2,25.2,Mid-Range,Moderate,Uttar Pradesh
Pruning,SqueezeNet,Education,89,87.4,71.4,36.7,541.7,339.4,37.6,Low-End,Poor,Jharkhand
Quantization,SqueezeNet,Agriculture,91.7,91.2,85.5,27.9,246.9,136.6,19,Mid-Range,Poor,Chhattisgarh
Knowledge Distillation,MobileNetV2,Education,84.4,83.1,27.6,13.7,386.2,282.2,16.4,Low-End,Moderate,Rajasthan
Weight Sharing,MobileNet,Healthcare,86,83.5,28.5,15,396.9,271.8,15.6,Low-End,Moderate,West Bengal
Pruning,ResNet50,Healthcare,93.1,92.2,79.4,34.1,256.8,143.7,11.6,Mid-Range,Poor,Odisha
Quantization,SqueezeNet,Healthcare,84.4,81.7,66.5,41.5,355,227.8,27.7,Low-End,Moderate,Rajasthan
Knowledge Distillation,MobileNetV2,Education,92.3,90.8,39.9,18.5,347.2,180.6,18.3,Low-End,Poor,Uttar Pradesh
Weight Sharing,SqueezeNet,Education,91.7,90.8,35.1,17.3,300.2,191.5,14,Mid-Range,Moderate,Odisha
Pruning,MobileNet,Healthcare,84.9,82,87.2,26.3,186.6,134.2,31.1,Low-End,Poor,Jharkhand
Quantization,ResNet18,Agriculture,87.5,85.8,40.3,17.1,228.7,124.6,30.6,Mid-Range,Poor,Rajasthan
Knowledge Distillation,MobileNetV2,Healthcare,86.3,84.5,9.4,4.6,504.4,260.9,17.6,Mid-Range,Good,Manipur
Weight Sharing,SqueezeNet,Education,87.4,85.6,85.8,52.7,313.3,202.1,18.8,Low-End,Good,Uttar Pradesh
Pruning,ResNet50,Agriculture,87.8,84.8,22.3,10,318.5,246.3,33.6,Mid-Range,Poor,Madhya Pradesh
Quantization,ResNet18,Education,91.2,90.4,34.7,18.5,230.5,180.4,19,Low-End,Good,Odisha
Knowledge Distillation,MobileNetV2,Education,91.8,89,58.9,39.9,298.4,172.3,12.9,Mid-Range,Moderate,Chhattisgarh
Weight Sharing,EfficientNet,Healthcare,89.4,87.5,68.7,43.4,283.6,145.3,36.5,Mid-Range,Poor,Tamil Nadu
Pruning,SqueezeNet,Education,89,86,18.2,11.2,574.5,315.2,11.5,Mid-Range,Good,West Bengal
Quantization,ResNet50,Healthcare,84,82.7,75.6,29.7,270.6,199.8,18.7,Mid-Range,Moderate,Jharkhand
Knowledge Distillation,MobileNetV2,Education,83.2,82.4,96.9,51.7,513.3,359.3,22.9,Low-End,Good,Manipur
Weight Sharing,ResNet18,Healthcare,90.8,89.3,27.7,12.5,190.8,125.5,17.2,Mid-Range,Poor,Assam
Pruning,MobileNet,Agriculture,91.8,91,57,21.3,312,222,33.4,Low-End,Good,Chhattisgarh
Quantization,SqueezeNet,Education,88.6,87.8,9.2,4.8,364.6,277.9,25.3,Mid-Range,Good,Uttar Pradesh
Knowledge Distillation,MobileNet,Healthcare,84.9,82.8,83.4,56.8,162.8,129.1,33.4,Mid-Range,Good,Andhra Pradesh
Weight Sharing,MobileNetV2,Education,91.4,89.2,15.8,7.8,561.5,358,36.2,Mid-Range,Moderate,Manipur
Pruning,EfficientNet,Healthcare,86.9,85.5,74.7,26,243.7,173.3,25.5,Mid-Range,Good,Jharkhand
Quantization,MobileNet,Education,89.2,87.3,23.3,14.2,386.6,232.5,32,Low-End,Poor,Tamil Nadu
Knowledge Distillation,SqueezeNet,Agriculture,92.9,90.8,8.8,3.9,522.7,347.6,39.5,Low-End,Good,Assam
Weight Sharing,ResNet50,Agriculture,90.3,88.8,46.3,19.9,565.3,387.2,34.8,Mid-Range,Poor,Uttar Pradesh
Pruning,ResNet18,Agriculture,91.9,90.2,59.6,36.9,588.4,319.8,17.3,Mid-Range,Poor,Andhra Pradesh
Quantization,ResNet18,Agriculture,85,84.4,90.3,59.7,467.9,313.5,21.7,Mid-Range,Good,Madhya Pradesh
Knowledge Distillation,SqueezeNet,Healthcare,92.6,91.8,70,30.9,299,192.5,17.9,Low-End,Good,Manipur
Weight Sharing,ResNet18,Education,93.9,92.5,98.3,36.7,545.2,430.3,22.2,Low-End,Poor,Tamil Nadu
Pruning,MobileNet,Healthcare,89.1,87.8,77.4,36.4,428.2,322.3,14.6,Mid-Range,Good,Bihar
Quantization,EfficientNet,Healthcare,90,87.1,87.1,55.6,523.9,385.1,15.5,Low-End,Good,Bihar
Knowledge Distillation,EfficientNet,Education,90,89.4,37.1,23.4,409.8,281.5,34.9,Mid-Range,Poor,Uttar Pradesh
Weight Sharing,SqueezeNet,Education,83.9,82,65.9,27.3,479.2,362.8,13.7,Mid-Range,Good,Bihar
Pruning,MobileNetV2,Healthcare,87.6,84.9,70.5,41.3,580.1,422.2,38.5,Low-End,Good,Odisha
Quantization,MobileNet,Healthcare,87.3,84.3,83.4,45.6,468.2,243.2,11.3,Mid-Range,Poor,West Bengal
Knowledge Distillation,MobileNet,Agriculture,92.3,90.3,68.5,36.3,360.2,181.6,26.8,Low-End,Good,Jharkhand
Weight Sharing,ResNet50,Healthcare,83.5,80.9,75.8,25.2,332.9,170.5,26.5,Low-End,Moderate,West Bengal
Pruning,ResNet18,Healthcare,86.1,85,80.3,48.7,574.7,377.3,34.9,Low-End,Poor,Tamil Nadu
Quantization,MobileNet,Healthcare,86.1,84.1,57.4,21.4,196.6,141.8,37.4,Low-End,Moderate,Jharkhand
Knowledge Distillation,SqueezeNet,Education,83.9,82.1,24.8,10.4,561,295.7,26,Mid-Range,Poor,Odisha
Weight Sharing,EfficientNet,Agriculture,88,87.3,99.9,69.5,213.6,138,22,Mid-Range,Moderate,Andhra Pradesh
Pruning,MobileNet,Education,88.2,85.7,54,28.8,162.7,81.4,39.7,Low-End,Poor,Assam
Quantization,EfficientNet,Education,89.8,87.7,11.5,7,373.4,288.9,16.2,Mid-Range,Good,West Bengal
Knowledge Distillation,MobileNetV2,Agriculture,92.1,90.5,18.1,9.6,269.4,200.3,29,Low-End,Good,Tamil Nadu
Weight Sharing,ResNet18,Healthcare,86.6,85.7,14.4,9.3,309.2,231.7,38.8,Mid-Range,Poor,Rajasthan
Pruning,ResNet50,Healthcare,86.7,84.3,5.3,2.6,458.9,239.6,16.6,Mid-Range,Poor,Chhattisgarh
Quantization,MobileNet,Education,93.5,90.7,81.4,31.2,393.3,241.3,17.3,Low-End,Good,Bihar
Knowledge Distillation,EfficientNet,Education,94,92.2,25.4,10.2,566.6,344.8,36.9,Low-End,Moderate,Rajasthan
Weight Sharing,SqueezeNet,Agriculture,92.8,92.1,49.6,19.1,407.1,240.6,25.5,Mid-Range,Moderate,Manipur
Pruning,EfficientNet,Healthcare,91.5,89.4,87.7,34.1,198.9,111.4,22.2,Low-End,Good,Assam
Quantization,MobileNetV2,Agriculture,88.6,87.3,24.6,13.7,483.9,379.1,30.5,Mid-Range,Good,Tamil Nadu
Knowledge Distillation,ResNet50,Education,91.4,90,56.9,35.4,374.4,219.1,25,Mid-Range,Good,Bihar
Weight Sharing,SqueezeNet,Healthcare,90.2,87.7,19.5,8.2,559.6,430.4,37.3,Low-End,Moderate,Madhya Pradesh
Pruning,SqueezeNet,Agriculture,84,81.4,71.7,22.3,266.4,153.3,37.3,Mid-Range,Poor,Chhattisgarh
Quantization,SqueezeNet,Education,85.1,83.7,22.2,8.6,479.5,324.9,14.6,Low-End,Poor,Madhya Pradesh
Knowledge Distillation,ResNet50,Education,86.5,85.6,17,7.7,382.6,250.7,37.9,Low-End,Good,Jharkhand
Weight Sharing,ResNet18,Healthcare,88,85.6,49.4,23.1,311.7,241.2,35.4,Mid-Range,Good,Manipur
Pruning,MobileNet,Education,93.7,93.1,93.2,39,219.8,129.7,18.9,Low-End,Moderate,Manipur
Quantization,ResNet50,Agriculture,91.2,89.7,67.7,23.8,557.6,338,12.5,Mid-Range,Poor,Chhattisgarh
Knowledge Distillation,MobileNetV2,Healthcare,93.3,90.6,13.8,6.5,482.4,366.4,36.5,Mid-Range,Good,Odisha
Weight Sharing,SqueezeNet,Agriculture,87.4,86.2,71.8,28.4,599.1,366.9,21.7,Low-End,Moderate,Madhya Pradesh
Pruning,MobileNetV2,Healthcare,89.1,88,20.8,14.2,405.7,244.7,38.9,Mid-Range,Poor,Odisha
Quantization,MobileNet,Healthcare,86.4,85.6,44.6,14.8,479.8,245.7,13.7,Low-End,Moderate,Rajasthan
Knowledge Distillation,MobileNetV2,Agriculture,93.6,90.7,67.5,36.8,231.5,119,21.7,Low-End,Good,Bihar
Weight Sharing,MobileNetV2,Healthcare,92.9,91.4,79.8,39.9,553.6,308.8,21.7,Mid-Range,Poor,Madhya Pradesh
Pruning,SqueezeNet,Education,89.6,87.9,96,52.7,186.7,108.8,13.7,Low-End,Poor,Assam
Quantization,EfficientNet,Agriculture,93.3,91.6,74.9,48.2,369.3,287.1,28.9,Low-End,Poor,Rajasthan
Knowledge Distillation,ResNet18,Healthcare,93.6,92.9,41.1,27.3,519.8,266.6,39.4,Low-End,Poor,Odisha
Weight Sharing,MobileNetV2,Healthcare,85.9,83.7,95.3,64.5,251.1,153.3,20,Mid-Range,Moderate,Odisha
Pruning,ResNet18,Agriculture,87.4,85.7,86.2,44.4,223.9,156.1,30.5,Mid-Range,Moderate,Odisha
Quantization,EfficientNet,Healthcare,84.4,83.2,97.8,54.9,422.2,287.2,17.1,Mid-Range,Good,Bihar
Knowledge Distillation,EfficientNet,Education,89.7,87.9,82.3,52.7,241.5,145.5,13.2,Low-End,Good,Rajasthan
Weight Sharing,SqueezeNet,Agriculture,92.2,91.4,10.8,3.3,363.3,243.4,35.5,Mid-Range,Good,Uttar Pradesh
Pruning,MobileNet,Education,90,89.4,36,23.3,299.9,202.1,32.9,Low-End,Moderate,Chhattisgarh
Quantization,ResNet18,Agriculture,86.2,83.5,27.8,14.9,307.7,214.2,28.6,Low-End,Good,Tamil Nadu
Knowledge Distillation,ResNet18,Education,90.8,90,92.7,31.1,358.9,242.8,24.4,Low-End,Moderate,Assam
Weight Sharing,ResNet18,Healthcare,83.7,80.7,4.3,2.7,188.4,134.9,27.2,Mid-Range,Moderate,Rajasthan
Pruning,ResNet50,Education,87.7,85.6,21.6,8.7,520.9,300.2,35,Low-End,Good,Bihar
Quantization,SqueezeNet,Agriculture,90.2,89.5,96.4,38.3,201.1,158.2,38.7,Low-End,Poor,Madhya Pradesh
Knowledge Distillation,MobileNetV2,Healthcare,85.1,83.2,92.3,48.2,450.4,267.7,20,Low-End,Good,Jharkhand
Weight Sharing,MobileNetV2,Education,86.1,84.9,29.1,15.4,413.1,226.6,25,Mid-Range,Moderate,Tamil Nadu
Pruning,EfficientNet,Agriculture,88.9,88.2,8.9,5,357,213.5,20.9,Low-End,Poor,Uttar Pradesh
Quantization,ResNet18,Education,83.2,80.8,55.5,37.3,420.3,283.7,22.8,Mid-Range,Good,West Bengal
Knowledge Distillation,SqueezeNet,Healthcare,90.2,88.5,72.9,44.7,559.3,418.1,37.8,Mid-Range,Moderate,West Bengal
Weight Sharing,ResNet50,Agriculture,88.7,87.1,90.7,41.6,552.9,401.4,30.3,Low-End,Poor,Jharkhand
Pruning,ResNet50,Agriculture,83.8,82.8,87.5,45.8,366.7,185.6,17.6,Mid-Range,Good,Bihar
Quantization,MobileNetV2,Education,92.5,90.8,84.9,46.6,551.8,344.5,28,Mid-Range,Poor,Tamil Nadu
Knowledge Distillation,EfficientNet,Agriculture,86.9,86.2,95.1,56.8,433,219.2,35.9,Mid-Range,Moderate,Rajasthan
Weight Sharing,MobileNetV2,Healthcare,91.9,89.9,21.4,10.6,500.4,295.5,16.5,Low-End,Poor,West Bengal
Pruning,ResNet50,Education,93.8,91.7,37.6,11.7,368.1,218.8,18.9,Low-End,Poor,Andhra Pradesh
Quantization,MobileNet,Healthcare,86.7,83.8,54.9,19.1,261.4,181.4,25.2,Mid-Range,Good,Andhra Pradesh
Knowledge Distillation,SqueezeNet,Education,91.9,89,78.2,46.9,417.4,272.2,39.5,Mid-Range,Moderate,Assam
Weight Sharing,MobileNetV2,Education,89.4,88.7,14.5,9.8,207.3,108,20.6,Mid-Range,Poor,Andhra Pradesh
Pruning,ResNet50,Healthcare,88.4,85.8,70.6,47,156.1,80.7,39.6,Mid-Range,Poor,Odisha
Quantization,ResNet18,Agriculture,92,90,17.4,8,211.1,143.9,39.9,Mid-Range,Good,Rajasthan
Knowledge Distillation,MobileNet,Agriculture,88.2,85.8,72.8,30.3,433.7,280,11.8,Mid-Range,Good,Madhya Pradesh
Weight Sharing,SqueezeNet,Agriculture,93.5,92.7,51,23.4,195.7,115.5,27.4,Low-End,Poor,Uttar Pradesh
Pruning,MobileNetV2,Agriculture,89,86.4,17.2,6.1,167.4,118.4,33.4,Mid-Range,Moderate,Rajasthan
Quantization,EfficientNet,Healthcare,91.3,89.5,78.7,41.5,313.4,248.6,10.4,Mid-Range,Good,Bihar
Knowledge Distillation,MobileNetV2,Healthcare,91.2,88.5,53,31.4,288,178.7,19,Low-End,Good,Chhattisgarh
Weight Sharing,MobileNet,Agriculture,93.5,91.6,85.9,35.5,521.2,370.5,37,Low-End,Moderate,Uttar Pradesh
Pruning,SqueezeNet,Education,88.5,85.7,78.4,23.6,295.1,188.1,12.6,Low-End,Good,Rajasthan
Quantization,MobileNetV2,Education,93.9,92.5,49.3,33.1,381.4,250.8,12.6,Low-End,Good,West Bengal
Knowledge Distillation,ResNet18,Education,88.8,86.1,38.7,17,419.3,210.3,28.8,Low-End,Poor,Jharkhand
Weight Sharing,ResNet50,Education,84.3,81.5,86.4,50.8,270.3,149.7,29.4,Mid-Range,Poor,Tamil Nadu
Pruning,MobileNet,Agriculture,93.3,92.7,63.8,26.4,481,329.4,28.1,Low-End,Moderate,Uttar Pradesh
Quantization,ResNet50,Agriculture,84.4,82,78.1,28.2,363.9,246.5,16.4,Low-End,Poor,West Bengal
Knowledge Distillation,SqueezeNet,Agriculture,85.6,85.1,40.3,20.3,573.8,383.9,15.2,Low-End,Poor,Andhra Pradesh
Weight Sharing,MobileNetV2,Healthcare,87.6,86.1,5.9,2.5,382.5,253.2,13.9,Mid-Range,Poor,Andhra Pradesh
Pruning,EfficientNet,Agriculture,92.8,92.3,49.6,27.9,249.5,193.7,21.1,Low-End,Poor,Andhra Pradesh
Quantization,EfficientNet,Healthcare,89.2,87.4,23.8,13.5,282.8,165.5,37.7,Mid-Range,Good,Jharkhand
Knowledge Distillation,SqueezeNet,Education,88.4,87.5,26,14.4,523.6,417.2,12.3,Low-End,Moderate,Madhya Pradesh
Weight Sharing,MobileNetV2,Education,87.9,87.3,32.2,13.3,296.1,214.5,29.7,Mid-Range,Poor,Assam
Pruning,MobileNetV2,Healthcare,93.7,92.6,19.2,7.5,362,263.8,11.5,Low-End,Poor,Rajasthan
Quantization,EfficientNet,Agriculture,90.3,89.4,16.4,10.1,179,97.7,22.4,Mid-Range,Good,Andhra Pradesh
Knowledge Distillation,ResNet50,Agriculture,83.6,80.8,6,2.3,467.7,365.9,13.6,Mid-Range,Good,Tamil Nadu
Weight Sharing,EfficientNet,Education,86.4,83.6,10.4,5.6,556.8,431.7,16.9,Mid-Range,Good,Uttar Pradesh
Pruning,ResNet50,Agriculture,91,88.6,93.7,55,293.8,233.7,38.4,Mid-Range,Poor,Assam
Weight Sharing,MobileNetV2,Education,91.5,88.9,16.5,8.5,349.2,246.3,26.6,Mid-Range,Poor,Andhra Pradesh
Pruning,MobileNetV2,Agriculture,87,86.4,72.1,50.3,331.3,171.8,20.6,Mid-Range,Poor,Jharkhand
Quantization,SqueezeNet,Healthcare,88.9,87.2,49.2,18.7,570,387.1,34.5,Low-End,Poor,Rajasthan
Knowledge Distillation,MobileNet,Healthcare,90.5,89.7,44,15.3,299,218.4,11.2,Low-End,Poor,Bihar
Weight Sharing,MobileNet,Education,86.4,85.2,59.6,29.9,402.2,254.8,10.2,Low-End,Poor,Assam
Pruning,MobileNetV2,Healthcare,88.3,85.5,68.2,43,294.9,162.4,29.9,Low-End,Moderate,Jharkhand
Quantization,EfficientNet,Healthcare,91.2,89.4,18.1,8.8,381,303.7,36.5,Low-End,Good,Jharkhand
Knowledge Distillation,ResNet50,Healthcare,84.4,82.1,9.6,3,323.1,211.3,10.4,Mid-Range,Good,Andhra Pradesh
Weight Sharing,MobileNet,Education,86.2,85.3,30.3,12,359.6,222.8,16.4,Mid-Range,Moderate,Rajasthan
Pruning,MobileNet,Healthcare,91.4,89.7,84,25.7,423.5,329.8,38.1,Mid-Range,Good,Tamil Nadu
Quantization,MobileNet,Education,84.2,83.7,90.2,53.8,299.9,181.9,27.5,Low-End,Good,West Bengal
Knowledge Distillation,MobileNet,Healthcare,89.3,88.5,39.4,27.4,189.3,128.3,28.5,Low-End,Moderate,Chhattisgarh
Weight Sharing,ResNet18,Agriculture,92.1,91.5,46,18.1,541.3,276.5,18.9,Mid-Range,Moderate,Assam
Pruning,ResNet50,Healthcare,91.4,88.5,23.1,9.3,306.8,207,13.5,Mid-Range,Moderate,Assam
Quantization,ResNet18,Agriculture,91,88,79.4,24,592.6,467.3,24.4,Mid-Range,Moderate,Madhya Pradesh
Knowledge Distillation,SqueezeNet,Healthcare,86.7,86.2,39.1,27.3,426.3,328.4,12.6,Low-End,Poor,Rajasthan
Weight Sharing,MobileNet,Education,85.6,82.6,67.2,34.1,306.5,218.4,27,Mid-Range,Moderate,Chhattisgarh
Pruning,MobileNet,Healthcare,89.2,87.3,33,19.9,493.8,354.2,16.7,Mid-Range,Good,Madhya Pradesh
Quantization,SqueezeNet,Agriculture,90.4,87.5,60.7,33.3,483.6,265.2,18.8,Mid-Range,Poor,Manipur
Knowledge Distillation,SqueezeNet,Agriculture,89.7,87.4,72.7,30.1,506.7,333.6,18,Low-End,Moderate,Jharkhand
Weight Sharing,SqueezeNet,Healthcare,93.1,90.9,86.1,36.6,251.9,185.1,21.4,Mid-Range,Good,West Bengal
Pruning,ResNet18,Agriculture,87.2,86.3,67.4,41.4,559,296.5,20.6,Low-End,Poor,Manipur
Quantization,MobileNet,Education,91.3,89.3,11.2,7.2,493.7,321.7,24.3,Low-End,Moderate,Tamil Nadu
Knowledge Distillation,ResNet18,Healthcare,91.9,89.5,50.1,19.1,152.8,97.5,30.8,Mid-Range,Good,Odisha
Weight Sharing,SqueezeNet,Agriculture,83,81,85.5,43.1,278.3,208.8,25.8,Mid-Range,Moderate,Andhra Pradesh
Pruning,ResNet18,Healthcare,85.1,82.1,66,31.5,351.7,251.1,37.4,Low-End,Poor,Manipur
Quantization,SqueezeNet,Healthcare,85.8,84.7,58.8,28.5,300.3,186.5,19.1,Mid-Range,Moderate,Uttar Pradesh
Knowledge Distillation,SqueezeNet,Agriculture,83.1,82.3,54.5,35.9,190.5,107.4,31.2,Mid-Range,Moderate,Jharkhand
Weight Sharing,ResNet18,Agriculture,83.2,81,11.6,5.2,564.4,288.3,10.9,Mid-Range,Good,Jharkhand
Pruning,MobileNet,Education,87.1,86.6,22.1,15.4,524.8,380.8,39.3,Mid-Range,Moderate,Assam
Quantization,EfficientNet,Agriculture,84.9,84,50.3,24.2,478.4,363.3,33.2,Mid-Range,Good,Bihar
Knowledge Distillation,SqueezeNet,Healthcare,92.3,91.1,6.4,3.3,397.4,270.2,33.8,Mid-Range,Moderate,Bihar
Weight Sharing,MobileNetV2,Healthcare,92.8,89.9,20,11.1,506.6,379.7,16.4,Low-End,Good,Rajasthan
Pruning,SqueezeNet,Agriculture,87.3,86.2,93.1,53.6,351.8,279.5,23.6,Mid-Range,Moderate,Odisha
Quantization,MobileNetV2,Education,89.8,89.2,13.7,8.8,442.2,310.6,36.6,Low-End,Moderate,Odisha
Knowledge Distillation,MobileNet,Agriculture,89.4,87.7,4,1.3,495.8,335,15.6,Mid-Range,Good,Madhya Pradesh
Weight Sharing,ResNet50,Agriculture,93.3,92.3,51.6,23.3,182.3,131.3,36.5,Mid-Range,Poor,Bihar
Pruning,SqueezeNet,Education,92.1,89.3,92.5,63.4,419,257.6,22,Low-End,Good,Assam
Quantization,SqueezeNet,Agriculture,86.7,84.9,64.2,28.9,387.8,284.7,15.5,Mid-Range,Moderate,Uttar Pradesh
Knowledge Distillation,MobileNetV2,Healthcare,93.9,92.9,67.5,32.7,460.8,367,25.5,Mid-Range,Poor,Rajasthan
Weight Sharing,MobileNetV2,Education,89.7,87,44.7,27.7,241,132.4,12.7,Low-End,Poor,Chhattisgarh
Pruning,EfficientNet,Healthcare,87.1,85.3,74.5,43.1,418.1,255.5,36.6,Mid-Range,Poor,Tamil Nadu
Quantization,EfficientNet,Education,88.7,86.4,96.2,29.4,195.2,130.7,24.7,Low-End,Good,Tamil Nadu
Knowledge Distillation,ResNet50,Agriculture,85.9,83.3,92.9,64.8,395.3,203.8,33.5,Mid-Range,Good,West Bengal
Weight Sharing,ResNet50,Healthcare,89.2,87.5,95.2,38.9,573.6,319.4,22.3,Low-End,Moderate,Andhra Pradesh
Pruning,MobileNetV2,Education,88.3,87.2,53.4,23.3,443.9,227.3,15.2,Low-End,Poor,West Bengal
Quantization,EfficientNet,Agriculture,88.4,87.2,56,36,328.2,250.3,38.2,Low-End,Poor,Jharkhand
Knowledge Distillation,SqueezeNet,Education,92.2,89.5,87,38.3,562.1,386.6,16.4,Low-End,Good,Manipur
Weight Sharing,SqueezeNet,Agriculture,86.7,85.3,33.6,15.7,502.3,290.4,23.7,Low-End,Poor,Manipur
Pruning,EfficientNet,Healthcare,85.7,84,56.7,29.1,328.6,242.6,26.3,Mid-Range,Good,Andhra Pradesh
Quantization,ResNet50,Agriculture,90.9,89.3,12.2,6.2,224.5,160.6,23.9,Low-End,Moderate,Rajasthan
Knowledge Distillation,EfficientNet,Healthcare,85,82.9,85.3,31.8,192,131.3,32.8,Low-End,Poor,West Bengal
Weight Sharing,SqueezeNet,Education,83.1,82,66.4,35.1,565.1,338.6,28,Low-End,Moderate,Chhattisgarh
Pruning,ResNet18,Agriculture,87.5,85.7,48.5,29.5,157,81.4,30.2,Low-End,Good,Chhattisgarh
Quantization,EfficientNet,Education,86.4,83.7,52.7,25.8,253.7,144.3,23.1,Low-End,Good,West Bengal
Knowledge Distillation,SqueezeNet,Agriculture,83.9,81.7,24.1,9.2,408.2,288.8,28.2,Low-End,Good,Bihar
Weight Sharing,MobileNetV2,Healthcare,83.3,81,92.6,36.9,373.3,277.2,32.2,Mid-Range,Good,Andhra Pradesh
Pruning,ResNet18,Agriculture,90.7,87.8,11.1,5.1,343.8,233.4,22.3,Low-End,Good,Assam
Quantization,MobileNet,Agriculture,91,89,15.1,6.9,531.8,425.1,17.3,Low-End,Poor,Manipur
Knowledge Distillation,MobileNet,Education,92.7,91.2,92.2,51.7,167.5,104.4,20.2,Mid-Range,Moderate,Chhattisgarh
Weight Sharing,ResNet18,Education,86.8,85.4,18.8,9.9,242.8,160.1,16.6,Mid-Range,Moderate,Madhya Pradesh
Pruning,ResNet18,Healthcare,86.1,84.6,23.7,9.8,580,368.5,27.2,Low-End,Moderate,Odisha
Quantization,SqueezeNet,Education,83.5,80.7,14.4,7.9,466.2,274.5,13,Mid-Range,Good,Tamil Nadu
Knowledge Distillation,ResNet18,Healthcare,89.1,88.4,94.2,41.1,197.1,125.1,23,Low-End,Good,Odisha
Weight Sharing,SqueezeNet,Healthcare,91.4,89,70.8,38.8,165.6,126.2,19.8,Mid-Range,Moderate,Jharkhand
Pruning,EfficientNet,Agriculture,84.9,83.3,35.7,10.7,214.4,111.5,33.4,Low-End,Good,Andhra Pradesh
Quantization,SqueezeNet,Healthcare,93.4,92,42.1,21.8,172.7,104.4,34,Low-End,Good,West Bengal
Knowledge Distillation,MobileNetV2,Agriculture,91.4,88.7,8.2,4.5,468.7,271.9,12.6,Mid-Range,Moderate,Jharkhand
Weight Sharing,ResNet50,Agriculture,89.2,87.4,82.8,52.9,202.3,130.6,19,Mid-Range,Good,Odisha
Pruning,ResNet18,Agriculture,89.2,87.8,33.7,23,162,86.7,32.5,Mid-Range,Good,West Bengal
Quantization,ResNet18,Healthcare,93.9,93.4,78.3,26.9,522.7,332,37.8,Mid-Range,Moderate,Chhattisgarh
Knowledge Distillation,MobileNetV2,Agriculture,86.4,85.8,8.4,2.9,510,381.5,30.3,Mid-Range,Moderate,Chhattisgarh
Weight Sharing,MobileNet,Education,90.5,89.8,53.7,22.5,243.9,187.6,23,Mid-Range,Good,Andhra Pradesh
Pruning,MobileNetV2,Healthcare,87.4,86.1,37.1,18.2,520.4,330.6,31.9,Mid-Range,Good,Jharkhand
Quantization,ResNet50,Healthcare,83.4,82.8,10.1,5.2,347.4,261.7,33.7,Mid-Range,Moderate,Uttar Pradesh
Knowledge Distillation,SqueezeNet,Education,92.5,91.7,53.3,26.4,495.2,345,14.2,Low-End,Poor,Manipur
Weight Sharing,ResNet50,Education,84.6,82.1,77.6,45.7,491.2,363.8,28.3,Low-End,Moderate,Assam
Pruning,MobileNet,Agriculture,83.7,81.5,99.2,31.1,464.2,235.4,14.7,Mid-Range,Moderate,Jharkhand
Quantization,ResNet18,Healthcare,84.6,84,23,9.8,510.2,397.6,33.1,Mid-Range,Poor,Andhra Pradesh
Knowledge Distillation,EfficientNet,Agriculture,87.9,86.2,94.2,64.8,222.2,114.4,24.8,Mid-Range,Good,West Bengal
Weight Sharing,MobileNetV2,Healthcare,86.1,84,80.9,42.2,553.5,295.1,33.5,Mid-Range,Poor,Chhattisgarh
Pruning,SqueezeNet,Agriculture,92.3,91.5,47.4,16.9,395.1,250.1,35.2,Mid-Range,Poor,Bihar
Quantization,ResNet18,Education,92.9,91.6,34.2,14.7,538.8,373.7,30.1,Low-End,Good,Andhra Pradesh
Knowledge Distillation,ResNet18,Agriculture,83.3,81.1,71.2,41.1,484.3,307.7,14.4,Mid-Range,Poor,Uttar Pradesh
Weight Sharing,ResNet18,Healthcare,91.6,89.5,64.8,35.1,167.4,118.5,30,Mid-Range,Poor,West Bengal
Pruning,ResNet50,Healthcare,92.4,89.7,20.5,7.2,480.6,329.9,20.5,Low-End,Moderate,Manipur
Quantization,EfficientNet,Healthcare,92.8,90.5,56.2,17.4,533.3,277.4,21.9,Mid-Range,Moderate,Uttar Pradesh
Knowledge Distillation,MobileNetV2,Healthcare,89.1,88.2,92.9,58.4,172.6,112.6,18.6,Low-End,Moderate,Jharkhand
Weight Sharing,SqueezeNet,Education,89,86.4,11.8,4.3,411.6,243.5,15.4,Mid-Range,Good,Jharkhand
Pruning,MobileNet,Healthcare,89,86.2,54,21.9,275.4,213.5,16.6,Low-End,Moderate,Andhra Pradesh
Quantization,MobileNet,Education,91.4,90.1,89.6,50.6,430.1,329.1,27.9,Mid-Range,Good,Tamil Nadu
Knowledge Distillation,EfficientNet,Healthcare,91.8,89.7,66.8,26,437.8,288.1,36.6,Mid-Range,Good,Assam
Weight Sharing,MobileNetV2,Healthcare,90.1,88.3,50.1,29.4,581.9,448.9,30.8,Mid-Range,Poor,Jharkhand
Pruning,SqueezeNet,Education,93.6,91.1,41.8,28.5,428,319.8,12.6,Mid-Range,Good,Chhattisgarh
Quantization,ResNet18,Healthcare,88.7,86.5,52,29.5,354.1,191.7,35.7,Mid-Range,Poor,Odisha
Knowledge Distillation,MobileNet,Healthcare,84.1,82.6,48,31.3,418.7,271.8,30.2,Low-End,Poor,Tamil Nadu
Weight Sharing,MobileNet,Healthcare,92.3,89.9,28.5,17.3,204.7,110.4,35.1,Low-End,Moderate,Rajasthan
Pruning,ResNet50,Education,83.3,81.4,46.4,15.2,419.5,259.3,31.1,Low-End,Good,Manipur
Quantization,ResNet50,Agriculture,85.9,85.2,59.9,40.1,414.2,316.4,13.4,Low-End,Moderate,Uttar Pradesh
Knowledge Distillation,SqueezeNet,Education,83.1,82,31.1,18.5,582.1,386.7,16.9,Low-End,Poor,Assam
Weight Sharing,MobileNet,Agriculture,88.9,86.9,82.9,31.7,368.7,250.6,30,Mid-Range,Good,Bihar
Pruning,EfficientNet,Healthcare,86.8,84.1,9.4,3,422.7,334.7,20.6,Low-End,Poor,Jharkhand
Quantization,SqueezeNet,Healthcare,86.5,85.7,46.5,28.9,286.6,226.3,27.6,Mid-Range,Poor,Madhya Pradesh
Knowledge Distillation,ResNet50,Education,93.4,92.2,95.2,52.6,474.9,241.8,28.8,Low-End,Good,Chhattisgarh
Weight Sharing,ResNet50,Healthcare,93,91.2,84.5,56.9,206.6,110.6,33.1,Low-End,Good,Tamil Nadu
Pruning,SqueezeNet,Agriculture,93.5,92.8,36.8,25.4,556.2,332.5,10.5,Mid-Range,Poor,Odisha
Quantization,MobileNetV2,Agriculture,88.7,85.8,30.3,10.9,467.4,361.1,33.9,Low-End,Moderate,West Bengal
Knowledge Distillation,MobileNetV2,Education,83.3,82.1,62.9,28.6,216.5,170.5,35.3,Low-End,Moderate,Assam
Weight Sharing,ResNet50,Education,90.1,89.1,81.8,42,153.1,119,17.6,Mid-Range,Good,Manipur
Pruning,MobileNet,Agriculture,93.6,91.7,96.8,58.6,187,126.7,30.1,Mid-Range,Moderate,Rajasthan
Quantization,MobileNetV2,Education,85.5,84.1,33,11.4,153.6,113,21.1,Low-End,Moderate,Rajasthan
Knowledge Distillation,MobileNetV2,Healthcare,91.6,88.9,56.6,27.3,221.1,146.4,22.5,Low-End,Good,Chhattisgarh
Weight Sharing,MobileNet,Healthcare,89.6,88.6,76.6,25.3,206.2,104.2,35.6,Mid-Range,Good,Assam
Pruning,ResNet50,Education,92.6,90.7,13.4,6.8,506.6,314.9,13.5,Low-End,Poor,Andhra Pradesh
Quantization,SqueezeNet,Agriculture,90.1,87.9,50.4,18.9,598.8,302.7,34.1,Low-End,Poor,Odisha
Knowledge Distillation,SqueezeNet,Education,92.4,91.2,21,12.5,304.9,210.7,21.6,Low-End,Poor,Assam
Weight Sharing,SqueezeNet,Healthcare,83.3,82.5,72.5,31.5,446,274.1,30.5,Mid-Range,Poor,Chhattisgarh
Pruning,ResNet18,Healthcare,92.9,92.2,48.9,27.3,488,368.1,25.1,Mid-Range,Poor,Odisha
Quantization,ResNet50,Agriculture,92.3,89.6,8.8,3.3,174.2,104.4,19.6,Mid-Range,Poor,Andhra Pradesh
Knowledge Distillation,MobileNetV2,Agriculture,85,83.1,56,38.3,437.6,330.9,29.7,Mid-Range,Poor,Tamil Nadu
Weight Sharing,ResNet18,Agriculture,90.4,89.1,99.8,49.6,497.7,340.6,33.9,Mid-Range,Moderate,Bihar
Pruning,EfficientNet,Healthcare,84.1,82.7,52,28.7,258.3,131.4,15.3,Low-End,Moderate,Andhra Pradesh
Quantization,ResNet18,Agriculture,89.5,87,69,30.6,461.1,323.2,24.9,Low-End,Good,Andhra Pradesh
Knowledge Distillation,SqueezeNet,Healthcare,83.6,80.8,53.6,17.5,448.5,355.8,38.3,Mid-Range,Poor,West Bengal
Weight Sharing,EfficientNet,Healthcare,86.2,84.1,11.3,6.2,168.7,124.5,26.9,Mid-Range,Good,Rajasthan
Pruning,ResNet50,Education,92.2,91.3,97.6,64.2,152.6,85.1,29.6,Mid-Range,Poor,Madhya Pradesh
Quantization,ResNet50,Healthcare,93.8,90.8,27.5,18.8,306.3,234.6,35.8,Mid-Range,Poor,Rajasthan
Knowledge Distillation,ResNet18,Agriculture,89.9,87,62.5,19.5,240.1,132.8,19.3,Low-End,Poor,Madhya Pradesh
Weight Sharing,ResNet50,Agriculture,89.5,87.1,40.7,28.3,219.3,141,18.3,Low-End,Poor,Bihar
Pruning,MobileNet,Agriculture,90.8,90.1,96.9,57.2,175.1,93,27.8,Low-End,Poor,Madhya Pradesh
Quantization,SqueezeNet,Healthcare,86.2,83.2,58.3,37.5,329.4,260.9,35.1,Mid-Range,Good,Rajasthan
Knowledge Distillation,MobileNet,Agriculture,90.6,89.5,56.2,22.8,355,211.9,28.9,Mid-Range,Moderate,Tamil Nadu
Weight Sharing,ResNet50,Agriculture,84.5,82,42,18.3,384.5,252.7,17.7,Low-End,Good,Andhra Pradesh
Pruning,MobileNet,Agriculture,88,86.7,64.5,29.2,152.2,108.6,38.4,Low-End,Moderate,Uttar Pradesh
Quantization,MobileNetV2,Education,92.5,91,8.2,4.7,269.9,138.2,11.8,Low-End,Moderate,Uttar Pradesh
Knowledge Distillation,MobileNet,Education,93.6,91.7,84.5,28.3,278.5,198,35.8,Low-End,Poor,Manipur
Weight Sharing,ResNet18,Education,89.8,88.7,68.4,36.1,226.8,172,37.6,Low-End,Moderate,Rajasthan
Pruning,ResNet50,Healthcare,87.3,84.8,30.4,20.5,451.7,242.8,14.9,Low-End,Moderate,Bihar
Quantization,MobileNet,Healthcare,83.7,81.5,23.7,8.7,533,350.2,21.5,Mid-Range,Good,Assam
Knowledge Distillation,EfficientNet,Education,86.4,84.1,91.6,49.7,253.5,159.5,23.3,Low-End,Moderate,Jharkhand
Weight Sharing,ResNet18,Agriculture,89.6,87,40.8,26.9,264.9,191.3,39.7,Low-End,Good,Andhra Pradesh
Pruning,ResNet18,Agriculture,91.5,90.7,51.7,30.1,183.6,102.1,16.1,Mid-Range,Moderate,Tamil Nadu
Quantization,EfficientNet,Agriculture,84.3,83.5,26.9,14.1,187.6,100.4,31.3,Mid-Range,Good,Odisha
Knowledge Distillation,SqueezeNet,Education,92.8,89.8,80.1,28.6,499.2,387.9,24.6,Mid-Range,Good,Manipur
Weight Sharing,ResNet50,Agriculture,86.6,84.1,14.7,8,291,182.2,24.3,Low-End,Good,Chhattisgarh
Pruning,EfficientNet,Education,88.8,86,77.7,30.9,556.2,444.6,26.3,Mid-Range,Poor,West Bengal
Quantization,MobileNetV2,Healthcare,91.1,89.7,55.5,24.6,528.3,342.7,23.4,Low-End,Moderate,Tamil Nadu
Knowledge Distillation,EfficientNet,Healthcare,88.7,86.7,9.8,6.7,323,162.9,14.7,Mid-Range,Poor,Bihar
Weight Sharing,ResNet50,Healthcare,87.2,86.6,89.4,45.2,490.8,388.2,22.5,Low-End,Poor,Odisha
Pruning,ResNet50,Healthcare,84.8,83.2,12.4,6.6,306.5,222.1,23.2,Mid-Range,Poor,Tamil Nadu
Quantization,MobileNet,Education,91.4,88.6,70.9,25.8,162.3,117.7,32.5,Mid-Range,Poor,Assam
Knowledge Distillation,MobileNetV2,Healthcare,93.3,92.5,40.2,12.4,334.4,204.8,26.3,Mid-Range,Moderate,Bihar
Weight Sharing,ResNet18,Healthcare,89.1,88.2,44.9,30.3,204.7,112.9,28.9,Mid-Range,Good,Rajasthan
Pruning,ResNet50,Education,87.6,85.9,43.3,26.4,464.5,306.6,11.2,Mid-Range,Good,Chhattisgarh
Quantization,ResNet18,Education,85.1,83.6,37.6,24.4,565.1,422.1,37.3,Mid-Range,Good,Chhattisgarh
Knowledge Distillation,ResNet18,Agriculture,93.2,90.3,91.3,52.5,294.8,173.3,26,Low-End,Moderate,Madhya Pradesh
Weight Sharing,MobileNet,Healthcare,84.2,82,81.2,32.9,190.1,98.8,30.5,Low-End,Moderate,Andhra Pradesh
Pruning,ResNet18,Education,93.7,90.8,33.6,15.5,310.7,222.3,39,Mid-Range,Moderate,Uttar Pradesh
Quantization,MobileNet,Healthcare,87.7,85.2,92.1,34.3,167.1,124.2,35.1,Mid-Range,Good,Assam
Knowledge Distillation,EfficientNet,Healthcare,90.8,90,27.4,10.9,161.6,117.3,25.9,Low-End,Poor,Rajasthan
Weight Sharing,ResNet18,Healthcare,85.1,82.5,32.1,10.9,556,367.7,12.3,Low-End,Poor,Uttar Pradesh
Pruning,MobileNet,Education,90.1,87.6,18.4,10.2,477.9,306.6,26.6,Mid-Range,Poor,Chhattisgarh
Quantization,SqueezeNet,Education,93.6,92.4,96.3,33.2,365.8,227.3,16.8,Mid-Range,Moderate,Andhra Pradesh
Knowledge Distillation,EfficientNet,Agriculture,93.7,93.1,11,6,206.8,141.7,10.3,Low-End,Good,Bihar
Weight Sharing,MobileNet,Education,90.9,88.1,28.1,10.5,345.4,181.2,16.9,Low-End,Moderate,Tamil Nadu
Pruning,MobileNetV2,Education,91.7,89.2,92.2,63.4,364.5,197.7,19.7,Mid-Range,Poor,Manipur
Quantization,ResNet50,Healthcare,87.5,85.7,61.3,28.9,596.6,406.3,16.3,Low-End,Poor,Andhra Pradesh
Knowledge Distillation,MobileNet,Education,93.2,91.2,76.1,30.8,467.9,359.3,12.9,Mid-Range,Good,Odisha
Weight Sharing,SqueezeNet,Agriculture,93.7,92.5,59.7,25.8,590.2,453,23.5,Mid-Range,Good,Manipur
Pruning,ResNet50,Education,93.9,93.1,88.6,46.1,540.3,301.3,21.2,Low-End,Good,Rajasthan
Quantization,MobileNet,Healthcare,87.3,86.7,54.7,26.9,181.6,123.3,39.5,Mid-Range,Moderate,Uttar Pradesh
Knowledge Distillation,SqueezeNet,Education,88,86.4,96.5,51.7,259.9,182,21,Low-End,Moderate,Manipur
Weight Sharing,EfficientNet,Healthcare,89.7,89.1,17.9,8.1,473,344.3,39.5,Low-End,Moderate,Chhattisgarh
Pruning,EfficientNet,Education,87.5,86.1,92.4,50.7,211.1,121.8,17.9,Mid-Range,Poor,Chhattisgarh
Quantization,EfficientNet,Healthcare,92.4,90.1,74,42.3,552.2,348.7,40,Mid-Range,Good,Bihar
Knowledge Distillation,MobileNetV2,Agriculture,92.5,90.1,92.4,61.8,204.2,111.3,10.6,Mid-Range,Poor,Uttar Pradesh
Weight Sharing,ResNet50,Agriculture,91.6,89.5,13.8,6.2,323,237,37.7,Low-End,Moderate,Chhattisgarh
Pruning,MobileNetV2,Education,92.6,90.5,46.4,30.9,237.8,131.8,27.7,Mid-Range,Good,Manipur
Quantization,MobileNetV2,Education,89.5,87.6,90,55.8,357.3,190.4,16.3,Low-End,Good,Jharkhand
Knowledge Distillation,SqueezeNet,Agriculture,84.2,83.4,70.6,44.2,532.7,422.6,25.5,Mid-Range,Good,Odisha
Weight Sharing,ResNet50,Agriculture,92.6,92,75.8,51,383.5,211.9,34.2,Low-End,Poor,Manipur
Pruning,MobileNetV2,Agriculture,85.7,82.9,49.6,15.9,236.2,177.1,18.3,Mid-Range,Poor,Bihar
Quantization,SqueezeNet,Agriculture,86.4,84,78.3,50.8,299.7,180.8,23.5,Low-End,Poor,Rajasthan
Knowledge Distillation,EfficientNet,Agriculture,87.6,84.9,61.9,38.3,479.2,261.6,26.2,Mid-Range,Moderate,Andhra Pradesh
Weight Sharing,ResNet50,Education,89.5,88.1,89.1,61.8,236.5,133.5,32,Low-End,Poor,Andhra Pradesh
Pruning,ResNet50,Agriculture,91.6,89.2,43.6,13.4,509.5,366.1,13.3,Mid-Range,Good,Bihar
Quantization,SqueezeNet,Agriculture,83.1,80.4,59.3,35.3,531.8,368.4,19.8,Low-End,Moderate,Chhattisgarh
Knowledge Distillation,MobileNetV2,Healthcare,93.9,92.5,90.9,56.8,575.8,343.5,34.2,Mid-Range,Poor,Uttar Pradesh
Weight Sharing,MobileNetV2,Healthcare,86.4,83.8,15.3,10.6,323.5,239.2,18,Mid-Range,Good,Jharkhand
Pruning,SqueezeNet,Agriculture,86.4,84.2,6.2,2.1,492.8,304.8,38.6,Low-End,Moderate,Rajasthan
Quantization,SqueezeNet,Education,93,90.3,57.2,24,231.4,118.6,39.7,Mid-Range,Poor,Andhra Pradesh
Knowledge Distillation,MobileNet,Agriculture,84.1,82.8,33.1,20.4,179.4,91.3,23,Low-End,Poor,Madhya Pradesh
Weight Sharing,SqueezeNet,Agriculture,93.3,90.9,93.9,56.8,474.2,282.4,32.3,Mid-Range,Poor,Andhra Pradesh
Pruning,ResNet18,Healthcare,87,84.5,43.8,23.7,196.8,155.6,26.2,Low-End,Moderate,Rajasthan
Quantization,ResNet18,Healthcare,91.5,90.8,51.7,22,387.8,217.2,13.8,Low-End,Poor,Rajasthan
Knowledge Distillation,EfficientNet,Healthcare,84.3,82.7,60.5,38,315.8,246,13.3,Mid-Range,Poor,Jharkhand
Weight Sharing,ResNet50,Healthcare,87.3,84.8,37.9,14.4,536.7,419.6,22.8,Mid-Range,Good,Rajasthan
Pruning,MobileNet,Education,83.9,83.1,15.4,5.2,279.3,152.6,19.4,Low-End,Moderate,Chhattisgarh
Quantization,ResNet50,Education,83.2,81.5,52.9,27.6,266.7,213.2,17.7,Mid-Range,Good,Bihar
Knowledge Distillation,SqueezeNet,Agriculture,88.4,87.6,53.1,22.7,183.6,114.8,26.7,Mid-Range,Moderate,Odisha
Weight Sharing,EfficientNet,Education,90.6,88.6,35.7,14.3,488.4,290.9,25,Low-End,Poor,Chhattisgarh
Pruning,ResNet50,Agriculture,87,85.9,7.1,3.6,549.1,428.7,34.8,Mid-Range,Poor,Madhya Pradesh
Quantization,MobileNetV2,Healthcare,88,87.4,75.5,49.6,537,344.9,11.9,Mid-Range,Moderate,Odisha
Knowledge Distillation,SqueezeNet,Education,85.9,85.4,60.7,27.7,494,376.4,34.7,Mid-Range,Moderate,Andhra Pradesh
Weight Sharing,ResNet18,Education,87.9,86.3,57,38,470.1,311.8,31.3,Mid-Range,Good,West Bengal
Pruning,ResNet18,Education,91.7,89.4,81.9,36.9,357.8,245.5,21.3,Mid-Range,Good,Uttar Pradesh
Quantization,EfficientNet,Education,91.5,88.6,44.9,15.8,556.2,311,32.9,Low-End,Poor,Tamil Nadu
Knowledge Distillation,ResNet50,Education,87.6,86.7,7.8,5.2,209.7,128.5,12.9,Low-End,Good,Andhra Pradesh
Weight Sharing,MobileNetV2,Education,86.3,83.7,5,2.3,537.8,299.5,35.3,Mid-Range,Moderate,Rajasthan
Pruning,EfficientNet,Education,92.4,90,6,3.3,199,152.8,14.7,Mid-Range,Poor,West Bengal
Quantization,ResNet50,Agriculture,88.9,86.8,59.8,41.5,307.4,216.5,32.1,Mid-Range,Moderate,Assam
Knowledge Distillation,SqueezeNet,Education,89.2,88,99.7,40.6,284.6,185.6,16.5,Mid-Range,Good,Chhattisgarh
Weight Sharing,EfficientNet,Healthcare,89.6,88.4,25.8,15.4,330.1,263.5,23.1,Low-End,Moderate,Bihar
Pruning,EfficientNet,Agriculture,92.3,91.6,4.2,2.3,444,293.1,33.8,Low-End,Moderate,Chhattisgarh
Quantization,ResNet50,Education,89.7,87,22.7,14.8,426.1,265.4,15.9,Mid-Range,Poor,West Bengal
Knowledge Distillation,ResNet18,Healthcare,83.3,80.7,62.1,25.9,356.3,227.6,22.7,Mid-Range,Good,Manipur
Weight Sharing,ResNet50,Agriculture,92.6,91.5,63.8,28.1,598.9,344.7,14.3,Low-End,Moderate,West Bengal
Pruning,MobileNet,Agriculture,90.8,88.2,42.8,14.9,272.1,155.1,23.3,Low-End,Good,Odisha
Quantization,ResNet18,Healthcare,86.1,83.8,13.9,7.3,571.8,373.8,26.2,Mid-Range,Moderate,Tamil Nadu
Knowledge Distillation,ResNet18,Healthcare,92.3,89.9,67.9,41.1,157.1,79.2,36.8,Mid-Range,Moderate,Chhattisgarh
Weight Sharing,MobileNet,Agriculture,86,85.3,56.4,20.2,343.1,228.1,27.1,Low-End,Moderate,Chhattisgarh
Pruning,ResNet18,Healthcare,87.3,85.6,94.9,52.1,513.2,365.4,17.6,Low-End,Moderate,Rajasthan
Quantization,MobileNetV2,Healthcare,88,87.4,55,18.1,589.8,378.1,27.8,Mid-Range,Good,West Bengal
Knowledge Distillation,EfficientNet,Healthcare,84.4,83.7,74.7,27.1,392.8,302,21.9,Mid-Range,Moderate,Andhra Pradesh
Weight Sharing,SqueezeNet,Agriculture,92.2,89.8,32,15.8,320.7,199.2,33.2,Mid-Range,Moderate,West Bengal
Pruning,ResNet50,Agriculture,85.3,82.7,36.5,14.1,548.8,387.2,39.4,Mid-Range,Poor,Madhya Pradesh
Quantization,EfficientNet,Agriculture,92.1,91,11.1,6.2,155.9,105.9,12.2,Mid-Range,Good,Bihar
Knowledge Distillation,MobileNetV2,Agriculture,91.9,90.9,8.6,4.3,325.6,260.1,33.7,Low-End,Good,Manipur
Weight Sharing,ResNet50,Education,87.8,87.1,96.5,57.9,228.9,124.3,14.7,Mid-Range,Moderate,Chhattisgarh
Pruning,EfficientNet,Education,92.5,91.6,13.6,5.6,157.3,107.3,25.3,Mid-Range,Good,Rajasthan
Quantization,ResNet50,Education,85.2,84.6,63.2,24.9,508.1,350.2,11,Mid-Range,Good,Manipur
Knowledge Distillation,ResNet18,Education,83.4,82.9,64.5,20,406.7,299.8,15.7,Mid-Range,Moderate,Rajasthan
Weight Sharing,SqueezeNet,Education,89.8,88.5,56.7,38.6,530.1,418.8,13.3,Mid-Range,Moderate,Uttar Pradesh
Pruning,ResNet50,Education,85.9,84.6,57.4,38.5,272.3,209.8,27.3,Low-End,Moderate,Odisha
Quantization,ResNet18,Healthcare,88.2,86.8,20.9,11.1,367.7,287.7,26.7,Low-End,Poor,Andhra Pradesh
Knowledge Distillation,MobileNet,Education,89.8,87.9,96.2,36.3,191.5,118.2,38.9,Mid-Range,Good,Manipur
Weight Sharing,MobileNetV2,Education,89.9,87.1,63,38.7,412,228.2,25.3,Low-End,Poor,West Bengal
Pruning,ResNet18,Healthcare,84.5,83.7,9.1,3.4,212.5,139.2,20.2,Low-End,Good,Odisha
Quantization,EfficientNet,Healthcare,88.2,87.5,29.7,19.4,541.7,331.7,19.1,Mid-Range,Moderate,Chhattisgarh
Knowledge Distillation,ResNet18,Agriculture,85,83,41.7,25.3,392.5,203.2,16.7,Mid-Range,Moderate,Chhattisgarh
Weight Sharing,EfficientNet,Agriculture,83.7,81.3,98.2,57.2,306.9,241.4,30.4,Mid-Range,Moderate,Chhattisgarh
Pruning,MobileNetV2,Education,89.7,87,86.6,38.1,303.5,168.9,35.5,Mid-Range,Good,Jharkhand
Quantization,ResNet18,Healthcare,88.1,87.3,90,27.2,371.2,244.3,20.3,Low-End,Good,Assam
Knowledge Distillation,SqueezeNet,Agriculture,92,90.9,44.7,21.8,366.4,282.8,22.3,Low-End,Poor,Manipur
Weight Sharing,SqueezeNet,Education,85.9,85.1,37.5,25.6,460.9,349.4,19.1,Mid-Range,Moderate,Jharkhand
Pruning,ResNet18,Agriculture,93.9,93,39.3,17.2,174.2,131.6,37.9,Low-End,Moderate,Jharkhand
Quantization,EfficientNet,Agriculture,91.5,90.8,18.1,11.1,445.9,234.1,26.4,Low-End,Good,Chhattisgarh
Knowledge Distillation,MobileNet,Healthcare,94,91.7,96.9,62,461.5,240.9,23.5,Low-End,Good,Assam
Weight Sharing,SqueezeNet,Healthcare,89.8,87,11.2,7.6,519,288.7,36.4,Low-End,Moderate,Tamil Nadu
Pruning,ResNet50,Healthcare,88.6,87.5,34.8,17.8,503.1,388.6,39.2,Mid-Range,Moderate,Manipur
Quantization,MobileNetV2,Agriculture,86.2,83.5,93.3,46.2,473.7,289.5,27.4,Low-End,Poor,Jharkhand
Knowledge Distillation,EfficientNet,Agriculture,90.3,87.8,42.5,20.9,378.3,261.7,23.4,Mid-Range,Good,Jharkhand
Weight Sharing,MobileNet,Healthcare,89,87.6,35.7,22.2,384.3,250.5,19.8,Low-End,Poor,Rajasthan
Pruning,MobileNet,Education,86.3,84.2,43.3,16.8,447.7,302.1,34.1,Low-End,Poor,Tamil Nadu
Quantization,MobileNet,Healthcare,87.9,86,81.8,37.5,298.9,198.6,18.1,Mid-Range,Good,Andhra Pradesh
Knowledge Distillation,ResNet50,Agriculture,91.9,90.8,54.8,22.9,523.5,328,11.3,Low-End,Moderate,Madhya Pradesh
Weight Sharing,MobileNet,Education,92,90.2,84.8,25.7,337.6,214.6,39.1,Low-End,Good,West Bengal
Pruning,EfficientNet,Healthcare,85.2,82.4,43.2,23,231.8,128.1,17.6,Mid-Range,Poor,West Bengal
Quantization,MobileNetV2,Agriculture,92,91.4,55.3,38.5,554.2,351.4,21.3,Mid-Range,Moderate,Madhya Pradesh
Knowledge Distillation,MobileNetV2,Healthcare,85.9,84.1,79.1,34.1,466.7,254.7,32.2,Low-End,Moderate,Madhya Pradesh
Weight Sharing,EfficientNet,Education,86,84.1,4.5,2.8,247.8,128.8,31.3,Mid-Range,Moderate,Rajasthan
Pruning,SqueezeNet,Healthcare,86.8,85.7,11,4.5,153.1,87.8,30.7,Low-End,Moderate,Madhya Pradesh
Quantization,EfficientNet,Agriculture,92.4,89.5,62.7,43.6,501.5,296.9,32.1,Mid-Range,Good,Bihar
Knowledge Distillation,ResNet50,Healthcare,89.1,86.6,83.2,48.9,359.9,187.6,29.5,Mid-Range,Poor,Assam
Weight Sharing,EfficientNet,Education,88.2,87.5,97.2,60.1,293.3,213.6,27.4,Mid-Range,Poor,Madhya Pradesh
Pruning,MobileNet,Education,93.8,92.3,71.8,49.9,365.6,186.5,16.4,Low-End,Moderate,Chhattisgarh
Quantization,MobileNetV2,Education,91.3,90.1,89,36.8,260.1,144.3,24.6,Mid-Range,Poor,West Bengal
Knowledge Distillation,MobileNetV2,Agriculture,92.4,91.5,61.2,19.6,470.5,341.8,16.8,Low-End,Poor,Assam
Weight Sharing,ResNet18,Education,92.3,91.1,29.2,11.6,370.2,215.2,39.7,Low-End,Poor,West Bengal
Pruning,SqueezeNet,Healthcare,88,87.3,89.1,48.5,527.2,379.8,36,Mid-Range,Good,Jharkhand
Quantization,SqueezeNet,Healthcare,84.9,83.5,79.8,53.6,176.3,94.4,12.4,Low-End,Good,Bihar
Knowledge Distillation,ResNet18,Education,93.8,92.8,15.5,5.9,335,250.1,29.1,Mid-Range,Poor,Rajasthan
Weight Sharing,MobileNetV2,Agriculture,91.5,88.9,74.4,22.5,324.3,171,32.1,Low-End,Moderate,Bihar
Pruning,SqueezeNet,Education,86.3,83.3,94.8,60.2,554.2,361.2,22.9,Mid-Range,Good,Chhattisgarh
Quantization,MobileNetV2,Agriculture,83.3,81.7,7.7,4.6,159.4,83.3,17.6,Low-End,Poor,Jharkhand
Knowledge Distillation,ResNet18,Education,93.5,91.2,36.9,23.5,380.5,243,33.8,Low-End,Good,Chhattisgarh
Weight Sharing,ResNet18,Healthcare,92.7,91.3,55,33.2,180.2,139.6,16.9,Mid-Range,Poor,Madhya Pradesh
Pruning,ResNet50,Healthcare,83.1,80.6,42.9,23.8,269.5,172.7,10,Low-End,Good,Bihar
Quantization,ResNet50,Agriculture,89.7,89.1,47.4,25.9,591.1,309.8,24.3,Mid-Range,Poor,Andhra Pradesh
Knowledge Distillation,MobileNet,Education,92.9,92,86.8,59.2,533.8,400.3,18.6,Low-End,Poor,Andhra Pradesh
Weight Sharing,ResNet50,Education,86.3,84.4,8.8,5.1,494,386.9,22.4,Mid-Range,Poor,Odisha
Pruning,MobileNetV2,Education,92,90.7,50.2,15.8,240.7,139,17,Mid-Range,Moderate,Madhya Pradesh
Quantization,ResNet18,Education,83.5,80.8,54.2,22.9,322.3,213.3,38.3,Mid-Range,Moderate,Manipur
Knowledge Distillation,MobileNetV2,Education,89.6,86.9,97.8,36.9,166.1,105.3,29.3,Mid-Range,Moderate,Odisha
Weight Sharing,ResNet50,Healthcare,92.1,89.7,42.1,14.4,537.8,332.7,33.9,Mid-Range,Good,Uttar Pradesh
Pruning,ResNet50,Healthcare,87.7,86.3,19.6,13.1,302,196,17.1,Low-End,Moderate,Assam
Quantization,MobileNetV2,Education,84.6,82.8,74.9,43,159.8,125.4,34.6,Low-End,Good,Tamil Nadu
Knowledge Distillation,SqueezeNet,Healthcare,91,88.6,64,37.7,342.2,202.1,39.8,Mid-Range,Moderate,West Bengal
Weight Sharing,MobileNetV2,Agriculture,85.4,82.5,32.9,11.4,402.4,259.8,15.8,Low-End,Good,Uttar Pradesh
Pruning,EfficientNet,Education,92.2,91.1,47.4,31.2,214.4,133.1,12.1,Mid-Range,Good,Odisha
Quantization,SqueezeNet,Agriculture,92.6,90.7,22,7.6,329.4,211.2,14,Mid-Range,Good,Manipur
Knowledge Distillation,ResNet18,Education,85.3,82.7,5.9,2.9,375.6,223.2,17.9,Mid-Range,Moderate,West Bengal
Weight Sharing,MobileNet,Healthcare,91.4,89.3,94.1,34,450.7,302.9,12.6,Mid-Range,Poor,Andhra Pradesh
Pruning,ResNet18,Healthcare,83.9,83.1,14.4,9.6,496,358,33.5,Low-End,Good,Madhya Pradesh
Quantization,EfficientNet,Education,86.3,85.1,10.7,5.5,223.5,131.8,11.1,Low-End,Poor,West Bengal
Knowledge Distillation,ResNet18,Education,91.3,89.9,76.9,44.3,283.2,214.7,28.1,Low-End,Poor,Chhattisgarh
Weight Sharing,MobileNetV2,Healthcare,85.2,84.6,28.3,18.6,540.8,388.4,33.2,Low-End,Poor,Chhattisgarh
Pruning,ResNet18,Healthcare,88.6,86.4,68.1,21.2,183.5,131.9,27.6,Low-End,Good,Rajasthan
Quantization,SqueezeNet,Healthcare,87.3,86.8,31.1,16.4,417.1,298.8,15.3,Mid-Range,Moderate,Bihar
Knowledge Distillation,ResNet18,Healthcare,86.5,85,65.9,40.2,304.9,211.2,29.9,Mid-Range,Poor,Andhra Pradesh
Weight Sharing,EfficientNet,Agriculture,86.6,85.7,20.9,12.3,211,157.6,14.2,Low-End,Moderate,West Bengal
Pruning,MobileNet,Education,93.6,92.4,53.5,32.8,159.8,94.9,25.3,Low-End,Poor,Odisha
Quantization,SqueezeNet,Healthcare,90.7,89.4,74,28.6,387.9,250.6,21.1,Low-End,Good,Odisha
Knowledge Distillation,SqueezeNet,Agriculture,83.9,82.3,39.8,16.7,209.3,109,37,Mid-Range,Good,Madhya Pradesh
Weight Sharing,ResNet18,Agriculture,83.5,81.2,83.4,27,552.8,364.1,18.8,Low-End,Poor,Chhattisgarh
Pruning,ResNet18,Healthcare,86.1,84.3,80.3,30.3,553.1,421.1,31.6,Mid-Range,Good,West Bengal
Quantization,MobileNetV2,Agriculture,87.1,85.3,27.6,14.7,303.7,239.8,36.5,Low-End,Poor,Andhra Pradesh
Knowledge Distillation,ResNet18,Education,93,92.2,65.2,45.3,221.9,122,19.5,Low-End,Moderate,West Bengal
Weight Sharing,MobileNet,Healthcare,86.8,85,45.8,15.7,450.7,263.7,21.5,Mid-Range,Good,Uttar Pradesh
Pruning,SqueezeNet,Agriculture,92.1,89.4,12.7,3.9,517.9,359.3,20,Low-End,Good,Madhya Pradesh
Quantization,ResNet18,Agriculture,86.2,83.5,52.4,34.4,502,290.1,23.1,Low-End,Poor,Rajasthan
Knowledge Distillation,SqueezeNet,Education,87.3,85,15.2,10.6,401.8,207,28.7,Mid-Range,Good,Madhya Pradesh
Weight Sharing,ResNet18,Agriculture,92.7,90.3,89.7,30.1,334.2,176.8,27.5,Low-End,Good,Madhya Pradesh
Pruning,EfficientNet,Education,85.2,84.2,38.4,24.9,329.4,257.9,38.2,Low-End,Poor,Andhra Pradesh
Quantization,EfficientNet,Agriculture,83.6,81,37.1,25.5,291.7,150.9,35.6,Mid-Range,Good,West Bengal
Knowledge Distillation,EfficientNet,Education,83.8,82.7,99.6,65.6,330.4,246.2,31.9,Mid-Range,Moderate,Jharkhand
Weight Sharing,EfficientNet,Education,86.7,84.6,97.5,32.9,277.7,167.2,28.2,Mid-Range,Poor,Uttar Pradesh
Pruning,SqueezeNet,Healthcare,85.6,83.9,74.5,28.9,532,421.4,25.8,Low-End,Poor,West Bengal
Quantization,MobileNet,Education,83.3,81.8,58.4,36.9,344.8,175.8,17.1,Mid-Range,Moderate,Rajasthan
Knowledge Distillation,ResNet18,Healthcare,84.9,84.1,34.3,20.1,285.6,225.4,34,Low-End,Good,Madhya Pradesh
Weight Sharing,EfficientNet,Healthcare,91.1,89.8,64.8,40.7,252,159.2,33.6,Low-End,Poor,West Bengal
Pruning,ResNet50,Agriculture,91.2,88.2,70.7,23.1,503.5,380.2,18.2,Mid-Range,Moderate,Madhya Pradesh
Quantization,ResNet18,Agriculture,92.4,90.8,43.9,23.2,246.9,147.7,13.4,Mid-Range,Good,Manipur
Knowledge Distillation,EfficientNet,Agriculture,83.4,81.2,94.6,64.7,431.4,342.6,35.6,Mid-Range,Poor,Assam
Weight Sharing,ResNet18,Healthcare,84.2,83.2,64.3,43.1,372,230.4,34,Low-End,Good,West Bengal
Pruning,ResNet50,Education,88.6,86.3,29.2,19.7,301.3,180.1,29.8,Low-End,Good,Odisha
Quantization,ResNet18,Education,84.5,82.3,97.7,45.6,217.8,118.8,35.6,Mid-Range,Moderate,Madhya Pradesh
Knowledge Distillation,ResNet18,Healthcare,86.7,85.7,33.5,12.6,356.3,232.2,39.3,Low-End,Poor,Rajasthan
Weight Sharing,ResNet18,Agriculture,87.9,86.2,7.9,4.8,521.2,348.4,21.4,Low-End,Poor,Madhya Pradesh
Pruning,MobileNet,Healthcare,93.3,92.3,9.9,3.7,379.7,198.7,30.1,Low-End,Moderate,Rajasthan
Quantization,ResNet18,Agriculture,86.4,84.9,13.6,4.9,366.4,276.1,20.7,Mid-Range,Good,Andhra Pradesh
Knowledge Distillation,EfficientNet,Education,86.2,85.2,57.8,32.3,261.7,186.7,18.8,Mid-Range,Good,Uttar Pradesh
Weight Sharing,EfficientNet,Education,87.2,84.8,40.4,28,253.2,146.5,17.7,Low-End,Poor,Andhra Pradesh
Pruning,MobileNetV2,Education,84.2,82.4,53,27.3,559.3,406.7,34.1,Mid-Range,Good,Jharkhand
Quantization,SqueezeNet,Healthcare,84.2,82.9,8.2,3.7,152.4,97.9,13.6,Mid-Range,Poor,Bihar
Knowledge Distillation,EfficientNet,Healthcare,87.9,86.9,5.2,2.1,189.6,99.8,10.6,Mid-Range,Poor,Rajasthan
Weight Sharing,MobileNet,Education,85.8,83.8,58.1,19.4,578.6,387.6,13.2,Low-End,Good,Rajasthan
Pruning,ResNet50,Healthcare,92.7,91.3,63.1,20.6,198.2,137.6,21.5,Mid-Range,Good,Andhra Pradesh
Quantization,MobileNet,Education,90.5,89.7,74.8,48.7,523.1,328.7,21.5,Mid-Range,Good,Odisha
Knowledge Distillation,ResNet50,Education,84.3,83.6,80.2,46.4,217.7,169.8,37.1,Mid-Range,Good,Uttar Pradesh
Weight Sharing,ResNet18,Agriculture,91.4,90,44.4,17.7,281,180.3,16.6,Mid-Range,Moderate,Tamil Nadu
Pruning,ResNet50,Education,88.4,86.3,34,10.5,477.7,308.3,23.2,Low-End,Moderate,Assam
Quantization,SqueezeNet,Agriculture,83.8,82.4,30.8,11.4,422.8,257.7,17.3,Low-End,Good,Odisha
Knowledge Distillation,SqueezeNet,Education,90.4,88.3,59.5,27.7,258.6,205.2,34.9,Mid-Range,Good,Jharkhand
Weight Sharing,EfficientNet,Healthcare,83.2,80.6,15.4,7.8,321.8,199.2,34.5,Mid-Range,Poor,Tamil Nadu
Pruning,MobileNet,Agriculture,83.1,82.6,11.7,7.7,336.4,227.4,13.6,Low-End,Moderate,Uttar Pradesh
Quantization,EfficientNet,Education,84.7,84,94.9,53.2,546.7,363.3,12.4,Low-End,Moderate,West Bengal
Knowledge Distillation,SqueezeNet,Agriculture,89.2,88.5,92.3,47.1,222.8,164.7,24.6,Mid-Range,Moderate,Andhra Pradesh
Weight Sharing,MobileNetV2,Healthcare,89.9,88.7,12,8.1,395.3,265.6,21.4,Mid-Range,Poor,Andhra Pradesh
Pruning,EfficientNet,Healthcare,87.9,85.2,95.8,53,286.1,169.9,14.4,Mid-Range,Moderate,West Bengal
Quantization,SqueezeNet,Education,85.6,83.8,94.9,54.3,518.3,389.7,25.4,Low-End,Moderate,Uttar Pradesh
Knowledge Distillation,ResNet18,Healthcare,90.9,88.6,84.3,56.2,242,125.6,16.1,Mid-Range,Poor,Chhattisgarh
Weight Sharing,EfficientNet,Healthcare,87.4,86.6,20.7,10.3,276.7,213.1,39.2,Low-End,Poor,Rajasthan
Pruning,ResNet18,Education,87.9,86.1,60,26.7,467.2,360.4,34.8,Mid-Range,Good,Madhya Pradesh
Quantization,ResNet50,Education,86.7,83.8,11.8,4.9,383.1,289.8,15.5,Low-End,Poor,Assam
Knowledge Distillation,SqueezeNet,Agriculture,89,86.5,27.6,17.7,258.4,186,29.7,Mid-Range,Good,Jharkhand
Weight Sharing,MobileNetV2,Education,92.3,90.7,87.5,57.9,244.8,164.9,31.1,Mid-Range,Good,Uttar Pradesh
Pruning,MobileNet,Education,91.3,89.9,80.8,32.4,362.5,241.2,26.7,Low-End,Moderate,Assam
Quantization,MobileNet,Education,93.1,90.9,41.1,28.3,239.2,160.2,30.6,Low-End,Moderate,Chhattisgarh
Knowledge Distillation,EfficientNet,Agriculture,88,86.9,23.1,8.6,212.4,108.3,34.2,Low-End,Poor,Madhya Pradesh
Weight Sharing,MobileNetV2,Education,85.6,84.8,79,46.2,576.3,428.5,39.6,Low-End,Moderate,Manipur
Pruning,ResNet50,Education,86,85.1,8.3,3.9,319,161.3,36.7,Mid-Range,Moderate,Rajasthan
Quantization,SqueezeNet,Agriculture,90.1,89.2,19.5,6.6,520.6,332.6,27.1,Low-End,Poor,Odisha
Knowledge Distillation,ResNet18,Agriculture,85.7,85.2,97.5,52.6,435.6,236.2,16.2,Mid-Range,Moderate,Rajasthan
Weight Sharing,SqueezeNet,Education,86.7,84.9,48.6,14.7,225.7,122.8,39.5,Mid-Range,Poor,Jharkhand
Pruning,MobileNetV2,Agriculture,87.8,86.7,87.3,37.1,440,255.9,33.1,Mid-Range,Good,Bihar
Quantization,ResNet18,Agriculture,83.7,82.7,52.6,34.6,250.4,132.1,33.7,Low-End,Poor,Andhra Pradesh
Knowledge Distillation,EfficientNet,Agriculture,84.3,82.5,24.1,9.1,439.2,240.1,39.5,Low-End,Moderate,Odisha
Weight Sharing,EfficientNet,Agriculture,87.7,84.7,69.1,32.1,476.3,357.8,35,Low-End,Poor,Tamil Nadu
Pruning,ResNet50,Healthcare,88.4,86.3,79,31,305.3,171.8,21.4,Mid-Range,Moderate,Odisha
Quantization,ResNet50,Education,87.1,84.7,87.9,59.9,538.5,350.8,18.8,Mid-Range,Moderate,Chhattisgarh
Knowledge Distillation,SqueezeNet,Healthcare,83.5,82.8,12.4,3.9,569.3,312.9,11.5,Mid-Range,Poor,Odisha
Weight Sharing,ResNet50,Education,85,84.1,56,38.9,481.5,311.9,20.8,Mid-Range,Good,Odisha
Pruning,ResNet50,Agriculture,89,87.3,49.6,31.3,400.7,307.1,23.2,Low-End,Good,Odisha
Quantization,EfficientNet,Education,87.4,85.5,20.9,12.2,488.2,278.7,27.3,Mid-Range,Moderate,Uttar Pradesh
Knowledge Distillation,ResNet50,Healthcare,92.5,89.6,15.6,7.9,167.8,102.8,39.7,Mid-Range,Poor,Manipur
Weight Sharing,SqueezeNet,Agriculture,84.3,82.6,59,24.8,291,151.8,22.4,Low-End,Moderate,Rajasthan
Pruning,ResNet18,Healthcare,90.9,89.1,25.6,8.5,408.4,317.8,28,Low-End,Good,West Bengal
Quantization,ResNet18,Education,87.8,86.8,97.3,61.5,276.3,200.2,14.8,Mid-Range,Good,Uttar Pradesh
Knowledge Distillation,ResNet50,Education,89.8,87.6,82.6,39,416.6,285.7,35.6,Low-End,Moderate,Andhra Pradesh
Weight Sharing,MobileNetV2,Healthcare,89.1,86.8,69.6,30.5,535.2,273,38.2,Low-End,Good,Jharkhand
Pruning,ResNet50,Healthcare,84.5,83.7,10.8,3.8,550.8,330.3,38.1,Low-End,Good,Odisha
Quantization,EfficientNet,Healthcare,86.1,85.3,5.9,3.7,216,127.9,30.7,Low-End,Moderate,West Bengal
Knowledge Distillation,SqueezeNet,Healthcare,89.2,88.6,63.8,30.3,480.8,339.2,11.3,Low-End,Good,Rajasthan
Weight Sharing,SqueezeNet,Healthcare,92,90.3,40.5,25.1,559.4,368.4,15,Low-End,Good,Rajasthan
Pruning,EfficientNet,Healthcare,89.4,88.5,47.7,31.8,366.2,262.4,19.2,Low-End,Good,Manipur
Quantization,MobileNet,Agriculture,85.7,83.8,86.7,27.1,599.7,459.8,14.6,Mid-Range,Poor,Andhra Pradesh
Knowledge Distillation,ResNet18,Education,86.7,84,78.1,42.6,176.1,113,30.8,Low-End,Poor,Rajasthan
Weight Sharing,SqueezeNet,Education,89.9,87.7,53.1,22.4,492.4,279.8,23.9,Mid-Range,Moderate,Manipur
Pruning,MobileNetV2,Agriculture,92.2,90.4,52.7,22,182.9,134.6,39.5,Low-End,Good,Manipur
Quantization,MobileNet,Healthcare,93.7,92.1,5.6,3.2,406.5,214.8,39.6,Mid-Range,Good,Chhattisgarh
Knowledge Distillation,ResNet50,Healthcare,84.3,82.7,49.7,34.2,484.1,254.9,36.8,Mid-Range,Moderate,Assam
Weight Sharing,ResNet50,Agriculture,89.5,88.8,92.5,29.8,185.4,136,18,Low-End,Moderate,Rajasthan
Pruning,MobileNet,Agriculture,84.2,81.4,48.3,33.2,463,257,32.2,Low-End,Moderate,Assam
Quantization,ResNet50,Education,84.4,83,96.1,34.3,155.8,118.8,22.3,Low-End,Good,West Bengal
Knowledge Distillation,MobileNet,Healthcare,89.6,87.5,59.9,18.6,242.7,149.7,11.3,Low-End,Poor,Andhra Pradesh
Weight Sharing,ResNet18,Education,93.7,92.6,53.7,30.4,564.3,340.4,39,Mid-Range,Moderate,Tamil Nadu
Pruning,SqueezeNet,Education,90.8,89.8,51.9,21.3,267.4,159.7,19.8,Low-End,Moderate,Tamil Nadu
Quantization,EfficientNet,Education,85.6,84.9,91.3,40.2,175.3,127.8,20.4,Low-End,Moderate,Bihar
Knowledge Distillation,MobileNetV2,Healthcare,87.4,86.8,64.9,21.3,192.8,121.1,19.5,Low-End,Moderate,Chhattisgarh
Weight Sharing,EfficientNet,Education,87.1,84.6,70.4,21.2,536,361.5,27.8,Low-End,Moderate,Madhya Pradesh
Pruning,EfficientNet,Healthcare,85.1,83.4,43.5,17.1,378.6,266.2,23.6,Low-End,Poor,Odisha
Quantization,MobileNet,Agriculture,84.2,82.6,6.1,4.3,357.5,273.5,18.7,Mid-Range,Moderate,Assam
Knowledge Distillation,SqueezeNet,Education,83.9,81,41,13.4,252,152.2,32,Low-End,Good,Odisha
Weight Sharing,EfficientNet,Healthcare,92.8,92.1,47.3,23.5,507.1,319.2,37.1,Mid-Range,Good,Uttar Pradesh
Pruning,MobileNet,Agriculture,84,83,54.3,17.8,218.6,173.3,18,Mid-Range,Moderate,Andhra Pradesh
Quantization,SqueezeNet,Education,86.2,83.7,74.5,39.4,312.4,242.8,25.2,Mid-Range,Good,Assam
Knowledge Distillation,MobileNet,Agriculture,83.1,81,27,12.6,389.4,304.8,33.7,Low-End,Moderate,Tamil Nadu
Weight Sharing,ResNet18,Healthcare,83.6,81.4,84.2,29,438.4,312,29.6,Low-End,Moderate,Uttar Pradesh
Pruning,MobileNet,Healthcare,83.1,82.4,13.1,6.4,527.3,406.2,30.6,Low-End,Poor,Rajasthan
Quantization,ResNet50,Agriculture,91.7,89.7,51.5,21.7,340.8,257.6,39.7,Mid-Range,Moderate,Jharkhand
Knowledge Distillation,ResNet18,Education,91.8,90.8,79.1,27.9,266,188.6,38.5,Mid-Range,Moderate,Andhra Pradesh
Weight Sharing,ResNet50,Education,89.5,88.1,68.4,24.3,522.1,347.8,37.8,Mid-Range,Poor,Uttar Pradesh
Pruning,SqueezeNet,Education,88,86.9,96.4,39.5,466.1,319.3,38.8,Low-End,Good,Rajasthan
Quantization,MobileNetV2,Education,90.4,87.5,47.1,23.9,521.2,295.6,29.9,Mid-Range,Moderate,Odisha
Knowledge Distillation,MobileNet,Agriculture,86.2,85.3,37.8,22.7,541.2,411.5,17.3,Mid-Range,Poor,Rajasthan
Weight Sharing,EfficientNet,Education,92.6,90.6,95.1,52.8,165.8,129,38.1,Low-End,Poor,Tamil Nadu
Pruning,EfficientNet,Education,93.8,92.4,97.5,37.2,549.7,363.8,35.5,Low-End,Poor,Rajasthan
Quantization,ResNet50,Education,88.4,86.4,94.1,61.7,344.4,212.5,37.6,Mid-Range,Moderate,Jharkhand
Knowledge Distillation,SqueezeNet,Agriculture,88.2,85.7,54.4,22.4,251.4,157.8,39.8,Mid-Range,Moderate,Chhattisgarh
Weight Sharing,ResNet18,Healthcare,88.4,85.9,27.6,15.8,467.6,308.6,18.3,Mid-Range,Moderate,Jharkhand
Pruning,ResNet50,Education,92,90.7,50.2,26.3,499.1,382,14,Low-End,Good,West Bengal
Quantization,EfficientNet,Agriculture,84.7,84.1,28.4,9.9,216.8,163.8,19.2,Low-End,Poor,Assam
Knowledge Distillation,ResNet18,Education,91.5,90.3,60.1,40.2,304.5,225.9,35.8,Mid-Range,Poor,West Bengal
Weight Sharing,ResNet18,Education,83.5,81.7,37.6,23.2,498.2,280.8,27,Mid-Range,Good,Uttar Pradesh
Pruning,ResNet18,Education,89.6,87.6,10.3,3.4,182,91.7,23.9,Mid-Range,Poor,Rajasthan
Quantization,ResNet50,Agriculture,93.1,90.7,92.5,42.5,463.4,265.6,38.3,Mid-Range,Good,West Bengal
Knowledge Distillation,ResNet50,Agriculture,93.5,92.3,25.5,13,474,302.6,32.2,Low-End,Poor,Rajasthan
Weight Sharing,MobileNet,Agriculture,93.5,91.4,57.5,19.5,408,302,31,Low-End,Moderate,Uttar Pradesh
Pruning,ResNet50,Education,86.4,83.8,75.2,46.1,537.5,389.8,38.1,Mid-Range,Good,Tamil Nadu
Quantization,ResNet50,Agriculture,86,83.8,52.3,16.5,176.9,122.6,26.1,Low-End,Poor,Manipur
Knowledge Distillation,MobileNetV2,Healthcare,90.1,87.4,60.4,23.6,187.7,106,12.4,Mid-Range,Poor,Jharkhand
Weight Sharing,EfficientNet,Education,85.4,84.5,45.5,30.7,378.4,200.1,34.9,Mid-Range,Good,Bihar
Pruning,SqueezeNet,Healthcare,88.6,86.2,33,18.7,320.3,189.2,37.2,Mid-Range,Moderate,West Bengal
Quantization,MobileNet,Agriculture,92.7,90.8,83.2,25.6,262.3,152.3,11.9,Mid-Range,Poor,Chhattisgarh
Knowledge Distillation,MobileNetV2,Education,86.1,85.1,96.1,49.5,194.3,122.5,34.8,Mid-Range,Good,Tamil Nadu
Weight Sharing,MobileNetV2,Education,88.7,88,76.9,24,268.9,150.8,23.9,Mid-Range,Moderate,Odisha
Pruning,ResNet50,Education,88.8,86.5,30.8,10.6,531.3,272.5,30.9,Low-End,Poor,Odisha
Quantization,EfficientNet,Agriculture,84,81.9,70.1,28.7,164.4,118.4,15.4,Mid-Range,Good,Tamil Nadu
Knowledge Distillation,MobileNetV2,Agriculture,86.7,86.1,54.6,30.1,588.6,332.5,32,Low-End,Poor,Odisha
Weight Sharing,MobileNetV2,Healthcare,84.2,83,46.4,17.7,431.7,255.3,25.8,Low-End,Moderate,Uttar Pradesh
Pruning,SqueezeNet,Agriculture,90.7,90,87.2,60.6,212.8,121.2,28.1,Mid-Range,Poor,Andhra Pradesh
Quantization,EfficientNet,Healthcare,90.8,89.6,8.7,4.5,438.6,278.6,31.4,Low-End,Good,Chhattisgarh
Knowledge Distillation,ResNet18,Education,85.1,83.9,70.2,48.8,506.5,311.8,39.7,Low-End,Poor,Manipur
Weight Sharing,MobileNetV2,Education,88.4,86.5,8.2,5.4,567.6,429.4,33.3,Low-End,Poor,Madhya Pradesh
Pruning,MobileNetV2,Education,88,86.8,69.8,30.1,219.3,163.2,25.1,Low-End,Moderate,Bihar
Quantization,MobileNet,Education,90.5,89,83,46.2,187.1,120.8,39.3,Low-End,Good,Assam
Knowledge Distillation,MobileNet,Agriculture,91.8,89,23.1,13.4,194.6,121,28,Mid-Range,Good,Rajasthan
Weight Sharing,MobileNet,Healthcare,84.7,81.7,34.8,15.5,223.5,124.3,36.2,Mid-Range,Moderate,Tamil Nadu
Pruning,MobileNet,Agriculture,87.6,87,59.6,29.5,523.2,306,23.3,Mid-Range,Moderate,Manipur
Quantization,MobileNetV2,Education,89.8,88.9,25.6,10.1,593,461.1,13.8,Low-End,Poor,Bihar
Knowledge Distillation,ResNet50,Agriculture,90.3,89.6,59.5,36,179.6,120.5,20.5,Mid-Range,Good,Manipur
Weight Sharing,ResNet18,Healthcare,91.2,88.4,58.3,35.5,277.9,170.7,35.9,Mid-Range,Good,Madhya Pradesh
Pruning,EfficientNet,Healthcare,83.2,82.5,41.1,22.4,598.2,321.3,15.6,Mid-Range,Moderate,Chhattisgarh
Quantization,EfficientNet,Healthcare,89.2,86.2,46.3,20.2,576.6,444.6,21,Low-End,Poor,Uttar Pradesh
Knowledge Distillation,MobileNetV2,Education,90.9,89.7,41.5,20.7,332.6,187.8,19.4,Mid-Range,Moderate,Andhra Pradesh
Weight Sharing,ResNet18,Education,89.4,87.5,17.9,5.9,455.8,228,13.1,Mid-Range,Poor,Chhattisgarh
Pruning,MobileNetV2,Agriculture,91.2,88.7,98.9,31.8,426.8,279.7,13.2,Low-End,Good,Rajasthan
Quantization,EfficientNet,Healthcare,91.3,89.4,54.3,29.4,447,232.1,30.5,Low-End,Moderate,Madhya Pradesh
Knowledge Distillation,EfficientNet,Healthcare,84.4,82.3,80.3,28.7,372.5,260.4,16.9,Low-End,Good,Chhattisgarh
Weight Sharing,SqueezeNet,Agriculture,91.6,90.2,7.1,4.6,521.8,391.3,19.2,Mid-Range,Good,Rajasthan
Pruning,ResNet18,Healthcare,84.7,83.9,27.4,15.3,500.7,374.6,10.8,Mid-Range,Poor,Uttar Pradesh
Quantization,SqueezeNet,Agriculture,91.6,89.7,85.4,28.6,587,294,16.7,Mid-Range,Moderate,Manipur
Knowledge Distillation,MobileNet,Healthcare,93.8,93,17.4,7.5,164.8,90.9,33.9,Low-End,Poor,Uttar Pradesh
Weight Sharing,SqueezeNet,Healthcare,92.6,90.1,76.3,31,596.2,401.1,16.9,Low-End,Good,Bihar
Pruning,MobileNetV2,Education,88.1,86.8,7.9,2.8,322.8,229.7,30.3,Mid-Range,Moderate,Andhra Pradesh
Quantization,SqueezeNet,Healthcare,85.3,83.5,54.1,31.7,218.4,167.1,30.5,Mid-Range,Poor,Madhya Pradesh
Knowledge Distillation,ResNet18,Education,84.7,83.5,60.3,21.1,331.8,219.1,11.2,Low-End,Moderate,Rajasthan
Weight Sharing,EfficientNet,Healthcare,83.5,80.7,43.9,24.4,224.8,126.8,26.1,Low-End,Moderate,Tamil Nadu
Pruning,SqueezeNet,Healthcare,88.8,87.6,99.1,48.1,525.3,414.2,23.8,Mid-Range,Poor,Odisha
Quantization,EfficientNet,Education,87.8,87,71.3,43.1,278.1,172.7,31.6,Mid-Range,Poor,Bihar
Knowledge Distillation,MobileNet,Agriculture,84.7,83.2,64.5,24.4,198.1,147.9,28.4,Low-End,Moderate,West Bengal
Weight Sharing,SqueezeNet,Education,88.9,86.5,49.2,26,310.6,238.9,18,Low-End,Poor,Assam
Pruning,MobileNetV2,Education,85.8,83.6,71.9,36.9,243.9,189.8,13.3,Mid-Range,Moderate,Bihar
Quantization,MobileNet,Agriculture,87.9,86.2,53.9,36.6,558.4,391.4,19.7,Mid-Range,Poor,West Bengal
Knowledge Distillation,MobileNetV2,Agriculture,83,82.2,92.3,30,214.2,117.5,37.2,Mid-Range,Good,Uttar Pradesh
Weight Sharing,EfficientNet,Education,91,89.7,62.7,22.5,239.6,180.3,29.6,Mid-Range,Good,Chhattisgarh
Pruning,ResNet18,Education,85.8,84.3,91.7,57.1,280.8,165.8,37.9,Low-End,Good,Madhya Pradesh
Quantization,SqueezeNet,Agriculture,86,84.3,83.8,54.8,199.8,113.9,12.6,Low-End,Good,Tamil Nadu
Knowledge Distillation,ResNet18,Agriculture,85.5,83.6,22,8.8,560.6,348.3,15.9,Mid-Range,Good,Madhya Pradesh
Weight Sharing,MobileNetV2,Education,84.1,82.9,39.7,16.4,333,192.3,33.9,Mid-Range,Poor,Bihar
Pruning,ResNet50,Education,89.3,88.6,96.8,49.2,162.7,99.5,21.6,Mid-Range,Moderate,Madhya Pradesh
Quantization,MobileNet,Healthcare,90.6,88.1,73.4,40.7,533.3,412.2,24.1,Low-End,Good,Uttar Pradesh
Knowledge Distillation,MobileNetV2,Education,89.4,87.8,51.7,16,310.6,201.6,24.4,Low-End,Moderate,Tamil Nadu
Weight Sharing,MobileNet,Healthcare,89.2,88.4,13.4,5.3,168.2,130.1,36.1,Low-End,Poor,Rajasthan
Pruning,SqueezeNet,Education,90.2,89.5,25,10.2,538.7,298.6,10.5,Mid-Range,Moderate,Chhattisgarh
Quantization,MobileNetV2,Healthcare,86.6,84.3,79.1,24,437.2,293.9,20,Low-End,Poor,Tamil Nadu
Knowledge Distillation,MobileNetV2,Agriculture,90.3,88.5,16.2,5.5,206.5,133.2,13.7,Mid-Range,Moderate,Manipur
Weight Sharing,ResNet50,Education,86.9,86.1,97.2,55.8,454.5,274.3,19.1,Low-End,Poor,Chhattisgarh
Pruning,MobileNet,Healthcare,85.5,84,61.5,25.4,427.5,340.4,27.1,Mid-Range,Good,Assam
Quantization,EfficientNet,Agriculture,85.2,84.5,69.5,37.9,267.8,170.7,33.9,Low-End,Poor,Uttar Pradesh
Knowledge Distillation,SqueezeNet,Healthcare,90.7,88.1,86,51.3,264.7,192.7,15,Low-End,Moderate,Chhattisgarh
Weight Sharing,MobileNetV2,Education,87.2,84.4,67.5,34.8,396.2,240.9,29.9,Low-End,Good,Jharkhand
Pruning,MobileNet,Healthcare,83.5,80.5,83.5,50.1,540.2,397.4,15.5,Mid-Range,Poor,Odisha
Quantization,ResNet18,Education,89.5,88.5,31.2,18.9,238.6,183.6,20.8,Mid-Range,Good,Madhya Pradesh
Knowledge Distillation,MobileNetV2,Education,84.8,83.5,46.5,19.8,197.8,137.7,15.5,Mid-Range,Good,West Bengal
Weight Sharing,ResNet50,Education,88.4,87.7,99.3,33.7,500.8,322.8,30.2,Mid-Range,Good,Assam
Pruning,ResNet50,Agriculture,91.6,89.9,31.2,11.6,413.6,320.1,29.3,Low-End,Poor,Odisha
Quantization,EfficientNet,Education,91.7,89.3,77.2,25.7,595.8,394.2,21.8,Mid-Range,Good,Rajasthan
Knowledge Distillation,ResNet18,Healthcare,86.9,84.2,5.9,4,574.8,353.4,31.8,Low-End,Good,Odisha
Weight Sharing,SqueezeNet,Agriculture,83.4,82.1,63.8,24.6,329.4,190.4,33.6,Mid-Range,Moderate,Uttar Pradesh
Pruning,ResNet18,Education,85.7,84.4,8,3.2,517.8,264.5,17.8,Mid-Range,Good,Rajasthan
Quantization,ResNet50,Agriculture,92.7,90,63,42.8,244.5,141.5,14.8,Mid-Range,Moderate,West Bengal
